<?xml version="1.0"?>
<COLLADA xmlns="http://www.collada.org/2005/11/COLLADASchema" version="1.4.1">
	<asset>
		<contributor>
			<author>Assimp</author>
			<authoring_tool>Assimp Exporter</authoring_tool>
		</contributor>
		<created>2024-01-12T12:56:36</created>
		<modified>2024-01-12T12:56:36</modified>
		<unit name="meter" meter="0.010000" />
		<up_axis>Y_UP</up_axis>
	</asset>
	<library_effects>
		<effect id="screenGlas_1001-fx" name="screenGlas_1001">
			<profile_COMMON>
				<technique sid="standard">
					<phong>
						<diffuse>
							<color sid="diffuse">0.623662   1.000000   0.495721   1.000000</color>
						</diffuse>
					</phong>
				</technique>
			</profile_COMMON>
		</effect>
		<effect id="Korpus_1001-fx" name="Korpus_1001">
			<profile_COMMON>
				<technique sid="standard">
					<phong>
						<diffuse>
							<color sid="diffuse">0.799999   0.299496   0.208625   1.000000</color>
						</diffuse>
					</phong>
				</technique>
			</profile_COMMON>
		</effect>
		<effect id="BlackGlass1_1001-fx" name="BlackGlass1_1001">
			<profile_COMMON>
				<technique sid="standard">
					<phong>
						<diffuse>
							<color sid="diffuse">0.000000   0.000000   0.000000   1.000000</color>
						</diffuse>
					</phong>
				</technique>
			</profile_COMMON>
		</effect>
	</library_effects>
	<library_materials>
		<material id="screenGlas_1001" name="screenGlas_1001">
			<instance_effect url="#screenGlas_1001-fx"/>
		</material>
		<material id="Korpus_1001" name="Korpus_1001">
			<instance_effect url="#Korpus_1001-fx"/>
		</material>
		<material id="BlackGlass1_1001" name="BlackGlass1_1001">
			<instance_effect url="#BlackGlass1_1001-fx"/>
		</material>
	</library_materials>
	<library_geometries>
		<geometry id="meshId0" name="meshId0_name" >
			<mesh>
				<source id="meshId0-positions" name="meshId0-positions">
					<float_array id="meshId0-positions-array" count="4521"> 
						0.092335 -0.269248 0.360719 0.110127 -0.269248 0.374030 0.110126 -0.269248 0.360589 0.047674 -0.290497 0.316900 0.040886 -0.285038 0.320150 0.040886 -0.290497 0.316900 0.093528 -0.274820 0.303705 0.109309 -0.273208 0.305396 0.109308 -0.275257 0.304098 0.093137 -0.270194 0.359134 0.093462 -0.271053 0.306716 0.109309 -0.270194 0.309160 0.109309 -0.271493 0.307111 0.093418 -0.289441 0.308763 0.063278 -0.290151 0.317849 0.063163 -0.290280 0.308009 0.192116 -0.266042 0.034299 0.192116 -0.258647 0.031608 0.192116 -0.277372 0.053923 0.063139 -0.270212 0.305961 0.047563 -0.268698 0.307815 0.063163 -0.268914 0.308009 0.047517 -0.287483 0.304051 0.063103 -0.285218 0.302947 0.063118 -0.287267 0.304245 0.092705 -0.270194 0.321012 0.063365 -0.274503 0.320350 0.092705 -0.275136 0.320557 0.047538 -0.289198 0.305766 0.040886 -0.290497 0.307815 0.040886 -0.289198 0.305766 0.110127 -0.289580 0.372662 0.110127 -0.289947 0.371294 0.110127 -0.287211 0.374030 -0.230000 0.283971 0.445606 -0.230000 -0.283971 0.025447 -0.230000 -0.283971 0.445606 0.092705 -0.289000 0.321012 0.063365 -0.284691 0.320350 0.063278 -0.290151 0.317849 0.093500 -0.286425 0.305002 0.109309 -0.287702 0.307111 0.093462 -0.288141 0.306716 0.109310 -0.289000 0.320967 0.109309 -0.289000 0.309160 0.040886 -0.290497 0.316900 0.047563 -0.290497 0.307815 0.047674 -0.290497 0.316900 0.109308 -0.283937 0.304098 0.225050 -0.283971 0.450555 -0.223553 -0.288921 0.448072 0.226060 -0.288921 0.447865 0.092335 -0.269248 0.360719 0.093137 -0.289000 0.359134 0.092335 -0.289947 0.360719 0.063118 -0.271927 0.304245 -0.027539 -0.270194 0.320967 -0.027541 -0.289000 0.359003 -0.027541 -0.270194 0.359003 0.063139 -0.288982 0.305960 0.110127 -0.289947 0.371294 0.092335 -0.289580 0.372662 0.092335 -0.289947 0.371294 0.093528 -0.284375 0.303705 
						0.063103 -0.273976 0.302947 0.093418 -0.269753 0.308763 0.109310 -0.270194 0.320967 0.092335 -0.269248 0.374030 0.110127 -0.287211 0.374030 0.110127 -0.269248 0.374030 -0.225050 0.283971 0.450555 0.225050 0.283971 0.450555 -0.230000 -0.283971 0.445606 -0.225050 -0.283971 0.450555 0.092705 -0.283215 0.320557 0.047517 -0.271711 0.304051 0.040886 -0.269996 0.305766 0.047538 -0.269996 0.305766 0.047674 -0.268698 0.316900 0.063278 -0.269043 0.317849 0.093500 -0.272770 0.305002 0.040886 -0.268698 0.307815 0.040886 -0.273760 0.302752 0.034270 -0.285434 0.302752 0.034270 -0.273760 0.302752 0.047501 -0.285434 0.302752 0.040886 -0.287483 0.304051 0.040886 -0.285434 0.302752 0.047741 -0.274156 0.320150 0.047741 -0.285038 0.320150 0.040886 -0.274156 0.320150 0.093137 -0.289000 0.359134 0.110126 -0.289947 0.360589 0.092335 -0.289947 0.360719 0.034097 -0.290497 0.316900 0.047501 -0.273760 0.302752 0.040886 -0.271711 0.304051 0.063278 -0.269043 0.317849 0.092335 -0.288579 0.373663 0.092335 -0.287211 0.374030 0.092335 -0.289947 0.371294 0.040886 -0.268698 0.316900 0.047674 -0.268698 0.316900 0.040886 -0.268698 0.316900 0.092705 -0.270194 0.321012 0.109312 -0.289000 0.359003 0.109309 -0.285986 0.305396 0.109309 -0.285986 0.305396 0.109308 -0.283937 0.304098 0.109309 -0.273208 0.305396 -0.011366 -0.289000 0.359134 -0.010564 -0.269248 0.360719 -0.010564 -0.289947 0.360719 0.034254 -0.271711 0.304051 0.018608 -0.268914 0.308009 -0.011691 -0.271053 0.306716 -0.011646 -0.269753 0.308763 0.018668 -0.285218 0.302947 0.034254 -0.287483 0.304051 0.018653 -0.287267 0.304245 0.110127 -0.289580 0.372662 0.092335 -0.288579 0.373663 0.034030 -0.274156 0.320150 0.018493 -0.269043 0.317849 0.018406 -0.274503 0.320350 -0.027539 -0.270194 0.320967 -0.027538 -0.270194 0.309160 0.018493 -0.290151 0.317849 
						0.034030 -0.285038 0.320150 0.018406 -0.284691 0.320350 -0.011646 -0.289441 0.308763 0.018493 -0.290151 0.317849 -0.010934 -0.289000 0.321012 -0.028356 -0.287211 0.374030 -0.028356 -0.269248 0.374030 -0.028355 -0.269248 0.360589 -0.010934 -0.283215 0.320557 -0.010564 -0.289947 0.360719 -0.028356 -0.289947 0.371294 -0.028355 -0.289947 0.360589 -0.027539 -0.289000 0.320967 -0.027538 -0.289000 0.309160 0.018668 -0.273976 0.302947 -0.011757 -0.284375 0.303705 -0.011757 -0.274820 0.303705 0.034097 -0.268698 0.316900 0.034208 -0.268698 0.307815 -0.027538 -0.271493 0.307111 -0.027537 -0.273208 0.305396 -0.027538 -0.287702 0.307111 0.034233 -0.269996 0.305766 0.018653 -0.271927 0.304245 0.018632 -0.270212 0.305961 -0.027538 -0.287702 0.307111 -0.011729 -0.286425 0.305002 -0.011691 -0.288141 0.306716 0.018632 -0.288982 0.305960 0.034208 -0.290497 0.307815 0.018608 -0.290280 0.308009 -0.010564 -0.287211 0.374030 0.034097 -0.290497 0.316900 0.110126 -0.289947 0.360589 0.109312 -0.270194 0.359003 0.110126 -0.269248 0.360589 0.092705 -0.275136 0.320557 0.092705 -0.283215 0.320557 0.093137 -0.270194 0.359134 0.109312 -0.289000 0.359003 0.109310 -0.270194 0.320967 -0.011729 -0.272770 0.305002 -0.027538 -0.271493 0.307111 -0.011366 -0.270194 0.359134 -0.027541 -0.270194 0.359003 -0.010564 -0.288579 0.373663 -0.028356 -0.289580 0.372662 -0.010564 -0.289580 0.372662 0.034233 -0.289198 0.305766 -0.027537 -0.285986 0.305396 -0.010564 -0.289947 0.371294 0.192116 -0.269277 0.432504 0.230306 -0.272070 0.429711 0.192116 -0.272070 0.429711 -0.028356 -0.287211 0.374030 -0.010564 -0.269248 0.374030 -0.028356 -0.269248 0.374030 -0.010934 -0.289000 0.321012 0.018493 -0.269043 0.317849 -0.010934 -0.270194 0.321012 0.034097 -0.268698 0.316900 -0.010934 -0.270194 0.321012 -0.027537 -0.273208 0.305396 -0.028356 -0.269248 0.374030 
						-0.010564 -0.269248 0.360719 -0.028355 -0.269248 0.360589 -0.011366 -0.289000 0.359134 -0.027541 -0.289000 0.359003 0.192116 -0.269277 0.036565 0.230306 -0.266042 0.034299 0.192116 -0.266042 0.034299 -0.010934 -0.275136 0.320557 -0.010934 -0.270194 0.321012 -0.011366 -0.270194 0.359134 -0.027537 -0.283937 0.304098 -0.027537 -0.275257 0.304098 0.192116 -0.258647 0.031608 0.230306 -0.262462 0.032630 0.230306 -0.258647 0.031608 0.192116 -0.266042 0.434770 0.230306 -0.269277 0.432504 0.192116 -0.274336 0.042593 0.230306 -0.272070 0.039358 0.192116 -0.272070 0.039358 0.192116 -0.262462 0.032630 0.192116 -0.277028 0.419080 0.230306 -0.277372 0.415146 0.192116 -0.277372 0.415146 0.130277 -0.288921 0.380172 0.123718 -0.285128 0.388336 0.124865 -0.285128 0.380155 -0.034801 -0.265929 0.391929 -0.038317 -0.268185 0.387034 -0.037747 -0.265929 0.386827 -0.010153 -0.276399 0.347415 0.023136 -0.286616 0.361677 -0.010153 -0.286608 0.361678 0.192116 -0.254712 0.437805 0.230306 -0.258647 0.437461 0.192116 -0.258647 0.437461 0.230306 -0.269277 0.036565 0.192116 -0.262462 0.436439 0.230306 -0.266042 0.434770 0.092239 -0.286608 0.361678 0.092545 -0.276399 0.347415 0.092256 -0.266598 0.376065 0.230306 -0.254712 0.031263 0.192116 -0.254712 0.031263 0.058364 -0.288921 0.397573 0.092576 -0.288921 0.397445 0.103563 -0.266432 0.397118 0.192116 -0.272070 0.429711 0.230306 -0.274336 0.426476 0.192116 -0.274336 0.426476 -0.010152 -0.288921 0.376065 0.023247 -0.288921 0.375947 -0.022199 -0.288921 0.407651 0.104023 -0.288921 0.407651 0.226060 -0.288921 0.447865 0.110485 -0.266598 0.321270 0.092256 -0.266598 0.376065 0.092905 -0.266598 0.320913 0.121200 -0.279866 0.381024 -0.030287 -0.265929 0.395717 -0.035265 -0.268185 0.392320 0.059330 -0.276399 0.347415 0.092239 -0.286608 0.361678 0.059288 -0.286616 0.361677 
						0.119194 -0.288921 0.291658 0.115952 -0.266433 0.286982 0.118746 -0.266433 0.291821 0.103563 -0.266432 0.397118 -0.021777 -0.265929 0.397992 -0.021739 -0.266432 0.397118 -0.034801 -0.265929 0.391929 -0.035737 -0.266433 0.389068 -0.033750 -0.266442 0.392081 0.192116 -0.277372 0.053923 0.230306 -0.277028 0.049988 0.192116 -0.277028 0.049988 -0.046858 -0.288921 0.390143 -0.038182 -0.285128 0.394767 -0.042228 -0.288921 0.398162 0.111672 -0.266433 0.283390 0.106573 -0.265929 0.280616 0.112110 -0.265929 0.282631 -0.043306 -0.285128 0.379633 -0.039377 -0.279866 0.297324 -0.039377 -0.279866 0.381024 0.106573 -0.265929 0.280616 0.112414 -0.268185 0.282105 0.112110 -0.265929 0.282631 0.114317 -0.285128 0.278808 0.106679 -0.279866 0.280018 0.107340 -0.285128 0.276268 -0.022199 -0.288921 0.407651 -0.025517 -0.285128 0.402079 -0.021969 -0.285128 0.402390 0.103793 -0.285128 0.275958 -0.021804 -0.279866 0.279751 -0.021970 -0.285128 0.275958 0.103793 -0.285128 0.402390 0.106679 -0.279866 0.398330 0.107340 -0.285128 0.402079 0.104023 -0.288921 0.407651 -0.039110 -0.268185 0.294272 -0.037022 -0.279866 0.288537 -0.037022 -0.268185 0.288537 -0.021804 -0.268185 0.279751 0.103627 -0.279866 0.279751 0.103627 -0.268185 0.279751 -0.027814 -0.268185 0.280811 -0.021804 -0.279866 0.279751 -0.048756 -0.288921 0.377704 -0.042675 -0.285128 0.297304 -0.033099 -0.279866 0.283862 -0.033099 -0.268185 0.283862 -0.039377 -0.268185 0.297324 -0.039110 -0.279866 0.294272 0.117089 -0.268185 0.286028 0.120140 -0.279866 0.291314 0.120140 -0.268185 0.291314 0.106679 -0.279866 0.280018 0.106679 -0.268185 0.280018 0.121200 -0.279866 0.297324 0.121200 -0.268185 0.297324 0.117089 -0.279866 0.286028 0.117089 -0.268185 0.286028 -0.027814 -0.279866 0.280811 0.106679 -0.268185 0.398330 0.103627 -0.279866 0.398597 0.103627 -0.268185 0.398597 
						0.120140 -0.268185 0.387034 0.117089 -0.279866 0.392320 0.117089 -0.268185 0.392320 -0.039377 -0.268185 0.381024 -0.039377 -0.279866 0.297324 -0.036497 -0.265929 0.288841 0.121200 -0.268185 0.381024 0.120140 -0.279866 0.387034 -0.024598 -0.266433 0.396868 -0.027470 -0.288921 0.396591 -0.021760 -0.288921 0.397596 0.117089 -0.279866 0.392320 0.120140 -0.279866 0.387034 0.106421 -0.266433 0.281479 0.103584 -0.288921 0.280752 0.103563 -0.266432 0.281230 -0.035547 -0.285128 0.280946 -0.027814 -0.279866 0.280811 -0.033099 -0.279866 0.283862 0.129982 -0.288921 0.298465 0.124869 -0.285128 0.298127 0.230306 -0.276005 0.422896 0.192116 -0.276005 0.422896 -0.225050 0.283971 0.020497 0.225050 0.283971 0.020497 0.225050 -0.000000 0.020497 -0.010152 -0.266598 0.376065 -0.010153 -0.276399 0.347415 -0.010153 -0.286608 0.361678 0.116958 -0.288921 0.404114 0.120006 -0.285128 0.394767 0.124052 -0.288921 0.398162 0.112414 -0.279866 0.396242 0.114317 -0.285128 0.399540 -0.038772 -0.265929 0.380998 -0.030590 -0.279866 0.396242 -0.024855 -0.279866 0.398330 -0.024750 -0.265929 0.397732 -0.030590 -0.268185 0.396242 0.106504 -0.288921 0.281010 0.111672 -0.266433 0.283390 0.111910 -0.288921 0.282977 -0.041895 -0.285128 0.388336 -0.038317 -0.279866 0.387034 0.116958 -0.288921 0.274234 0.120006 -0.285128 0.283581 -0.024681 -0.288921 0.281010 -0.029848 -0.266433 0.283390 -0.024598 -0.266433 0.281479 0.123718 -0.285128 0.290011 0.128681 -0.288921 0.288205 -0.038512 -0.265929 0.294378 -0.021804 -0.268185 0.398597 -0.021777 -0.265929 0.397992 -0.035265 -0.279866 0.392320 0.112110 -0.265929 0.395717 0.112414 -0.268185 0.396242 0.120596 -0.265929 0.380998 -0.034494 -0.288921 0.286675 -0.036922 -0.266433 0.291821 -0.034129 -0.266433 0.286982 0.119570 -0.265929 0.386827 0.119570 -0.265929 0.291521 -0.028717 -0.266598 0.302139 
						-0.010153 -0.266598 0.320913 -0.028717 -0.266598 0.320982 0.116624 -0.265929 0.286418 0.106679 -0.279866 0.398330 -0.039377 -0.279866 0.381024 -0.035265 -0.279866 0.392320 -0.038317 -0.279866 0.387034 0.121200 -0.279866 0.297324 0.114276 -0.288921 0.393714 0.117561 -0.266433 0.389068 0.113969 -0.266433 0.393349 0.109130 -0.266433 0.396143 0.103584 -0.288921 0.397596 0.109293 -0.288921 0.396591 0.117974 -0.288921 0.389307 0.119472 -0.266433 0.383818 0.106573 -0.265929 0.397732 -0.038772 -0.265929 0.297350 -0.047537 -0.288921 0.290740 -0.040320 -0.285128 0.286634 -0.042640 -0.285128 0.292792 0.120199 -0.288921 0.380980 0.119721 -0.266432 0.380959 0.192116 0.254712 0.437806 0.230306 0.175896 0.437805 0.230306 -0.175896 0.437806 -0.021777 -0.265929 0.280356 0.103601 -0.265929 0.280356 0.119721 -0.266432 0.297388 0.120199 -0.288921 0.297367 0.115952 -0.266433 0.286982 0.116624 -0.265929 0.391929 0.108257 -0.288921 0.407281 0.103627 -0.279866 0.398597 0.104023 -0.288921 0.270697 -0.021804 -0.279866 0.398597 0.112414 -0.279866 0.282105 0.059398 -0.288921 0.375948 0.092576 -0.288921 0.397445 0.058364 -0.288921 0.397573 0.128681 -0.288921 0.390143 0.225050 -0.283971 0.020497 -0.223610 -0.288921 0.025447 -0.225050 -0.283971 0.020497 0.117089 -0.279866 0.286028 0.112414 -0.279866 0.282105 0.092256 -0.288921 0.376065 0.110488 -0.266598 0.376065 0.110488 -0.288921 0.376065 0.124052 -0.288921 0.280186 -0.230000 -0.283971 0.025447 0.112414 -0.279866 0.396242 0.021797 -0.268912 0.300862 0.120140 -0.279866 0.291314 0.110485 -0.266598 0.321270 0.110484 -0.269097 0.303542 0.110483 -0.288921 0.302139 0.226021 -0.288921 0.025447 0.230306 -0.283909 0.444975 0.226060 -0.288921 0.447865 -0.010152 -0.266598 0.376065 -0.028717 -0.266598 0.376065 0.103601 -0.265929 0.397992 0.121200 -0.279866 0.381024 
						0.116624 -0.265929 0.286418 0.108257 -0.288921 0.271067 -0.027607 -0.265929 0.281381 -0.032709 -0.265929 0.284327 0.057956 -0.269201 0.301020 0.059461 -0.266598 0.320913 -0.030087 -0.288921 0.282977 -0.028717 -0.266598 0.320982 -0.028717 -0.266598 0.376065 -0.028717 -0.288921 0.376065 -0.038376 -0.288921 0.297367 -0.037898 -0.266432 0.297388 -0.035737 -0.266433 0.389068 -0.038376 -0.288921 0.380980 -0.036150 -0.288921 0.389307 -0.230000 0.283971 0.025447 -0.021760 -0.288921 0.280752 -0.035135 -0.288921 0.404114 -0.032494 -0.285128 0.399540 -0.037898 -0.266432 0.380959 -0.038512 -0.265929 0.294378 -0.037898 -0.266432 0.297388 -0.038772 -0.265929 0.297350 0.023268 -0.266432 0.281230 -0.021777 -0.265929 0.280356 0.041321 -0.266432 0.281230 0.110127 -0.288579 0.373663 0.092335 -0.287211 0.374030 0.115952 -0.266433 0.286982 -0.034129 -0.266433 0.286982 -0.032709 -0.265929 0.284327 -0.029848 -0.266433 0.283390 -0.027307 -0.266433 0.396143 -0.032452 -0.288921 0.393714 -0.027470 -0.288921 0.396591 0.021797 -0.268912 0.300862 -0.028717 -0.288921 0.302139 0.023006 -0.288921 0.298432 0.103563 -0.266432 0.397118 0.106573 -0.265929 0.397732 0.103601 -0.265929 0.397992 -0.027607 -0.265929 0.281381 -0.024598 -0.266433 0.281479 0.119570 -0.265929 0.291521 0.115952 -0.266433 0.286982 0.116624 -0.265929 0.286418 -0.033750 -0.266442 0.392081 -0.030287 -0.265929 0.395717 -0.027307 -0.266433 0.396143 0.103601 -0.265929 0.280356 0.106421 -0.266433 0.281479 0.103563 -0.266432 0.281230 0.119721 -0.266432 0.297388 0.120596 -0.265929 0.380998 0.119721 -0.266432 0.380959 0.192116 0.254712 0.031263 0.230306 0.254712 0.031263 0.226021 -0.288921 0.025447 0.104023 -0.288921 0.270697 -0.022199 -0.288921 0.270697 -0.037747 -0.265929 0.386827 -0.037898 -0.266432 0.380959 0.110484 -0.269097 0.303542 -0.021739 -0.266432 0.281230 
						0.023085 -0.288921 0.280752 0.225050 -0.283971 0.020497 0.230306 -0.283852 0.024419 -0.024598 -0.266433 0.396868 -0.021777 -0.265929 0.397992 -0.024750 -0.265929 0.397732 -0.024855 -0.279866 0.398330 -0.024855 -0.268185 0.398330 0.230306 0.175896 0.437805 0.230306 0.254712 0.437806 0.230306 0.182014 0.444983 -0.035547 -0.285128 0.280946 -0.037022 -0.279866 0.288537 -0.047633 -0.288921 0.297570 -0.048756 -0.288921 0.377704 -0.223553 -0.288921 0.448072 -0.022199 -0.288921 0.270697 -0.029116 -0.285128 0.277233 -0.030923 -0.288921 0.272270 -0.039110 -0.279866 0.294272 -0.026434 -0.288921 0.407281 -0.038942 -0.288921 0.276900 -0.010153 -0.266598 0.320913 0.023176 -0.276399 0.347415 -0.030590 -0.279866 0.396242 0.129982 -0.288921 0.298465 0.128681 -0.288921 0.288205 0.059374 -0.266432 0.281230 0.059190 -0.288921 0.280752 -0.044894 -0.288921 0.283993 0.103627 -0.279866 0.279751 0.230306 -0.262462 0.436439 0.230306 -0.277028 0.419080 0.230306 -0.277372 0.053923 0.226060 -0.288921 0.447865 0.225050 -0.283971 0.450555 0.230306 -0.276005 0.046173 0.192116 -0.276005 0.046173 -0.024750 -0.265929 0.397732 -0.024598 -0.266433 0.396868 0.059461 -0.266598 0.320913 0.092545 -0.276399 0.347415 0.119472 -0.266433 0.383818 0.119570 -0.265929 0.386827 -0.230000 -0.283971 0.445606 0.022212 -0.288921 0.397596 -0.009772 -0.288921 0.397596 0.112110 -0.265929 0.395717 0.109130 -0.266433 0.396143 0.113969 -0.266433 0.393349 0.116624 -0.265929 0.391929 0.117561 -0.266433 0.389068 -0.036497 -0.265929 0.288841 -0.036922 -0.266433 0.291821 0.120596 -0.265929 0.297350 0.118746 -0.266433 0.291821 -0.223553 0.288921 0.448072 0.110484 -0.269097 0.303542 0.059107 -0.288921 0.298435 0.110483 -0.288921 0.302139 0.230306 -0.274336 0.042593 -0.028355 -0.289947 0.360589 -0.010564 -0.287211 0.374030 -0.028356 -0.288579 0.373663 
						-0.230000 0.283971 0.445606 0.093528 0.274820 0.303705 0.109309 0.273208 0.305396 0.093500 0.272770 0.305002 0.063365 0.274504 0.320350 0.092705 0.283215 0.320557 0.063365 0.284691 0.320350 0.040886 0.285038 0.320150 0.047674 0.290497 0.316900 0.040886 0.290497 0.316900 0.110127 0.287211 0.374030 0.092335 0.269248 0.374030 0.110127 0.269248 0.374030 0.063118 0.271928 0.304245 0.093462 0.271053 0.306716 0.063139 0.270212 0.305961 -0.027541 0.289000 0.359003 -0.027539 0.270194 0.320967 -0.027541 0.270194 0.359003 0.109310 0.270194 0.320967 0.093418 0.269753 0.308763 0.109309 0.270194 0.309160 0.092335 0.287211 0.374030 0.110127 0.288579 0.373663 0.092335 0.288579 0.373663 0.047538 0.269996 0.305766 0.040886 0.268698 0.307815 0.040886 0.269996 0.305766 0.092335 0.289580 0.372662 0.110127 0.289947 0.371294 0.092335 0.289947 0.371294 0.047674 0.268698 0.316900 0.063163 0.268914 0.308009 0.063278 0.269043 0.317849 0.063103 0.285218 0.302947 0.047517 0.287483 0.304051 0.063118 0.287267 0.304245 0.047517 0.271711 0.304051 0.040886 0.271711 0.304051 0.109309 0.271493 0.307111 0.110127 0.269248 0.374030 0.092335 0.269248 0.360719 0.110126 0.269248 0.360589 0.110127 0.287211 0.374030 0.110127 0.269248 0.374030 0.110126 0.269248 0.360589 0.063103 0.273976 0.302947 0.093528 0.284375 0.303705 0.063139 0.288982 0.305961 0.047563 0.290497 0.307815 0.063163 0.290280 0.308009 0.093462 0.288141 0.306716 0.093500 0.286425 0.305002 0.092705 0.270194 0.321012 0.063278 0.269043 0.317849 0.109309 0.287702 0.307111 0.047741 0.274156 0.320150 0.040886 0.274156 0.320150 0.034097 0.290497 0.316900 0.047563 0.268698 0.307815 0.040886 0.289198 0.305766 0.040886 0.287483 0.304051 0.092705 0.289000 0.321012 0.063278 0.290151 0.317849 
						0.047741 0.285038 0.320150 0.040886 0.290497 0.316900 0.040886 0.290497 0.307815 0.047501 0.273760 0.302752 0.040886 0.273760 0.302752 0.047674 0.268698 0.316900 0.047538 0.289198 0.305766 0.109308 0.283937 0.304098 0.109308 0.275257 0.304098 0.093137 0.289000 0.359134 0.110126 0.289947 0.360589 0.109312 0.289000 0.359003 0.047501 0.285434 0.302752 0.093137 0.289000 0.359134 0.092335 0.269248 0.360719 0.092335 0.289947 0.360719 0.093137 0.270194 0.359134 0.093418 0.289441 0.308763 0.109310 0.289000 0.320967 0.109309 0.289000 0.309160 0.040886 0.268698 0.316900 0.092335 0.287211 0.374030 0.040886 0.285434 0.302752 0.092705 0.270194 0.321012 0.063278 0.290151 0.317849 0.092705 0.289000 0.321012 0.092335 0.289947 0.360719 0.034254 0.271711 0.304051 0.034233 0.269996 0.305766 -0.010564 0.269248 0.360719 -0.011366 0.289000 0.359134 -0.010564 0.289947 0.360719 0.109309 0.271493 0.307111 0.109309 0.273208 0.305396 0.109309 0.287702 0.307111 0.109309 0.285986 0.305396 0.109312 0.270194 0.359003 0.034270 0.285434 0.302752 0.047674 0.290497 0.316900 0.092705 0.275136 0.320557 0.092705 0.270194 0.321012 0.093137 0.270194 0.359134 0.110127 0.289580 0.372662 0.109310 0.270194 0.320967 0.109312 0.289000 0.359003 0.109312 0.270194 0.359003 0.018668 0.285218 0.302947 0.034254 0.287483 0.304051 0.110126 0.289947 0.360589 -0.011729 0.286425 0.305002 -0.027538 0.287702 0.307111 -0.011691 0.288141 0.306716 0.018632 0.288982 0.305961 0.034208 0.290497 0.307815 0.034233 0.289198 0.305766 0.018653 0.287267 0.304245 0.034270 0.273760 0.302752 -0.011646 0.269753 0.308763 -0.027539 0.270194 0.320967 -0.027538 0.270194 0.309160 0.034097 0.290497 0.316900 -0.011691 0.271053 0.306716 0.018653 0.271928 0.304245 0.018632 0.270212 0.305961 
						0.018608 0.268914 0.308009 -0.011366 0.270194 0.359134 -0.010934 0.270194 0.321012 0.018608 0.290280 0.308009 0.018493 0.290151 0.317849 -0.028356 0.289580 0.372662 -0.028356 0.289947 0.371294 -0.028356 0.287211 0.374030 -0.010564 0.288579 0.373663 -0.010564 0.287211 0.374030 -0.010564 0.289947 0.371294 0.034030 0.274156 0.320150 -0.011729 0.272770 0.305002 -0.027538 0.271493 0.307111 -0.027537 0.273208 0.305396 0.034208 0.268698 0.307815 -0.011757 0.284375 0.303705 -0.027537 0.285986 0.305396 -0.027539 0.289000 0.320967 -0.011646 0.289441 0.308763 -0.027538 0.289000 0.309160 -0.028356 0.289947 0.371294 -0.010564 0.289580 0.372662 -0.010564 0.289947 0.371294 -0.010564 0.289947 0.360719 0.230306 0.272070 0.429711 0.192116 0.269277 0.432504 0.192116 0.272070 0.429711 0.034097 0.268698 0.316900 0.018493 0.269043 0.317849 0.018668 0.273976 0.302947 0.018406 0.274504 0.320350 -0.010934 0.283215 0.320557 -0.010934 0.275136 0.320557 -0.027537 0.285986 0.305396 -0.027537 0.283937 0.304098 -0.027537 0.273208 0.305396 0.018493 0.269043 0.317849 -0.011757 0.274820 0.303705 -0.010934 0.289000 0.321012 0.018406 0.284691 0.320350 0.018493 0.290151 0.317849 -0.010564 0.269248 0.374030 -0.028356 0.287211 0.374030 -0.028356 0.269248 0.374030 -0.027537 0.275257 0.304098 0.034097 0.268698 0.316900 0.040886 0.268698 0.316900 0.034030 0.285038 0.320150 -0.010934 0.270194 0.321012 -0.011366 0.289000 0.359134 -0.027541 0.289000 0.359003 -0.028356 0.289580 0.372662 -0.010564 0.288579 0.373663 -0.010564 0.269248 0.360719 -0.028356 0.269248 0.374030 -0.028355 0.269248 0.360589 -0.010934 0.275136 0.320557 -0.010934 0.283215 0.320557 -0.011366 0.270194 0.359134 -0.027537 0.283937 0.304098 -0.028355 0.289947 0.360589 -0.028355 0.289947 0.360589 -0.028355 0.269248 0.360589 
						-0.028356 0.288579 0.373663 -0.010564 0.287211 0.374030 0.230306 0.269277 0.432504 0.192116 0.266042 0.434770 0.230306 0.272070 0.039358 0.192116 0.274336 0.042593 0.192116 0.272070 0.039358 0.230306 0.266042 0.034299 0.192116 0.269277 0.036565 0.192116 0.266042 0.034299 0.192116 0.258647 0.031608 0.230306 0.262462 0.032630 0.192116 0.262462 0.032630 -0.010152 0.288921 0.376065 0.023228 0.288921 0.397596 0.023686 0.288921 0.375973 -0.010153 0.266598 0.320913 0.023047 0.268555 0.301059 -0.028717 0.266598 0.302139 0.092256 0.266598 0.376065 0.092545 0.276399 0.347415 0.092239 0.286608 0.361678 0.230306 0.266042 0.434770 0.192116 0.262462 0.436439 0.230306 0.269277 0.036565 0.192116 0.269277 0.036565 0.230306 0.277372 0.415146 0.192116 0.277028 0.419080 0.192116 0.277372 0.415146 0.230306 0.274336 0.426476 0.192116 0.274336 0.426476 0.230306 0.274336 0.042593 0.192116 0.276005 0.046173 0.230306 0.258647 0.437461 0.192116 0.258647 0.437461 0.040671 0.288921 0.397571 0.023228 0.288921 0.397596 -0.021739 0.266432 0.397118 0.104023 0.288921 0.407651 -0.022199 0.288921 0.407651 0.226060 0.288921 0.447865 0.121200 0.279867 0.381024 0.123718 0.285128 0.388336 0.124865 0.285128 0.380155 0.130277 0.288921 0.380172 0.128681 0.288921 0.390143 -0.034801 0.265929 0.391929 -0.038317 0.268185 0.387034 -0.035265 0.268185 0.392320 -0.010153 0.276399 0.347415 0.023636 0.286614 0.361677 0.023651 0.276399 0.347415 -0.030287 0.265929 0.395717 0.092256 0.266598 0.376065 0.110485 0.266598 0.321270 0.092905 0.266598 0.320913 -0.010152 0.288921 0.376065 -0.028717 0.266598 0.376065 -0.028717 0.288921 0.376065 0.058540 0.276399 0.347415 0.092239 0.286608 0.361678 0.092545 0.276399 0.347415 -0.027470 0.288921 0.396591 -0.027307 0.266433 0.396143 
						-0.024598 0.266433 0.396868 0.103584 0.288921 0.280752 0.106421 0.266433 0.281479 0.103563 0.266432 0.281230 0.117089 0.279867 0.392320 0.120006 0.285128 0.394767 -0.035547 0.285128 0.280946 -0.027814 0.279867 0.280811 -0.029116 0.285128 0.277233 0.129982 0.288921 0.298465 0.230306 0.276005 0.422896 0.192116 0.276005 0.422896 -0.010153 0.286608 0.361678 -0.010153 0.276399 0.347415 -0.010152 0.266598 0.376065 0.116958 0.288921 0.404114 0.124052 0.288921 0.398162 0.112414 0.279867 0.396242 0.107340 0.285128 0.402079 0.114317 0.285128 0.399540 0.116958 0.288921 0.274234 0.120006 0.285128 0.283581 0.124052 0.288921 0.280186 -0.037747 0.265929 0.386827 -0.039377 0.268185 0.381024 -0.024681 0.288921 0.281010 -0.029848 0.266433 0.283390 -0.030087 0.288921 0.282977 -0.025517 0.285128 0.402079 -0.030590 0.279867 0.396242 -0.032494 0.285128 0.399540 0.123718 0.285128 0.290011 0.128681 0.288921 0.288205 -0.030590 0.268185 0.396242 -0.024750 0.265929 0.397732 -0.036497 0.265929 0.288841 -0.039110 0.268185 0.294272 -0.038512 0.265929 0.294378 -0.035265 0.279867 0.392320 -0.041895 0.285128 0.388336 -0.038182 0.285128 0.394767 -0.039377 0.279867 0.381024 -0.043306 0.285128 0.379633 0.111672 0.266433 0.283390 0.106504 0.288921 0.281010 0.111910 0.288921 0.282977 -0.021804 0.268185 0.398597 -0.021777 0.265929 0.397992 -0.021804 0.268185 0.279751 -0.027607 0.265929 0.281381 -0.021777 0.265929 0.280356 -0.027814 0.268185 0.280811 -0.032709 0.265929 0.284327 0.057944 0.269186 0.301405 0.110484 0.269097 0.303542 -0.034129 0.266433 0.286982 -0.030087 0.288921 0.282977 -0.029848 0.266433 0.283390 -0.036922 0.266433 0.291821 -0.038376 0.288921 0.297367 -0.037371 0.288921 0.291658 -0.028717 0.288921 0.376065 -0.028717 0.266598 0.376065 -0.028717 0.266598 0.320982 
						-0.021777 0.265929 0.397992 0.103563 0.266432 0.397118 -0.021739 0.266432 0.397118 -0.034801 0.265929 0.391929 -0.035737 0.266433 0.389068 -0.037747 0.265929 0.386827 0.230306 0.277028 0.049988 0.192116 0.277372 0.053923 0.192116 0.277028 0.049988 0.111672 0.266433 0.283390 0.106573 0.265929 0.280616 0.106421 0.266433 0.281479 -0.046858 0.288921 0.390143 -0.042228 0.288921 0.398162 -0.039371 0.279912 0.297015 -0.042668 0.285128 0.296491 0.112414 0.268185 0.282105 0.106573 0.265929 0.280616 0.112110 0.265929 0.282631 0.106679 0.279866 0.280018 0.114317 0.285128 0.278808 0.107340 0.285128 0.276268 -0.022199 0.288921 0.407651 -0.026434 0.288921 0.407281 0.106679 0.279867 0.398330 0.103793 0.285128 0.402390 0.104023 0.288921 0.407651 -0.037022 0.279867 0.288537 -0.037022 0.268185 0.288537 -0.021804 0.279867 0.279751 0.103793 0.285128 0.275958 -0.021970 0.285128 0.275958 -0.048756 0.288921 0.377704 -0.047608 0.288921 0.295777 -0.021804 0.279867 0.279751 -0.033099 0.279867 0.283862 -0.033099 0.268185 0.283862 -0.027814 0.279867 0.280811 -0.033099 0.268185 0.283862 -0.039371 0.279912 0.297015 -0.039377 0.268185 0.297324 0.103627 0.279867 0.398597 0.106679 0.268185 0.398330 0.103627 0.268185 0.398597 0.120140 0.279866 0.291314 0.117089 0.268185 0.286028 0.120140 0.268185 0.291314 0.117089 0.279867 0.392320 0.120140 0.268185 0.387034 0.117089 0.268185 0.392320 0.106679 0.279866 0.280018 0.103627 0.268185 0.279751 0.106679 0.268185 0.280018 -0.039377 0.279867 0.381024 0.120140 0.279867 0.387034 0.121200 0.268185 0.381024 0.117089 0.279866 0.286028 0.117089 0.268185 0.286028 0.121200 0.279866 0.297324 0.121200 0.268185 0.297324 -0.032709 0.265929 0.284327 0.103601 0.265929 0.397992 0.106573 0.265929 0.397732 0.112414 0.268185 0.396242 
						0.112110 0.265929 0.395717 0.116624 0.265929 0.286418 0.108257 0.288921 0.271067 0.103601 0.265929 0.280356 -0.038772 0.265929 0.297350 0.120596 0.265929 0.380998 -0.034494 0.288921 0.286675 0.119570 0.265929 0.291521 0.120596 0.265929 0.297350 0.119570 0.265929 0.386827 -0.028717 0.266598 0.320982 0.116624 0.265929 0.286418 0.106679 0.279867 0.398330 -0.035265 0.279867 0.392320 -0.038317 0.279867 0.387034 0.121200 0.279866 0.297324 0.124869 0.285128 0.298127 -0.047537 0.288921 0.290740 -0.040320 0.285128 0.286634 -0.044894 0.288921 0.283993 0.114276 0.288921 0.393714 0.117561 0.266433 0.389068 0.117974 0.288921 0.389307 0.109130 0.266433 0.396143 0.103584 0.288921 0.397596 0.103563 0.266432 0.397118 0.119472 0.266433 0.383818 0.119942 0.288921 0.383901 0.120199 0.288921 0.380980 0.119721 0.266432 0.380959 -0.022199 0.288921 0.270697 -0.038772 0.265929 0.380998 -0.024598 0.266433 0.281479 -0.021760 0.288921 0.280752 -0.021739 0.266432 0.281230 -0.035737 0.266433 0.389068 -0.038376 0.288921 0.380980 -0.037898 0.266432 0.380959 0.024410 0.265929 0.280356 -0.021739 0.266432 0.281230 0.024455 0.266432 0.281230 -0.037898 0.266432 0.297388 -0.038512 0.265929 0.294378 -0.038772 0.265929 0.297350 -0.037898 0.266432 0.297388 -0.035135 0.288921 0.404114 0.113969 0.266433 0.393349 0.109293 0.288921 0.396591 0.119721 0.266432 0.297388 0.120199 0.288921 0.297367 0.115952 0.266433 0.286982 0.116624 0.265929 0.391929 0.108257 0.288921 0.407281 0.103627 0.279867 0.398597 -0.021969 0.285128 0.402390 0.118746 0.266433 0.291821 0.119194 0.288921 0.291658 0.104023 0.288921 0.270697 -0.024855 0.279867 0.398330 0.112414 0.279866 0.282105 0.058598 0.266598 0.320913 -0.223610 0.288921 0.025447 0.225050 0.283971 0.020497 -0.225050 0.283971 0.020497 
						0.117089 0.279866 0.286028 0.092256 0.288921 0.376065 0.110488 0.266598 0.376065 0.092256 0.266598 0.376065 0.112414 0.279867 0.396242 0.092576 0.288921 0.397445 0.058570 0.288921 0.375973 0.058113 0.288921 0.397545 0.110483 0.288921 0.302139 0.110484 0.269097 0.303542 0.110485 0.266598 0.321270 0.230306 0.283909 0.444975 0.226021 0.288921 0.025447 0.226060 0.288921 0.447865 -0.010152 0.266598 0.376065 0.104023 0.288921 0.270697 0.226021 0.288921 0.025447 -0.022199 0.288921 0.270697 0.230306 -0.277372 0.415146 -0.037898 0.266432 0.380959 -0.038772 0.265929 0.380998 0.059310 0.266432 0.281230 0.225050 0.283971 0.020497 0.230306 0.283852 0.024419 -0.024598 0.266433 0.396868 -0.021777 0.265929 0.397992 -0.021739 0.266432 0.397118 -0.024855 0.279867 0.398330 -0.024855 0.268185 0.398330 -0.037022 0.279867 0.288537 -0.035547 0.285128 0.280946 -0.047608 0.288921 0.295777 -0.047537 0.288921 0.290740 -0.223553 0.288921 0.448072 -0.042640 0.285128 0.292792 -0.030923 0.288921 0.272270 -0.038942 0.288921 0.276900 0.058521 0.286614 0.361677 -0.030590 0.279867 0.396242 -0.010153 0.266598 0.320913 0.128681 0.288921 0.288205 0.129982 0.288921 0.298465 -0.028717 0.288921 0.376065 -0.028717 0.288921 0.302139 -0.038376 0.288921 0.297367 -0.038942 0.288921 0.276900 0.230306 0.262462 0.436439 0.230306 0.277028 0.419080 -0.028717 0.288921 0.302139 0.023047 0.268555 0.301059 0.023601 0.288921 0.298998 0.230306 0.277372 0.053923 -0.021777 -0.265929 0.280356 -0.021739 -0.266432 0.281230 0.120596 0.265929 0.380998 0.119472 0.266433 0.383818 0.119570 0.265929 0.386827 0.226060 0.288921 0.447865 0.225050 0.283971 0.450555 -0.230000 0.283971 0.445606 0.230306 0.276005 0.046173 -0.010153 0.286608 0.361678 -0.024750 0.265929 0.397732 -0.027307 0.266433 0.396143 
						-0.030287 0.265929 0.395717 0.109130 0.266433 0.396143 0.112110 0.265929 0.395717 0.113969 0.266433 0.393349 0.116624 0.265929 0.391929 0.117561 0.266433 0.389068 0.120596 0.265929 0.297350 0.118746 0.266433 0.291821 0.119721 0.266432 0.297388 -0.034129 0.266433 0.286982 -0.032709 0.265929 0.284327 -0.036497 0.265929 0.288841 0.115952 0.266433 0.286982 0.112110 0.265929 0.282631 -0.036922 0.266433 0.291821 0.041838 0.265929 0.280356 0.059267 0.265929 0.280356 -0.032452 0.288921 0.393714 -0.033750 0.266442 0.392081 0.106573 0.265929 0.397732 0.103563 0.266432 0.397118 0.103601 0.265929 0.397992 -0.028717 -0.266598 0.376065 -0.010152 -0.288921 0.376065 -0.028717 -0.288921 0.376065 0.058444 0.288921 0.299004 0.110484 0.269097 0.303542 0.110483 0.288921 0.302139 -0.021777 0.265929 0.280356 -0.024598 0.266433 0.281479 -0.027607 0.265929 0.281381 -0.029848 0.266433 0.283390 0.119570 0.265929 0.291521 0.115952 0.266433 0.286982 -0.033750 0.266442 0.392081 -0.036150 0.288921 0.389307 0.103601 0.265929 0.280356 0.103563 0.266432 0.281230 0.119721 0.266432 0.380959 0.230306 -0.254712 0.031263 0.230306 -0.258647 0.031608 0.230306 -0.182014 0.444983 0.225050 -0.000000 0.020497 0.230306 0.277372 0.053923 0.230306 0.277028 0.049988 -0.039110 0.279867 0.294272 -0.047633 -0.288921 0.297570 -0.028717 -0.288921 0.302139 -0.021760 -0.288921 0.280752 0.023006 -0.288921 0.298432 0.041322 -0.288921 0.375947 0.040288 -0.288921 0.397584 0.041212 -0.286616 0.361677 0.039874 -0.269122 0.300839 0.041049 -0.288921 0.298235 0.057956 -0.269201 0.301020 0.023085 -0.288921 0.280752 0.041049 -0.288921 0.298235 0.059190 -0.288921 0.280752 0.059107 -0.288921 0.298435 0.041253 -0.276399 0.347415 0.023304 -0.266598 0.320913 0.041382 -0.266598 0.320913 0.023304 -0.266598 0.320913 
						0.039874 -0.269122 0.300839 0.041382 -0.266598 0.320913 0.023268 -0.266432 0.281230 0.041138 -0.288921 0.280752 0.041321 -0.266432 0.281230 0.103584 -0.288921 0.280752 0.110483 -0.288921 0.302139 0.059310 0.266432 0.281230 0.023633 0.288921 0.280752 0.024455 0.266432 0.281230 0.103627 0.279866 0.279751 0.040671 0.288921 0.397571 0.041128 0.288921 0.375973 0.041078 0.286614 0.361677 0.057944 0.269186 0.301405 0.041016 0.288921 0.298567 0.040493 0.269013 0.301009 0.058483 0.288921 0.280752 0.041016 0.288921 0.298567 0.058444 0.288921 0.299004 0.023633 0.288921 0.280752 0.023601 0.288921 0.298998 0.041095 0.276399 0.347415 0.041151 0.266598 0.320913 0.023705 0.266598 0.320913 0.041151 0.266598 0.320913 0.058598 0.266598 0.320913 0.040493 0.269013 0.301009 0.023705 0.266598 0.320913 0.059267 0.265929 0.280356 0.041883 0.266432 0.281230 0.059310 0.266432 0.281230 0.041838 0.265929 0.280356 0.058483 0.288921 0.280752 0.041883 0.266432 0.281230 0.041058 0.288921 0.280752 0.114276 0.288921 0.393714 0.117974 0.288921 0.389307 0.110488 0.288921 0.376065 0.092335 -0.269248 0.374030 0.109312 -0.270194 0.359003 0.092705 -0.289000 0.321012 0.192116 -0.254712 0.031263 0.192116 0.254712 0.031263 0.192116 0.254712 0.437806 0.192116 0.277372 0.415146 0.192116 0.258647 0.031608 0.192116 0.262462 0.032630 0.192116 0.266042 0.034299 0.192116 0.274336 0.042593 0.192116 0.269277 0.036565 0.192116 0.272070 0.039358 0.192116 0.276005 0.046173 0.192116 0.277028 0.049988 0.192116 0.277372 0.053923 0.192116 0.277028 0.419080 0.192116 0.276005 0.422896 0.192116 0.274336 0.426476 0.192116 0.272070 0.429711 0.192116 0.269277 0.432504 0.192116 0.266042 0.434770 0.192116 0.262462 0.436439 0.192116 0.258647 0.437461 0.192116 -0.254712 0.437805 
						0.192116 -0.258647 0.437461 0.192116 -0.262462 0.436439 0.192116 -0.266042 0.434770 0.192116 -0.269277 0.432504 0.192116 -0.272070 0.429711 0.192116 -0.274336 0.426476 0.192116 -0.276005 0.422896 0.192116 -0.277028 0.419080 0.192116 -0.277372 0.415146 0.192116 -0.277028 0.049988 0.192116 -0.276005 0.046173 0.192116 -0.274336 0.042593 0.192116 -0.272070 0.039358 0.192116 -0.269277 0.036565 0.192116 -0.262462 0.032630 0.110127 -0.269248 0.374030 0.110127 -0.288579 0.373663 -0.230000 0.283971 0.025447 -0.027539 -0.289000 0.320967 0.092335 -0.269248 0.374030 0.092335 -0.289580 0.372662 0.109308 -0.275257 0.304098 0.109309 -0.271493 0.307111 0.109309 -0.287702 0.307111 0.109309 -0.270194 0.309160 0.109310 -0.289000 0.320967 0.109309 -0.289000 0.309160 -0.028356 -0.289947 0.371294 -0.028356 -0.289580 0.372662 -0.028356 -0.288579 0.373663 -0.010934 -0.275136 0.320557 -0.027537 -0.275257 0.304098 -0.027537 -0.283937 0.304098 -0.027537 -0.285986 0.305396 -0.027538 -0.289000 0.309160 -0.027538 -0.270194 0.309160 -0.010564 -0.269248 0.374030 -0.010564 -0.288579 0.373663 -0.010564 -0.289580 0.372662 -0.010564 -0.289947 0.371294 0.092705 -0.289000 0.321012 0.092705 -0.270194 0.321012 -0.010564 -0.269248 0.374030 -0.010934 -0.283215 0.320557 -0.010934 -0.289000 0.321012 0.230306 -0.254712 0.437805 0.092256 -0.288921 0.376065 0.092905 -0.266598 0.320913 -0.021739 -0.266432 0.397118 0.040288 -0.288921 0.397584 -0.021760 -0.288921 0.397596 -0.009772 -0.288921 0.397596 0.022212 -0.288921 0.397596 0.230306 -0.272070 0.429711 -0.042228 -0.288921 0.398162 -0.035135 -0.288921 0.404114 -0.026434 -0.288921 0.407281 0.116958 -0.288921 0.404114 0.124052 -0.288921 0.398162 0.108257 -0.288921 0.407281 0.110488 -0.266598 0.376065 0.116318 -0.288921 0.286675 0.103563 -0.266432 0.397118 0.103601 -0.265929 0.397992 
						-0.021777 -0.265929 0.397992 0.117089 -0.279866 0.286028 -0.021739 -0.266432 0.397118 -0.027307 -0.266433 0.396143 0.225050 -0.283971 0.020497 -0.225050 -0.283971 0.020497 -0.010152 -0.288921 0.376065 -0.010153 -0.266598 0.320913 0.120596 -0.265929 0.297350 -0.037371 -0.288921 0.291658 0.119942 -0.288921 0.383901 0.230306 0.254712 0.437806 0.116318 -0.288921 0.286675 0.092256 -0.288921 0.376065 0.226021 -0.288921 0.025447 0.092256 -0.266598 0.376065 0.110488 -0.288921 0.376065 0.110488 -0.266598 0.376065 -0.028717 -0.288921 0.302139 -0.028717 -0.266598 0.302139 0.103601 -0.265929 0.280356 0.103563 -0.266432 0.281230 0.059374 -0.266432 0.281230 -0.021739 -0.266432 0.281230 0.116624 -0.265929 0.286418 -0.028717 -0.266598 0.302139 -0.021804 -0.279866 0.398597 -0.030923 -0.288921 0.272270 -0.038942 -0.288921 0.276900 0.116958 -0.288921 0.274234 0.108257 -0.288921 0.271067 -0.038772 -0.265929 0.380998 -0.024598 -0.266433 0.396868 -0.021739 -0.266432 0.397118 -0.021777 -0.265929 0.397992 0.230306 0.269277 0.432504 0.230306 0.272070 0.429711 0.230306 -0.175896 0.437806 0.230306 -0.269277 0.432504 0.230306 -0.266042 0.434770 0.230306 -0.262462 0.436439 0.230306 -0.254712 0.437805 0.230306 0.266042 0.434770 0.230306 0.262462 0.436439 0.230306 -0.258647 0.437461 0.230306 0.258647 0.437461 -0.033099 -0.279866 0.283862 -0.046858 -0.288921 0.390143 -0.047537 -0.288921 0.290740 -0.044894 -0.288921 0.283993 0.124052 -0.288921 0.280186 0.128681 -0.288921 0.390143 0.130277 -0.288921 0.380172 -0.038942 -0.288921 0.276900 0.092905 -0.266598 0.320913 0.226060 0.288921 0.447865 0.092705 0.275136 0.320557 -0.027539 0.289000 0.320967 0.092335 0.269248 0.374030 0.110127 0.289947 0.371294 0.110127 0.289580 0.372662 0.110127 0.288579 0.373663 0.092335 0.269248 0.374030 0.092335 0.288579 0.373663 
						0.092335 0.289580 0.372662 0.092335 0.289947 0.371294 0.109308 0.275257 0.304098 0.109308 0.283937 0.304098 0.109309 0.285986 0.305396 0.109309 0.289000 0.309160 0.109309 0.270194 0.309160 0.109310 0.289000 0.320967 0.092705 0.283215 0.320557 0.092705 0.289000 0.321012 -0.027541 0.270194 0.359003 -0.028356 0.269248 0.374030 -0.028356 0.288579 0.373663 -0.010564 0.269248 0.374030 -0.010564 0.289580 0.372662 -0.010934 0.289000 0.321012 -0.027537 0.275257 0.304098 -0.027538 0.271493 0.307111 -0.027538 0.287702 0.307111 -0.027538 0.270194 0.309160 -0.027538 0.289000 0.309160 -0.010564 0.269248 0.374030 -0.010934 0.289000 0.321012 -0.010934 0.270194 0.321012 0.230306 0.269277 0.036565 0.230306 0.258647 0.031608 -0.009772 0.288921 0.397596 0.092256 0.288921 0.376065 0.092905 0.266598 0.320913 -0.021760 0.288921 0.397596 -0.009772 0.288921 0.397596 0.092576 0.288921 0.397445 0.058113 0.288921 0.397545 -0.035135 0.288921 0.404114 -0.042228 0.288921 0.398162 0.124052 0.288921 0.398162 0.116958 0.288921 0.404114 0.108257 0.288921 0.407281 -0.026434 0.288921 0.407281 0.120140 0.279867 0.387034 0.110488 0.266598 0.376065 -0.010152 0.266598 0.376065 -0.033099 0.279867 0.283862 -0.010152 0.288921 0.376065 -0.010153 0.266598 0.320913 -0.038317 0.279867 0.387034 -0.028717 0.266598 0.302139 -0.028717 0.288921 0.302139 -0.021777 0.265929 0.397992 0.103601 0.265929 0.397992 0.103563 0.266432 0.397118 0.112414 0.279866 0.282105 -0.039110 0.279867 0.294272 0.103627 0.279866 0.279751 -0.033099 0.279867 0.283862 0.117089 0.279866 0.286028 0.121200 0.279867 0.381024 0.116318 0.288921 0.286675 -0.021804 0.279867 0.398597 0.092905 0.266598 0.320913 0.226021 0.288921 0.025447 0.120140 0.279866 0.291314 0.110488 0.288921 0.376065 0.092256 0.288921 0.376065 
						0.110488 0.266598 0.376065 0.110488 0.288921 0.376065 -0.028717 0.266598 0.376065 -0.038942 0.288921 0.276900 -0.030923 0.288921 0.272270 0.116958 0.288921 0.274234 0.108257 0.288921 0.271067 0.230306 -0.269277 0.036565 0.230306 -0.272070 0.039358 0.230306 -0.274336 0.042593 0.230306 -0.272070 0.429711 0.230306 -0.274336 0.426476 0.230306 -0.276005 0.046173 0.230306 -0.277028 0.049988 0.230306 -0.276005 0.422896 0.230306 -0.277028 0.419080 0.230306 -0.277372 0.053923 -0.024598 0.266433 0.396868 -0.024750 0.265929 0.397732 -0.021777 0.265929 0.397992 -0.021804 0.279867 0.398597 -0.033099 0.279867 0.283862 -0.044894 0.288921 0.283993 -0.046858 0.288921 0.390143 -0.048756 0.288921 0.377704 0.124052 0.288921 0.280186 0.128681 0.288921 0.390143 0.130277 0.288921 0.380172 -0.021760 0.288921 0.280752 -0.024681 0.288921 0.281010 -0.030087 0.288921 0.282977 -0.034494 0.288921 0.286675 -0.037371 0.288921 0.291658 -0.038376 0.288921 0.380980 -0.036150 0.288921 0.389307 -0.032452 0.288921 0.393714 -0.027470 0.288921 0.396591 -0.021760 0.288921 0.397596 -0.028717 0.266598 0.302139 -0.024598 0.266433 0.396868 -0.029848 0.266433 0.283390 0.116624 0.265929 0.286418 0.024410 0.265929 0.280356 -0.010152 -0.266598 0.376065 -0.032709 0.265929 0.284327 0.116624 0.265929 0.286418 0.230306 0.269277 0.036565 0.230306 0.266042 0.034299 0.230306 0.262462 0.032630 0.230306 0.258647 0.031608 0.230306 0.254712 0.031263 0.230306 -0.000000 0.024459 0.230306 -0.266042 0.034299 0.230306 -0.262462 0.032630 0.230306 -0.000000 0.024459 0.230306 0.272070 0.039358 0.230306 0.274336 0.426476 0.230306 0.276005 0.422896 0.230306 0.274336 0.042593 0.230306 0.276005 0.046173 0.230306 0.277028 0.419080 0.230306 0.277372 0.415146 -0.028717 -0.288921 0.376065 -0.021760 -0.288921 0.397596 
						-0.027470 -0.288921 0.396591 -0.032452 -0.288921 0.393714 -0.036150 -0.288921 0.389307 -0.038376 -0.288921 0.380980 -0.038376 -0.288921 0.297367 -0.037371 -0.288921 0.291658 -0.034494 -0.288921 0.286675 -0.030087 -0.288921 0.282977 -0.024681 -0.288921 0.281010 0.041138 -0.288921 0.280752 0.106504 -0.288921 0.281010 0.111910 -0.288921 0.282977 0.116318 -0.288921 0.286675 0.119194 -0.288921 0.291658 0.120199 -0.288921 0.297367 0.120199 -0.288921 0.380980 0.110488 -0.288921 0.376065 0.119942 -0.288921 0.383901 0.117974 -0.288921 0.389307 0.114276 -0.288921 0.393714 0.109293 -0.288921 0.396591 0.103584 -0.288921 0.397596 0.059267 0.265929 0.280356 0.041058 0.288921 0.280752 0.106504 0.288921 0.281010 0.103584 0.288921 0.280752 0.110483 0.288921 0.302139 0.103584 0.288921 0.397596 0.111910 0.288921 0.282977 0.109293 0.288921 0.396591 0.116318 0.288921 0.286675 0.120199 0.288921 0.297367 0.119194 0.288921 0.291658 0.120199 0.288921 0.380980 0.119942 0.288921 0.383901 
					</float_array>
					<technique_common>
						<accessor count="1507" offset="0" source="#meshId0-positions-array" stride="3">
							<param name="X" type="float" />
							<param name="Y" type="float" />
							<param name="Z" type="float" />
						</accessor>
					</technique_common>
				</source>
				<source id="meshId0-normals" name="meshId0-normals">
					<float_array id="meshId0-normals-array" count="4521"> 
						-0.907491 0.418187 -0.039748 0.789901 0.256309 0.557102 0.903237 0.426608 -0.046576 -0.000864 -0.853643 0.520858 0.000012 -0.264008 0.964521 -0.000022 -0.862197 0.506574 0.187449 0.221155 -0.957054 0.784378 0.280341 -0.553318 0.780905 0.106269 -0.615544 -0.773857 0.616148 -0.146655 0.182246 0.796086 -0.577091 0.814710 0.478033 -0.328226 0.797296 0.397785 -0.453968 0.145469 -0.951537 -0.270953 -0.081541 -0.862937 0.498689 -0.000385 -0.972523 -0.232808 0.995540 0.048274 0.081056 0.995208 0.019237 0.095870 0.995161 0.098180 0.003915 0.024625 0.808911 -0.587415 0.010155 0.975240 -0.220916 -0.000427 0.972474 -0.233012 0.012011 -0.580152 -0.814419 0.024205 -0.224888 -0.974084 0.024695 -0.580077 -0.814187 -0.328458 0.919220 0.217141 -0.136131 0.241744 0.960743 -0.628704 0.166990 0.759504 0.012211 -0.808469 -0.588412 -0.000005 -0.974467 -0.224529 -0.000002 -0.808200 -0.588909 0.599762 -0.665287 0.444610 0.613811 -0.762885 0.203082 0.630087 -0.207712 0.748228 -0.839624 0.381334 0.386802 -0.847476 -0.412936 -0.333569 -0.839624 -0.381334 0.386802 -0.329005 -0.918781 0.218166 -0.136036 -0.237982 0.961696 -0.081914 -0.859587 0.504381 0.184178 -0.570496 -0.800383 0.797296 -0.397787 -0.453966 0.182255 -0.796071 -0.577109 0.869375 -0.415878 -0.266895 0.814711 -0.478033 -0.328223 -0.000022 -0.865097 0.501605 0.010165 -0.975277 -0.220753 -0.000748 -0.856705 0.515806 0.780920 -0.106271 -0.615525 0.531809 -0.266387 0.803876 -0.123986 -0.981779 0.144008 0.127065 -0.983735 0.126965 -0.910775 0.411030 -0.039289 -0.779435 -0.609891 -0.143229 -0.794794 -0.602598 -0.071956 0.024693 0.580080 -0.814185 -0.872858 0.408732 -0.266564 -0.720771 -0.613795 -0.322095 -0.720214 0.613008 -0.324827 0.024621 -0.808908 -0.587419 0.607294 -0.767920 0.203697 -0.593153 -0.669282 0.447471 -0.607667 -0.767470 0.204280 0.187484 -0.221138 -0.957052 
						0.024210 0.224882 -0.974085 0.145510 0.951485 -0.271114 0.869373 0.415875 -0.266906 -0.788391 0.249686 0.562224 0.623726 -0.208312 0.753373 0.788499 0.249970 0.561946 -0.350488 0.328032 0.877242 0.531673 0.266673 0.803872 -0.837408 -0.383969 0.388993 -0.350481 -0.328042 0.877241 -0.628845 -0.162211 0.760422 0.012000 0.580148 -0.814422 -0.000002 0.808207 -0.588899 0.012215 0.808463 -0.588420 -0.000880 0.857102 0.515145 -0.081716 0.863922 0.496952 0.184168 0.570481 -0.800396 -0.000003 0.974445 -0.224627 -0.000003 0.224990 -0.974361 -0.011745 -0.224993 -0.974290 -0.011748 0.224993 -0.974290 0.011754 -0.225005 -0.974287 0.000000 -0.580139 -0.814517 0.000008 -0.224995 -0.974360 -0.010868 0.252887 0.967435 -0.010786 -0.251577 0.967777 0.000000 0.264227 0.964461 -0.774505 -0.616045 -0.143633 0.781024 -0.619475 -0.079076 -0.789928 -0.608918 -0.072342 0.000863 -0.853643 0.520858 0.011745 0.224970 -0.974295 -0.000003 0.580136 -0.814519 -0.082106 0.860579 0.502655 -0.598760 -0.466288 0.651200 -0.629805 -0.207598 0.748498 -0.614153 -0.762461 0.203639 0.000020 0.865193 0.501439 -0.001013 0.854069 0.520159 0.000021 0.862299 0.506400 -0.326701 0.921256 0.211078 0.715486 -0.619751 -0.322471 0.784377 -0.280345 -0.553317 0.789266 -0.276399 -0.548328 0.785894 -0.104527 -0.609463 0.789266 0.276398 -0.548328 0.779435 -0.609891 -0.143230 0.910775 0.411030 -0.039289 0.794794 -0.602599 -0.071956 -0.012001 0.580147 -0.814424 0.000420 0.972475 -0.233009 -0.182251 0.796076 -0.577103 -0.145510 0.951487 -0.271107 -0.024201 -0.224890 -0.974084 -0.012009 -0.580156 -0.814417 -0.024692 -0.580076 -0.814188 0.593202 -0.669560 0.446991 -0.592175 -0.468632 0.655525 0.010870 0.252886 0.967435 0.082104 0.860579 0.502656 0.136133 0.241740 0.960744 -0.869376 0.415875 -0.266895 -0.814710 0.478033 -0.328226 0.081915 -0.859586 0.504383 
						0.010789 -0.251576 0.967777 0.136036 -0.237981 0.961696 -0.145467 -0.951531 -0.270975 0.081543 -0.862937 0.498689 0.327272 -0.920814 0.212121 -0.630087 -0.207712 0.748229 -0.793218 0.249078 0.555667 -0.906619 0.419426 -0.046092 0.628861 -0.162158 0.760420 0.789928 -0.608918 -0.072342 -0.607291 -0.767919 0.203711 -0.781024 -0.619475 -0.079076 -0.869372 -0.415878 -0.266905 -0.814710 -0.478032 -0.328226 -0.024054 0.224903 -0.974084 -0.187481 -0.221131 -0.957054 -0.187444 0.221139 -0.957059 0.000880 0.857102 0.515146 -0.010143 0.975240 -0.220917 -0.802105 0.392689 -0.449914 -0.789266 0.276399 -0.548328 -0.802105 -0.392689 -0.449914 -0.012209 0.808462 -0.588421 -0.024693 0.580081 -0.814184 -0.024626 0.808883 -0.587454 -0.797294 -0.397782 -0.453972 -0.184175 -0.570490 -0.800388 -0.182246 -0.796085 -0.577091 -0.024621 -0.808937 -0.587379 -0.010171 -0.975277 -0.220751 0.000387 -0.972522 -0.232809 0.629803 -0.207601 0.748498 0.000748 -0.856705 0.515806 0.785976 -0.613231 -0.078675 0.720214 0.613008 -0.324828 0.906619 0.419426 -0.046094 -0.634899 0.166518 0.754437 -0.635099 -0.161736 0.755308 -0.778792 0.609986 -0.146288 0.720771 -0.613795 -0.322094 0.872858 0.408732 -0.266564 -0.184167 0.570475 -0.800401 -0.797295 0.397783 -0.453970 0.773857 0.616148 -0.146654 -0.715010 0.618882 -0.325184 0.592167 -0.468684 0.655495 -0.593219 -0.669658 0.446821 0.593162 -0.669338 0.447376 -0.012210 -0.808444 -0.588446 -0.784376 -0.280342 -0.553320 0.607663 -0.767471 0.204289 0.995306 0.062098 -0.074227 0.935331 0.315337 -0.160371 0.994768 0.077175 -0.066936 -0.623700 -0.208454 0.753356 0.788391 0.249686 0.562224 -0.788499 0.249970 0.561946 0.329005 -0.918782 0.218166 0.081714 0.863921 0.496954 0.326662 0.921274 0.211057 0.001014 0.854069 0.520159 0.328459 0.919220 0.217141 -0.784377 0.280338 -0.553320 -0.789901 0.256308 0.557102 
						0.907491 0.418188 -0.039747 -0.903237 0.426608 -0.046575 0.774505 -0.616045 -0.143633 -0.715486 -0.619751 -0.322471 0.995247 0.063448 0.073879 0.938268 0.129628 0.320701 0.994863 0.051741 0.087005 0.634899 0.166518 0.754437 0.334039 0.918504 0.211588 0.778792 0.609986 -0.146287 -0.780918 -0.106264 -0.615528 -0.780905 0.106274 -0.615543 0.994510 0.020510 0.102609 0.933412 0.093231 0.346481 0.932162 0.050832 0.358456 0.995225 0.049342 -0.084221 0.977957 0.148975 -0.146309 0.994577 0.090255 0.051674 0.936813 0.316982 0.148000 0.994924 0.077872 0.063730 0.994516 0.037261 0.097718 0.994445 0.102998 -0.021713 0.925640 0.377814 -0.021159 0.994438 0.105034 -0.007783 -0.330564 -0.943583 -0.019480 -0.635999 -0.731247 -0.246543 -0.690287 -0.719371 -0.077522 0.301642 -0.932182 -0.200120 0.871933 -0.345687 -0.346746 0.363152 -0.925311 -0.109183 -0.417089 -0.850478 -0.320504 -0.203911 -0.929649 -0.306875 -0.452561 -0.842417 -0.292440 0.991948 0.005666 -0.126518 0.959880 0.030459 -0.278751 0.994778 0.019228 -0.100238 0.970407 0.176592 0.164699 0.994999 0.035282 -0.093451 0.964621 0.092694 -0.246808 0.410035 -0.856542 -0.313381 0.411131 -0.853309 -0.320678 0.342910 -0.838901 -0.422679 0.931495 0.015286 0.363433 0.994484 0.006146 0.104713 0.008313 -0.795440 0.605975 0.072496 -0.951126 0.300171 0.057137 -0.687746 0.723700 0.994768 0.077175 -0.066936 0.929443 0.344500 -0.132117 0.994393 0.090217 -0.055164 -0.192179 -0.974214 -0.118216 -0.072262 -0.997359 0.007292 0.004289 -0.955252 -0.295764 -0.033140 -0.954725 -0.295637 0.126666 -0.984496 0.121336 -0.412425 -0.909994 -0.042628 0.336070 -0.842244 -0.421523 0.173372 -0.980182 -0.095842 -0.908534 -0.404595 -0.104256 0.204753 -0.936249 -0.285507 0.718688 -0.351700 -0.599828 0.091617 -0.927895 -0.361411 0.428645 -0.847024 -0.314346 0.091712 -0.903978 -0.417627 
						0.334438 -0.937242 -0.098633 0.486441 -0.771594 -0.409899 0.593933 -0.768588 -0.237732 0.056472 -0.691809 0.719869 0.029534 -0.930524 -0.365040 -0.054502 -0.672592 0.738004 0.294679 -0.935576 -0.194579 -0.559696 -0.775414 0.292360 -0.432942 -0.765133 0.476584 0.994459 0.105041 0.004253 0.926777 0.373488 0.039889 0.994514 0.102991 0.018286 0.286301 -0.954764 -0.080359 0.511733 -0.744143 -0.429395 0.140617 -0.982240 -0.124223 0.326369 -0.773718 -0.542994 -0.094113 -0.941058 0.324890 -0.185557 -0.933292 0.307466 0.689939 -0.718122 -0.091021 0.916784 -0.396636 0.046768 0.907893 -0.401024 -0.122108 -0.096049 -0.937880 0.333399 -0.484299 -0.348971 0.802293 -0.189831 -0.929934 0.314941 -0.351585 -0.737292 0.576878 -0.238900 -0.410290 0.880107 -0.181780 -0.727475 0.661616 0.004419 -0.954192 -0.299161 0.178238 -0.730041 -0.659752 0.048376 -0.723979 -0.688123 -0.043744 -0.719850 0.692749 0.120768 -0.407811 0.905044 0.088518 -0.722388 0.685799 -0.054797 -0.723681 -0.687956 -0.240584 -0.410072 -0.879750 -0.184501 -0.729003 -0.659177 -0.033295 -0.953672 -0.299000 0.909053 -0.340722 0.239857 0.781637 -0.411969 0.468322 0.806568 -0.347357 0.478321 0.128118 -0.365832 0.921820 -0.052981 -0.402554 0.913862 -0.055733 -0.363340 0.929988 0.356776 -0.356182 0.863623 0.120903 -0.404565 0.906482 0.313922 -0.949227 -0.020542 0.700295 -0.713070 0.033440 0.585909 -0.415443 0.695786 0.608334 -0.350956 0.711870 0.940301 -0.336448 0.051347 0.885959 -0.401206 0.232617 -0.717485 -0.350324 0.602070 -0.848461 -0.408736 0.336228 -0.870691 -0.347315 0.348237 -0.239147 -0.407042 0.881547 -0.247398 -0.351447 0.902928 -0.910138 -0.401051 0.103953 -0.932710 -0.344035 0.108130 -0.697155 -0.414754 0.584768 -0.717485 -0.350324 0.602070 0.340699 -0.411271 0.845447 -0.241906 -0.341824 -0.908096 -0.068172 -0.401330 -0.913393 -0.066390 -0.338667 -0.938561 
						-0.868195 -0.349263 -0.352496 -0.696847 -0.415039 -0.584934 -0.712170 -0.350811 -0.608068 0.932890 -0.338514 -0.122981 0.918105 -0.393549 0.046941 0.351221 -0.924891 0.145671 -0.932039 -0.345212 -0.110148 -0.848021 -0.409402 -0.336528 -0.135763 -0.776100 0.615822 -0.194760 -0.927492 0.319105 -0.100077 -0.884010 0.456630 -0.695706 -0.418251 -0.584003 -0.846666 -0.412586 -0.336050 0.165846 -0.766275 -0.620740 0.105354 -0.955365 -0.276003 0.042622 -0.733473 -0.678381 0.429233 -0.741372 0.515875 0.340186 -0.414529 0.844061 0.585030 -0.418708 0.694567 -0.331225 -0.942722 0.039555 -0.691288 -0.718538 0.076317 0.927423 0.362354 -0.092658 0.994433 0.098175 -0.038264 -0.229154 0.362051 -0.903553 0.442769 0.276519 -0.852931 0.480687 0.000239 -0.876892 -0.341877 -0.829307 -0.442006 -0.424343 -0.847556 -0.318719 -0.434110 -0.852385 -0.291528 -0.140093 -0.957086 -0.253694 -0.517348 -0.741016 -0.428073 -0.169791 -0.977442 -0.125615 -0.470070 -0.416559 -0.778147 -0.351989 -0.737503 -0.576361 0.391567 -0.919294 -0.039666 0.470013 -0.416555 -0.778184 0.240584 -0.410072 -0.879750 0.107154 -0.932313 -0.345413 0.485412 -0.351753 -0.800403 0.153275 -0.951663 -0.266167 0.328597 -0.770104 -0.546776 0.222145 -0.946663 -0.233412 0.632298 -0.733574 -0.249136 0.845731 -0.411993 -0.339117 -0.137017 -0.972630 0.187661 -0.521366 -0.735901 0.432003 -0.155995 -0.946581 -0.282225 -0.329387 -0.763152 -0.555970 -0.167896 -0.754737 -0.634179 -0.640026 -0.726801 0.249254 -0.309761 -0.944808 0.106704 0.386297 -0.920409 0.060186 0.071375 -0.340597 -0.937496 0.037408 -0.926910 -0.373414 0.695375 -0.418213 -0.584424 -0.144451 -0.924755 -0.352082 -0.478575 -0.347625 -0.806302 -0.353598 -0.933495 -0.059639 -0.298293 -0.937088 -0.181349 -0.587237 -0.773136 -0.239609 -0.484441 -0.770123 -0.415002 -0.313546 -0.933832 -0.172182 -0.341812 -0.929763 0.136766 0.363690 -0.896453 0.253183 
						-0.178047 -0.975838 -0.126650 0.410963 -0.908643 -0.074013 -0.280079 -0.930568 0.235794 -0.240902 -0.406793 -0.881184 0.909264 -0.397840 -0.122322 0.696490 -0.414998 -0.585387 0.847079 -0.408728 -0.339704 -0.908737 -0.404262 0.103772 0.254169 -0.943197 0.213955 0.552594 -0.766567 0.327132 0.413149 -0.773546 0.480556 0.240968 -0.761950 0.601138 0.095838 -0.904952 0.414579 0.181237 -0.945892 0.269149 0.313166 -0.938327 0.146527 0.631370 -0.757291 0.166980 -0.057513 -0.920124 -0.387382 0.396332 -0.918090 0.005593 0.304544 -0.948913 0.082571 0.580468 -0.735854 0.348676 0.669944 -0.721854 0.173497 0.358344 -0.933364 0.020491 0.654852 -0.754783 0.038364 0.991947 -0.005667 -0.126524 0.967363 -0.009878 -0.253204 0.967363 -0.009878 -0.253204 0.055427 -0.997515 0.043503 -0.016273 -0.998149 0.058605 0.643219 -0.761169 -0.083015 0.355065 -0.934290 -0.032106 0.486441 -0.771594 -0.409899 -0.241186 -0.929717 -0.278308 -0.080854 -0.954456 -0.287188 -0.068117 -0.404599 -0.911954 -0.027021 -0.940467 0.338810 0.068121 -0.404580 -0.911962 -0.470782 -0.413307 0.779450 0.048879 -0.998706 -0.014056 0.072417 -0.953405 0.292874 0.008288 -0.800389 0.599424 -0.305713 -0.948540 -0.082531 0.443004 -0.276140 -0.852933 -0.112912 -0.987471 -0.110239 -0.231862 -0.364790 -0.901758 -0.696026 -0.418006 0.583797 -0.470131 -0.416555 0.778113 0.186219 -0.974930 -0.121797 -0.391281 -0.851429 -0.349239 -0.071444 -0.991181 -0.111608 -0.261379 -0.949135 0.175568 -0.845167 -0.415699 -0.335988 -0.470812 -0.413305 -0.779433 0.052517 -0.873474 0.484030 -0.847154 -0.411946 0.335605 -0.419710 -0.906633 -0.043117 -0.369832 -0.887547 0.274745 -0.100594 -0.988747 0.110727 0.139327 -0.981136 -0.134013 0.999265 -0.011166 0.036671 0.131372 -0.983836 0.121686 -0.335034 -0.832736 -0.440798 0.388280 -0.848264 -0.360121 -0.007871 -0.921796 -0.387595 -0.909911 -0.401467 -0.104341 
						-0.280079 -0.930568 0.235794 -0.082799 -0.943319 0.321394 0.170927 -0.942302 0.287840 0.278311 -0.929716 0.241186 -0.061138 -0.870380 0.488570 0.028154 -0.998731 -0.041750 -0.228938 -0.941778 -0.246255 0.418271 -0.905290 -0.074159 0.395192 -0.844708 -0.360960 0.089810 -0.989270 -0.115236 -0.364187 -0.930972 -0.025670 -0.629017 -0.774478 -0.067233 -0.563456 -0.772061 0.294005 -0.360648 -0.931382 0.049600 -0.331507 -0.933974 0.133398 -0.845180 0.415684 -0.335973 -0.104513 -0.950463 -0.292741 0.111269 -0.960663 -0.254450 0.345745 -0.739643 -0.577399 -0.622919 -0.775307 0.104264 0.378155 -0.923897 0.058429 -0.624475 -0.778189 -0.066735 0.387922 -0.921677 0.005202 -0.009298 -0.653381 -0.756972 0.054514 -0.997922 0.034348 -0.001335 -0.635346 -0.772226 0.592353 -0.469038 0.655074 -0.623405 -0.208300 0.753643 0.483054 -0.775220 -0.407054 -0.480971 -0.773764 -0.412257 0.272612 -0.933068 0.234663 -0.327122 -0.766804 -0.552271 -0.258916 -0.722273 0.641314 -0.272138 -0.937432 0.217169 -0.194760 -0.927492 0.319105 0.052897 -0.869879 0.490420 0.107969 -0.986863 0.120182 -0.039869 -0.974777 0.219590 0.056860 -0.692073 0.719584 -0.055788 -0.923612 -0.379248 -0.003213 -0.925167 -0.379546 0.167652 -0.945340 0.279688 -0.166851 -0.758186 -0.630329 -0.333688 -0.933142 0.133787 0.483054 -0.775220 -0.407054 -0.273485 -0.933914 0.230239 -0.435840 -0.761484 0.479777 0.200262 -0.939435 -0.278131 -0.257498 -0.725944 0.637730 -0.015796 -0.998643 0.049621 0.164836 -0.769921 -0.616482 0.042434 -0.737411 -0.674110 0.638893 -0.764846 -0.082618 -0.344797 -0.936827 -0.058910 0.650721 -0.758355 0.038202 0.994483 -0.006147 0.104714 0.931506 -0.015464 0.363398 0.136315 -0.981936 -0.131228 -0.026873 -0.941670 0.335464 0.028085 -0.942841 0.332057 0.355340 -0.928647 -0.106528 -0.618277 -0.779115 0.103509 -0.362430 -0.890700 0.274404 -0.045783 -0.726423 -0.685721 
						-0.072222 -0.961652 -0.264593 0.443004 -0.276140 -0.852933 0.994525 -0.015447 -0.103354 -0.134653 -0.779713 0.611487 0.036991 -0.930359 -0.364778 0.103924 -0.935690 -0.337170 0.240899 -0.406809 -0.881178 0.247873 -0.346340 -0.904769 0.969161 -0.009885 -0.246229 0.949840 -0.019361 -0.312135 0.999698 -0.010532 0.022198 0.429233 -0.741372 0.515875 0.780346 -0.415249 0.467577 0.315176 -0.948634 0.027529 0.310519 -0.950349 -0.020365 -0.123986 -0.981779 0.144008 0.028396 -0.941635 0.335435 0.250009 -0.732935 0.632694 0.093408 -0.946441 0.309071 0.884653 -0.404373 0.232102 0.052095 -0.956319 -0.287647 0.134658 -0.975411 0.174474 -0.178047 -0.975838 -0.126650 -0.115737 -0.930854 -0.346576 0.470743 -0.413308 -0.779472 -0.327813 -0.943923 0.039351 -0.306541 -0.945977 0.105637 0.006238 -0.651300 -0.758795 0.074870 -0.964804 -0.252085 0.265046 -0.952681 0.148829 -0.052991 -0.405819 0.912416 0.962050 0.063410 -0.265404 0.926180 0.373222 -0.053810 0.925811 0.377918 0.007126 0.131392 -0.983300 0.125926 0.535741 -0.265284 0.801627 0.928500 0.362855 0.078893 0.994558 0.098185 0.034854 0.104905 -0.935728 -0.336761 -0.135478 -0.779381 0.611728 0.028154 -0.998731 -0.041750 0.403810 -0.856113 -0.322502 0.627483 -0.760745 0.165926 -0.305419 -0.937108 -0.168964 -0.837408 -0.383969 0.388993 -0.008970 -0.800101 0.599799 -0.069120 -0.949931 0.304720 -0.140348 -0.928237 -0.344499 0.239579 -0.765661 0.596964 0.410372 -0.777155 0.477101 -0.234639 -0.933087 -0.272568 0.548882 -0.770210 0.324816 0.343680 -0.928352 0.141589 -0.583023 -0.776745 -0.238224 -0.356008 -0.933691 0.038464 0.589786 -0.772240 -0.236218 -0.124006 0.981771 0.144045 -0.364177 -0.888053 0.280600 0.042819 -0.976795 0.209851 -0.094818 -0.988650 0.116533 0.931017 0.345212 0.118473 -0.785975 -0.613232 -0.078676 0.623456 -0.208007 0.753681 -0.592353 -0.469025 0.655083 
						-0.837403 0.383973 0.388999 0.187497 -0.221136 -0.957049 0.784377 -0.280336 -0.553322 0.184166 -0.570476 -0.800400 -0.136131 -0.241746 0.960743 -0.628861 0.162158 0.760420 -0.135979 0.237993 0.961701 0.000000 0.264059 0.964507 -0.000863 0.853643 0.520858 0.000022 0.862197 0.506574 0.623704 0.208442 0.753356 -0.788392 -0.249686 0.562224 0.788499 -0.249970 0.561946 0.024685 -0.580079 -0.814186 0.182259 -0.796060 -0.577123 0.024623 -0.808910 -0.587416 -0.720771 0.613795 -0.322094 -0.872858 -0.408732 -0.266564 -0.720214 -0.613008 -0.324828 0.869376 -0.415875 -0.266895 0.145511 -0.951489 -0.271101 0.814710 -0.478033 -0.328225 -0.623456 0.208003 0.753682 0.592366 0.468954 0.655122 -0.592167 0.468681 0.655497 0.012212 -0.808463 -0.588420 -0.000005 -0.974445 -0.224627 -0.000002 -0.808207 -0.588899 -0.593152 0.669274 0.447486 0.607311 0.767934 0.203596 -0.607627 0.767502 0.204278 -0.000880 -0.857102 0.515146 -0.000417 -0.972475 -0.233006 -0.081714 -0.863922 0.496953 0.024201 0.224889 -0.974084 0.012008 0.580153 -0.814419 0.024693 0.580078 -0.814187 0.011999 -0.580148 -0.814423 -0.000003 -0.580136 -0.814519 0.797295 -0.397783 -0.453970 0.789901 -0.256308 0.557102 -0.907491 -0.418188 -0.039747 0.903237 -0.426608 -0.046575 0.630088 0.207710 0.748229 0.793218 -0.249078 0.555667 0.906619 -0.419426 -0.046092 0.024054 -0.224880 -0.974089 0.187481 0.221129 -0.957054 0.024621 0.808937 -0.587379 0.010171 0.975277 -0.220750 -0.000387 0.972522 -0.232810 0.182245 0.796087 -0.577089 0.184174 0.570486 -0.800391 -0.328459 -0.919220 0.217141 -0.082104 -0.860579 0.502655 0.797294 0.397781 -0.453974 -0.010870 -0.252886 0.967435 -0.000004 -0.264227 0.964461 0.000865 0.853643 0.520857 0.010146 -0.975240 -0.220915 0.000002 0.808200 -0.588909 -0.000005 0.580139 -0.814517 -0.329005 0.918781 0.218166 -0.081916 0.859587 0.504382 
						-0.010761 0.251630 0.967764 0.000022 0.865097 0.501605 -0.000000 0.974467 -0.224529 0.011746 -0.224970 -0.974295 -0.000003 -0.224990 -0.974361 -0.001014 -0.854069 0.520159 0.012213 0.808471 -0.588410 0.780919 0.106267 -0.615526 0.780905 -0.106270 -0.615544 -0.774505 0.616045 -0.143633 0.781024 0.619475 -0.079076 0.715486 0.619751 -0.322471 0.011744 0.225005 -0.974287 -0.779435 0.609891 -0.143230 -0.910775 -0.411030 -0.039289 -0.794794 0.602599 -0.071956 -0.773857 -0.616148 -0.146654 0.145469 0.951537 -0.270956 0.869372 0.415878 -0.266905 0.814710 0.478032 -0.328225 -0.000020 -0.865193 0.501439 -0.629804 0.207600 0.748498 -0.000027 0.224995 -0.974360 -0.326662 -0.921275 0.211057 -0.081543 0.862937 0.498688 -0.327272 0.920814 0.212121 -0.789928 0.608918 -0.072342 -0.012000 -0.580148 -0.814422 -0.012215 -0.808463 -0.588420 0.910775 -0.411030 -0.039289 0.779435 0.609891 -0.143229 0.794794 0.602599 -0.071956 0.802105 -0.392735 -0.449874 0.789266 -0.276399 -0.548328 0.802105 0.392689 -0.449914 0.784376 0.280345 -0.553318 0.714981 -0.618914 -0.325188 -0.011744 0.224994 -0.974289 -0.000748 0.856705 0.515806 -0.634899 -0.166518 0.754437 -0.334039 -0.918504 0.211588 -0.778792 -0.609986 -0.146287 0.593203 0.669569 0.446976 0.872858 -0.408732 -0.266564 0.720771 0.613795 -0.322095 0.720214 -0.613008 -0.324827 -0.024200 0.224890 -0.974084 -0.011998 0.580156 -0.814417 0.785975 0.613232 -0.078676 -0.184178 0.570499 -0.800381 -0.797295 0.397784 -0.453970 -0.182255 0.796071 -0.577109 -0.024621 0.808936 -0.587380 -0.010174 0.975277 -0.220751 -0.012219 0.808443 -0.588447 -0.024695 0.580075 -0.814188 -0.011745 -0.224993 -0.974289 -0.145510 -0.951486 -0.271110 -0.869373 -0.415875 -0.266906 -0.814710 -0.478033 -0.328226 0.000748 0.856705 0.515806 -0.182248 -0.796082 -0.577095 -0.024693 -0.580083 -0.814183 -0.024622 -0.808913 -0.587412 
						0.000420 -0.972475 -0.233008 0.773857 -0.616148 -0.146655 0.326662 -0.921274 0.211057 0.000385 0.972522 -0.232810 0.081541 0.862937 0.498689 -0.599759 0.665290 0.444610 -0.613809 0.762887 0.203082 -0.630087 0.207713 0.748228 0.598752 0.466298 0.651200 0.629804 0.207601 0.748498 0.614151 0.762463 0.203639 0.010832 -0.252941 0.967421 -0.184167 -0.570475 -0.800401 -0.797296 -0.397785 -0.453968 -0.784378 -0.280344 -0.553316 -0.010146 -0.975240 -0.220916 -0.187484 0.221142 -0.957051 -0.784376 0.280338 -0.553322 -0.869375 0.415878 -0.266895 -0.145467 0.951529 -0.270984 -0.814710 0.478033 -0.328225 -0.607298 0.767923 0.203674 0.593137 0.669196 0.447623 0.607667 0.767474 0.204266 0.789928 0.608918 -0.072342 0.975325 -0.180266 -0.127456 0.995197 -0.063689 -0.074342 0.995252 -0.074834 -0.062233 0.000880 -0.857102 0.515147 0.081716 -0.863921 0.496955 -0.024055 -0.224853 -0.974096 0.136130 -0.241747 0.960743 0.628845 0.162211 0.760422 0.628685 -0.167050 0.759506 -0.789266 0.276399 -0.548328 -0.785894 0.104527 -0.609463 -0.789266 -0.276398 -0.548328 0.082106 -0.860579 0.502655 -0.187445 -0.221143 -0.957058 0.329005 0.918781 0.218166 0.135981 0.237986 0.961703 0.081915 0.859586 0.504383 0.788392 -0.249686 0.562224 -0.623724 0.208319 0.753373 -0.788499 -0.249970 0.561946 -0.780905 -0.106273 -0.615543 0.001013 -0.854069 0.520159 -0.000021 -0.862298 0.506400 0.010763 0.251629 0.967764 0.328458 -0.919220 0.217141 0.774505 0.616045 -0.143633 -0.715487 0.619751 -0.322471 -0.593194 0.669510 0.447078 0.592182 0.468585 0.655552 0.907491 -0.418187 -0.039748 -0.789901 -0.256309 0.557102 -0.903237 -0.426608 -0.046576 0.634899 -0.166518 0.754437 0.635099 0.161736 0.755308 0.778792 -0.609986 -0.146288 -0.780919 0.106265 -0.615527 -0.781024 0.619475 -0.079077 -0.785975 0.613231 -0.078675 -0.906619 -0.419426 -0.046094 
						-0.592384 0.468827 0.655197 0.623405 0.208303 0.753642 0.963900 -0.140358 -0.226265 0.994980 -0.051312 -0.085917 0.927343 -0.332628 0.171443 0.994397 -0.091742 0.052523 0.994779 -0.078609 0.065085 0.938125 -0.129838 0.321034 0.995179 -0.063920 0.074390 0.994849 -0.051777 0.087144 0.994511 -0.020415 0.102625 0.933405 -0.093506 0.346427 0.994516 -0.037577 0.097603 -0.184453 0.975825 -0.117228 -0.008951 0.800159 0.599722 -0.044501 0.999006 0.002561 -0.177744 0.975576 -0.129071 0.050768 0.873100 0.484890 0.364315 0.896504 0.252101 0.342909 0.838942 -0.422598 0.405286 0.861659 -0.305429 0.398214 0.873035 -0.281489 0.961538 -0.114783 -0.249540 0.994999 -0.035193 -0.093483 0.967059 -0.181169 0.178816 0.995179 -0.063920 0.074390 0.916971 -0.398841 -0.009537 0.994261 -0.104641 -0.022254 0.994253 -0.106756 -0.007953 0.926236 -0.357108 -0.120670 0.994658 -0.088763 -0.052684 0.921056 -0.363453 0.139850 0.994377 -0.099748 0.035565 0.959193 -0.048641 -0.278539 0.994778 -0.019219 -0.100239 -0.000202 0.781601 0.623779 -0.009012 0.795197 0.606285 -0.054946 0.668527 0.741655 -0.033140 0.954726 -0.295636 0.004290 0.955251 -0.295765 0.126546 0.984513 0.121325 -0.908534 0.404595 -0.104256 -0.636000 0.731244 -0.246548 -0.690284 0.719374 -0.077519 -0.330564 0.943583 -0.019480 -0.305714 0.948540 -0.082531 0.301643 0.932182 -0.200119 0.871947 0.345692 -0.346706 0.718688 0.351700 -0.599828 -0.399544 0.858580 -0.321254 0.000128 0.793871 -0.608086 -0.089680 0.931475 -0.352578 0.204753 0.936249 -0.285507 0.336065 0.842270 -0.421476 -0.412375 0.910031 -0.042313 0.173212 0.980242 -0.095519 -0.185333 0.974859 -0.123700 0.389521 0.844290 -0.368033 0.083887 0.989074 -0.121226 0.086789 0.934594 -0.344967 0.485596 0.824891 -0.289398 0.397983 0.864408 -0.307261 -0.194767 0.927474 0.319153 -0.258906 0.722309 0.641278 
						-0.135776 0.776100 0.615820 0.106757 0.954467 -0.278559 0.171312 0.768816 -0.616096 0.063471 0.768539 -0.636647 -0.695706 0.418252 -0.584002 -0.517367 0.740984 -0.428105 0.429183 0.741402 0.515873 0.339312 0.415463 0.843954 0.250011 0.732933 0.632695 -0.331225 0.942722 0.039555 0.919858 -0.382600 -0.086481 0.994249 -0.099650 -0.039216 -0.399427 0.869724 -0.289895 -0.406902 0.855776 -0.319497 -0.341562 0.828984 -0.442855 -0.140093 0.957086 -0.253695 -0.169792 0.977441 -0.125615 -0.470071 0.416560 -0.778146 -0.184500 0.729002 -0.659178 -0.351993 0.737502 -0.576361 -0.137017 0.972630 0.187661 -0.521388 0.735869 0.432031 -0.261379 0.949135 0.175568 0.363179 0.925309 -0.109109 0.932876 0.338635 -0.122753 -0.156912 0.945862 -0.284120 -0.329398 0.763152 -0.555964 -0.228994 0.941788 -0.246166 0.178240 0.730039 -0.659753 0.470013 0.416555 -0.778183 0.345751 0.739642 -0.577396 -0.640026 0.726801 0.249255 -0.309760 0.944808 0.106703 0.485408 0.351753 -0.800405 0.107077 0.932316 -0.345430 0.351100 0.924906 0.145872 0.908835 0.340955 0.240351 0.386188 0.920436 0.060477 0.695363 0.418213 -0.584438 0.632212 0.733655 -0.249117 0.511750 0.744143 -0.429375 0.907729 0.401460 -0.121891 0.689623 0.718434 -0.090960 0.328594 0.770104 -0.546778 0.154055 0.951076 -0.267810 0.222231 0.946655 -0.233362 0.071367 0.340598 -0.937496 0.037790 0.926918 -0.373356 0.105128 0.418087 0.902304 0.169745 0.925017 0.339898 0.045318 0.890135 0.453437 0.349995 0.343915 0.871336 0.278311 0.929716 0.241186 -0.062120 0.869146 0.490638 -0.362607 0.890249 0.275631 -0.484415 0.770156 -0.414971 -0.228994 0.941788 -0.246166 -0.329398 0.763152 -0.555964 -0.587235 0.773136 -0.239615 -0.364187 0.930972 -0.025664 -0.344794 0.933108 -0.102111 0.089858 0.989266 -0.115236 0.395324 0.844326 -0.361707 0.418749 0.904941 -0.075703 
						0.037489 0.930339 -0.364780 0.056892 0.691877 0.719770 -0.054305 0.672673 0.737944 0.294679 0.935577 -0.194578 -0.559696 0.775414 0.292360 0.355313 0.928665 -0.106458 0.917433 -0.393963 0.055772 0.994278 -0.106731 0.004326 0.994333 -0.104687 0.018527 0.326371 0.773721 -0.542990 -0.092158 0.922065 0.375902 0.170233 0.772464 -0.611817 0.286261 0.954777 -0.080342 0.140617 0.982240 -0.124223 0.916487 0.397264 0.047255 0.699800 0.713547 0.033623 -0.484296 0.348971 0.802295 -0.094073 0.918457 0.384171 -0.189831 0.929933 0.314942 -0.238478 0.411126 0.879831 -0.351580 0.737293 0.576880 -0.181778 0.727477 0.661615 0.004418 0.954192 -0.299161 0.052095 0.956319 -0.287647 -0.240584 0.410070 -0.879751 -0.054799 0.723679 -0.687957 -0.033295 0.953672 -0.299000 0.781435 0.412164 0.468488 0.806424 0.347426 0.478514 0.119365 0.410313 0.904099 -0.043746 0.719852 0.692747 0.088530 0.722390 0.685795 0.313834 0.949256 -0.020509 0.318533 0.947509 0.027617 0.119479 0.407036 0.905564 0.586035 0.415482 0.695656 0.608284 0.350958 0.711912 0.339834 0.412186 0.845349 0.608284 0.350958 0.711912 0.917813 0.394173 0.047402 0.940184 0.336701 0.051826 -0.068172 0.401330 -0.913393 -0.241920 0.341822 -0.908093 -0.066405 0.338665 -0.938561 -0.848488 0.408740 0.336154 -0.716702 0.350321 0.603004 -0.870698 0.347318 0.348216 -0.696824 0.415039 -0.584961 -0.868181 0.349257 -0.352535 -0.712143 0.350851 -0.608076 -0.238769 0.407912 0.881248 -0.045052 0.415494 0.908480 -0.242734 0.338820 0.909000 0.909128 0.398253 -0.121983 -0.847967 0.409392 -0.336676 -0.932037 0.345210 -0.110166 -0.697152 0.414754 0.584771 -0.716702 0.350321 0.603004 -0.910142 0.401054 0.103906 -0.932710 0.344034 0.108134 0.278311 0.929716 0.241186 -0.007187 0.921788 -0.387627 -0.057127 0.920128 -0.387430 -0.478575 0.347625 -0.806302 
						-0.144429 0.924772 -0.352047 -0.280079 0.930568 0.235793 -0.082799 0.943319 0.321393 -0.005789 0.885206 0.465163 0.396228 0.918133 0.005965 -0.353598 0.933495 -0.059640 -0.298297 0.937088 -0.181343 -0.341812 0.929763 0.136766 -0.364572 0.930349 0.039214 -0.313546 0.933832 -0.172184 0.411426 0.908302 -0.075604 -0.280079 0.930568 0.235793 -0.240887 0.406794 -0.881188 0.696490 0.414998 -0.585387 0.847078 0.408861 -0.339547 -0.908737 0.404262 0.103772 -0.691286 0.718541 0.076313 0.304405 0.948954 0.082613 0.580286 0.735962 0.348754 0.264938 0.952709 0.148838 0.254123 0.943187 0.214056 0.552591 0.766567 0.327137 0.313155 0.938327 0.146546 0.241258 0.761909 0.601074 0.095843 0.904973 0.414534 0.057514 0.687827 0.723592 0.631369 0.757291 0.166983 0.346824 0.934775 0.076863 0.358392 0.933347 0.020442 0.654855 0.754783 0.038305 0.028396 0.941635 0.335436 0.391539 0.919313 -0.039510 -0.172992 0.756970 -0.630135 -0.106022 0.949323 -0.295879 -0.064610 0.757605 -0.649508 -0.563389 0.772090 0.294058 -0.360683 0.931364 0.049700 -0.622918 0.775307 0.104266 0.003826 0.973989 0.226563 -0.064495 0.761122 -0.645395 -0.014242 0.747135 -0.664520 -0.624483 0.778185 -0.066702 0.378007 0.923937 0.058741 0.387869 0.921698 0.005498 -0.629021 0.774479 -0.067195 0.111269 0.960663 -0.254450 0.413149 0.773546 0.480556 0.181247 0.945877 0.269197 0.643216 0.761167 -0.083052 0.355126 0.934273 -0.031936 0.486445 0.771594 -0.409895 -0.241185 0.929718 -0.278307 -0.080847 0.954469 -0.287146 -0.068117 0.404598 -0.911954 0.048381 0.723976 -0.688127 0.593932 0.768588 -0.237735 0.334467 0.937240 -0.098553 -0.027020 0.940458 0.338835 0.240584 0.410072 -0.879750 -0.470885 0.413302 0.779390 0.027201 0.998748 -0.041981 -0.112912 0.987471 -0.110239 0.442769 0.276519 -0.852931 -0.231857 0.364786 -0.901761 
						-0.696026 0.418006 0.583797 0.183693 0.976178 -0.115466 -0.391268 0.851509 -0.349059 0.336971 0.838277 -0.428651 -0.470812 0.413305 -0.779432 0.072426 0.953404 0.292873 0.043779 0.999037 0.002909 0.008266 0.800446 0.599347 -0.100451 0.988713 0.111162 -0.369966 0.887107 0.275984 -0.419710 0.906653 -0.042703 0.998997 0.001062 0.044770 0.139171 0.981123 -0.134274 0.131264 0.983862 0.121594 -0.334731 0.832417 -0.441629 -0.026873 0.941669 0.335465 0.136175 0.981917 -0.131509 0.028085 0.942841 0.332057 0.928590 0.370525 -0.020799 -0.618271 0.779117 0.103525 0.383277 0.922818 -0.038816 0.015684 0.748605 -0.662831 0.442769 0.276519 -0.852931 0.995007 0.017724 -0.098223 -0.134696 0.779676 0.611524 0.037277 0.930362 -0.364743 -0.054576 0.672643 0.737952 0.240899 0.406809 -0.881178 0.247858 0.346343 -0.904772 0.780144 0.415425 0.467757 0.429183 0.741402 0.515873 0.315080 0.948664 0.027582 0.301060 0.950080 0.081920 -0.124006 0.981771 0.144045 0.669519 0.722203 0.173684 0.093408 0.946441 0.309072 0.134687 0.975401 0.174508 0.259960 0.892859 -0.367728 0.470743 0.413309 -0.779472 -0.177744 0.975576 -0.129071 -0.306541 0.945978 0.105637 -0.327813 0.943923 0.039351 0.082728 0.990004 -0.114232 0.106483 0.987806 0.113583 -0.356927 0.933797 -0.025016 0.134687 0.975401 0.174508 0.960784 -0.081644 -0.265006 0.918002 -0.394046 -0.044719 0.107898 0.986838 0.120453 0.051175 0.869457 0.491351 -0.040559 0.974514 0.220629 0.916786 -0.398841 0.020712 0.054514 -0.997922 0.034348 -0.045723 -0.730258 -0.681640 -0.344840 0.936811 -0.058913 0.627484 0.760745 0.165924 -0.305419 0.937108 -0.168964 0.131357 0.983309 0.125894 0.535582 0.265539 0.801649 -0.837403 0.383973 0.388999 0.918835 -0.382386 0.097588 -0.486323 0.822186 -0.295804 0.104892 0.935745 -0.336717 -0.257510 0.725945 0.637724 
						0.200262 0.939435 -0.278131 0.239854 0.765601 0.596931 -0.140348 0.928237 -0.344498 0.410372 0.777155 0.477101 -0.234639 0.933087 -0.272568 0.548882 0.770210 0.324816 -0.356010 0.933690 0.038464 0.589786 0.772240 -0.236218 0.638892 0.764847 -0.082618 -0.480986 0.773763 -0.412242 0.272566 0.933071 0.234706 0.343621 0.928356 0.141704 0.483053 0.775218 -0.407059 -0.185556 0.933291 0.307468 -0.583008 0.776771 -0.238178 0.011925 0.975415 0.220055 0.018849 0.970685 0.239616 -0.272177 0.937414 0.217199 -0.435843 0.761484 0.479773 -0.055460 0.923613 -0.379294 0.059544 0.692037 0.719402 -0.006525 0.925242 -0.379321 0.389403 -0.844674 -0.367275 -0.193155 -0.973218 -0.124652 0.083888 -0.989080 -0.121179 0.042654 0.976595 0.210816 -0.364283 0.887603 0.281883 -0.094699 0.988607 0.116995 0.044547 0.894244 0.445358 -0.171896 0.760409 -0.626282 0.166575 0.928504 0.331863 -0.327102 0.766826 -0.552251 -0.333688 0.933142 0.133787 0.483053 0.775218 -0.407059 -0.432945 0.765132 0.476582 -0.331508 0.933959 0.133504 -0.005448 0.889326 0.457242 0.063169 0.772191 -0.632243 0.650722 0.758353 0.038221 0.934345 0.014930 0.356057 0.934993 0.049613 0.351180 0.999698 -0.010510 0.022199 0.480687 0.000239 -0.876892 0.919939 -0.391531 0.020405 0.920557 -0.386782 0.054537 0.884303 0.404869 0.232571 0.318666 -0.947466 0.027573 0.106621 -0.987821 0.113323 -0.104056 -0.952765 -0.285326 -0.039936 -0.976348 0.212487 -0.011645 -0.999526 0.028499 -0.000165 -0.786650 0.617399 -0.021080 -0.968796 -0.246963 -0.005227 -0.850476 0.525987 -0.002848 -0.897262 0.441488 -0.061404 -0.866890 0.494704 -0.072164 -0.963646 -0.257253 -0.002823 -0.900552 0.434738 0.074779 -0.966693 -0.244771 0.043037 -0.978266 0.202838 -0.011912 -0.935304 -0.353644 -0.035705 -0.997669 -0.058144 -0.003973 -0.998640 -0.051979 -0.035705 -0.997669 -0.058144 
						-0.005230 -0.854155 0.519992 -0.003973 -0.998640 -0.051979 -0.009277 -0.648969 -0.760758 -0.001106 -0.843657 -0.536882 -0.001334 -0.630837 -0.775915 0.104830 -0.957547 -0.268540 -0.093483 -0.989545 0.109821 0.015653 0.752390 -0.658532 -0.072790 0.961775 -0.263991 -0.014270 0.743301 -0.668805 -0.053090 0.404955 0.912794 -0.000199 0.786709 0.617323 0.000005 0.999668 0.025765 0.000860 0.989581 -0.143974 -0.062383 0.865650 0.496747 -0.004190 0.895741 0.444557 -0.007589 0.849286 0.527879 0.075478 0.966864 -0.243878 -0.004134 0.899088 0.437748 0.042916 0.978067 0.203820 -0.072679 0.963774 -0.256627 -0.040659 0.976088 0.213540 -0.001714 0.934224 -0.356684 -0.004947 0.998550 -0.053611 -0.036593 0.997473 -0.060903 -0.004947 0.998550 -0.053611 0.027201 0.998748 -0.041981 -0.007647 0.853022 0.521819 -0.036593 0.997473 -0.060903 0.018825 0.972861 0.230624 0.001452 0.732737 -0.680511 0.015653 0.752390 -0.658532 0.011925 0.977402 0.211054 0.075537 0.964983 -0.251203 0.001461 0.728802 -0.684723 -0.000782 0.847903 -0.530151 0.249405 0.945698 0.208455 0.306873 0.940958 0.142923 -0.070268 0.992039 -0.104508 -0.789833 0.256078 0.557305 0.714982 0.618913 -0.325189 -0.327272 -0.920814 0.212120 0.995180 0.005843 0.097894 0.995184 -0.005839 0.097847 0.992821 -0.005333 -0.119488 0.994971 -0.099874 -0.007635 0.995208 -0.019236 0.095865 0.995213 -0.035066 0.091220 0.995526 -0.048370 0.081170 0.995100 -0.085811 0.049124 0.995829 -0.059560 0.069123 0.995458 -0.073540 0.060464 0.995086 -0.093301 0.033147 0.995043 -0.097920 0.017353 0.994990 -0.099891 0.004002 0.994975 -0.097895 -0.020984 0.994965 -0.093244 -0.036749 0.995343 -0.082836 -0.049302 0.995898 -0.069407 -0.058043 0.995847 -0.059276 -0.069097 0.995647 -0.047942 -0.079924 0.995661 -0.032922 -0.087039 0.995458 -0.018028 -0.093483 0.992821 0.005333 -0.119488 
						0.995458 0.018026 -0.093481 0.995661 0.032919 -0.087039 0.995872 0.045870 -0.078322 0.995949 0.057672 -0.068995 0.995448 0.072057 -0.062371 0.995099 0.084261 -0.051743 0.995133 0.091682 -0.036111 0.995147 0.096221 -0.020607 0.995142 0.098162 -0.007505 0.995213 0.096239 0.017028 0.995249 0.091760 0.032546 0.995268 0.084355 0.048235 0.995594 0.072433 0.059555 0.995891 0.059077 0.068638 0.995211 0.035065 0.091239 0.793218 0.249078 0.555667 0.598949 -0.466540 0.650846 -0.847476 0.412936 -0.333569 -0.872858 -0.408732 -0.266564 -0.793059 0.248885 0.555980 -0.599739 -0.665025 0.445033 0.785893 0.104527 -0.609463 0.802105 0.392689 -0.449914 0.802105 -0.392689 -0.449914 0.819231 0.471555 -0.326339 0.872858 -0.408732 -0.266564 0.819231 -0.471555 -0.326338 -0.613809 -0.762887 0.203082 -0.599787 -0.665273 0.444597 -0.598943 -0.466538 0.650854 0.628714 0.166961 0.759502 -0.785894 0.104527 -0.609463 -0.785894 -0.104527 -0.609463 -0.789266 -0.276398 -0.548328 -0.819231 -0.471555 -0.326339 -0.819231 0.471556 -0.326338 0.793059 0.248885 0.555980 0.598752 -0.466298 0.651200 0.599750 -0.665016 0.445032 0.614151 -0.762463 0.203639 -0.334611 -0.918080 0.212519 -0.334039 0.918503 0.211588 0.789842 0.256033 0.557312 0.635099 -0.161737 0.755308 0.334611 -0.918080 0.212520 0.947559 0.002812 -0.319569 0.192047 -0.974545 -0.115672 0.180604 -0.978864 -0.095953 -0.055070 -0.668462 0.741704 -0.000170 -0.781520 0.623880 -0.100077 -0.884010 0.456630 -0.069221 -0.947540 0.312052 -0.009006 -0.795139 0.606360 0.935331 0.315337 -0.160371 0.137968 -0.982893 -0.122005 0.109577 -0.961633 -0.251504 0.051377 -0.957335 -0.284376 -0.138404 -0.958099 -0.250780 -0.167144 -0.978177 -0.123423 -0.080131 -0.955521 -0.283829 -0.390050 -0.854898 -0.342068 0.288832 -0.941625 -0.172971 0.056488 -0.691808 0.719868 -0.007660 -0.925345 -0.379048 
						0.029468 -0.930512 -0.365073 -0.697155 -0.414754 0.584768 -0.055070 -0.668462 0.741704 -0.258916 -0.722273 0.641314 0.443004 -0.276140 -0.852933 -0.229154 -0.362051 -0.903553 -0.198955 -0.972787 -0.118755 -0.185259 -0.974489 -0.126688 -0.364571 -0.930349 0.039215 -0.344763 -0.933110 -0.102197 0.346845 -0.934775 0.076771 0.947366 -0.019724 -0.319545 0.288832 -0.941625 -0.172971 0.185287 -0.975891 -0.115351 0.139327 -0.981136 -0.134013 0.336956 -0.838239 -0.428738 -0.077398 -0.991386 -0.105661 -0.396978 -0.851395 -0.342833 0.113750 -0.986919 0.114242 0.371060 -0.893202 0.253979 -0.015796 -0.998643 0.049621 0.042434 -0.737411 -0.674110 0.006228 -0.655720 -0.754979 -0.045723 -0.730258 -0.681640 -0.273485 -0.933914 0.230239 0.365597 -0.893720 0.260007 0.068182 -0.401322 -0.913396 0.092226 -0.947597 0.305866 0.132448 -0.976182 0.171834 -0.135276 -0.973446 0.184673 -0.082072 -0.944492 0.318119 0.383308 -0.922798 -0.038964 -0.134670 -0.779704 0.611494 -0.052613 -0.672641 0.738096 0.036914 -0.930363 -0.364777 0.965891 -0.135539 -0.220646 0.976852 -0.174783 -0.123333 0.969161 -0.009885 -0.246229 0.979385 0.144520 -0.141136 0.966570 0.088918 -0.240492 0.964093 0.060926 -0.258482 0.950020 0.002490 -0.312179 0.963582 -0.111019 -0.243279 0.962860 -0.079051 -0.258168 0.961975 0.029173 -0.271574 0.961305 -0.047353 -0.271387 0.585030 -0.418708 0.694567 0.283089 -0.955817 -0.079210 0.301213 -0.950035 0.081878 0.262087 -0.953766 0.147110 -0.258794 -0.950244 0.173383 -0.302509 -0.949660 -0.081448 -0.327200 -0.944759 -0.019258 0.134658 -0.975411 0.174474 0.173372 -0.980182 -0.095842 0.126945 0.983752 0.126956 -0.628713 -0.166960 0.759502 -0.872858 0.408732 -0.266564 -0.789842 -0.256033 0.557312 0.613809 0.762887 0.203082 0.599776 0.665283 0.444598 0.598948 0.466530 0.650854 -0.793059 -0.248885 0.555980 -0.598760 0.466289 0.651199 
						-0.599752 0.665015 0.445032 -0.614151 0.762463 0.203639 0.785894 -0.104527 -0.609463 0.785893 0.104527 -0.609463 0.789266 0.276398 -0.548328 0.819230 0.471555 -0.326338 0.819231 -0.471556 -0.326338 0.872859 0.408732 -0.266564 -0.635099 0.161737 0.755308 -0.334611 0.918080 0.212520 -0.714982 -0.618913 -0.325189 -0.793218 -0.249078 0.555667 -0.598953 0.466535 0.650846 0.793059 -0.248885 0.555980 0.599749 0.665017 0.445032 0.327272 0.920814 0.212120 -0.785894 -0.104527 -0.609463 -0.802105 -0.392689 -0.449914 -0.802105 0.392689 -0.449914 -0.819230 -0.471555 -0.326338 -0.819230 0.471555 -0.326338 0.789833 -0.256078 0.557305 0.334611 0.918080 0.212519 0.334039 -0.918503 0.211588 0.967059 -0.181169 0.178816 0.932149 -0.051157 0.358442 -0.069149 0.949931 0.304712 0.189560 0.975745 -0.109490 0.180462 0.978907 -0.095781 -0.100154 0.884005 0.456623 -0.069221 0.947540 0.312052 0.072418 0.951124 0.300196 0.008373 0.795495 0.605902 0.109577 0.961633 -0.251505 0.137933 0.982902 -0.121974 -0.167144 0.978177 -0.123423 -0.138404 0.958099 -0.250782 -0.080131 0.955519 -0.283835 0.051369 0.957347 -0.284339 -0.846666 0.412586 -0.336050 -0.390040 0.854972 -0.341894 -0.335493 0.828282 -0.448769 0.585004 0.418708 0.694589 -0.191244 0.974450 -0.117782 -0.184976 0.974218 -0.129163 0.845701 0.412074 -0.339094 0.371683 0.893253 0.252883 0.113607 0.986903 0.114528 0.037542 0.930352 -0.364740 -0.006972 0.925363 -0.379017 0.056927 0.691861 0.719783 -0.470143 0.416514 0.778127 0.885612 0.401722 0.233047 -0.053031 0.408200 0.911351 0.586035 0.415482 0.695656 -0.697152 0.414754 0.584771 -0.909906 0.401463 -0.104395 0.288823 0.941625 -0.172982 0.068121 0.404579 -0.911962 0.173212 0.980242 -0.095519 0.139171 0.981123 -0.134274 -0.847154 0.411946 0.335605 -0.071445 0.991197 -0.111466 0.182819 0.977080 -0.109047 
						-0.396978 0.851461 -0.342670 -0.077350 0.991404 -0.105519 0.388416 0.847883 -0.360871 0.132448 0.976182 0.171834 0.092225 0.947597 0.305867 -0.135276 0.973445 0.184674 -0.082072 0.944491 0.318120 0.972090 0.172090 0.159454 0.939471 0.311169 0.143413 0.933834 0.338787 0.114797 0.938017 0.309788 -0.155420 0.932299 0.338104 -0.128464 0.931393 0.355898 0.076440 0.929707 0.366270 0.038613 0.930343 0.355402 -0.090289 0.929123 0.366011 -0.052589 0.928769 0.370598 0.006792 -0.134700 0.779691 0.611504 0.105583 0.935608 -0.336882 0.037275 0.930358 -0.364752 0.068182 0.401322 -0.913396 0.585004 0.418708 0.694589 0.262075 0.953766 0.147133 0.283045 0.955831 -0.079198 0.310430 0.950379 -0.020331 -0.258779 0.950244 0.173405 -0.302509 0.949660 -0.081447 -0.327200 0.944759 -0.019258 -0.105542 0.951668 -0.288426 -0.155183 0.948284 -0.276904 -0.225237 0.944318 -0.239859 -0.292693 0.939751 -0.176633 -0.337948 0.935874 -0.099657 -0.353530 0.934157 0.048653 -0.325003 0.936699 0.130261 -0.267310 0.940062 0.211728 -0.192148 0.930359 0.312268 -0.099417 0.887788 0.449388 0.366153 0.893786 0.258996 -0.135500 0.779379 0.611725 -0.327102 0.766826 -0.552251 -0.273485 0.933915 0.230235 0.003829 0.971860 0.235526 -0.335805 -0.828596 -0.447954 0.272566 0.933071 0.234706 -0.273485 0.933915 0.230235 0.968865 -0.176630 0.173499 0.940812 -0.126210 0.314554 0.936194 -0.090888 0.339529 0.934993 -0.049806 0.351153 0.934345 -0.015130 0.356048 0.995071 0.000010 -0.099165 0.940942 0.125790 0.314333 0.936211 0.090690 0.339535 0.994556 -0.000026 -0.104203 0.930200 -0.327089 0.166556 0.929143 -0.350699 -0.117065 0.922919 -0.375762 -0.083809 0.924099 -0.357040 0.136252 0.921920 -0.375524 0.095111 0.921099 -0.386908 -0.043341 0.920105 -0.391563 -0.009221 0.082712 -0.990010 -0.114185 -0.099371 -0.887788 0.449398 
						-0.192124 -0.930377 0.312230 -0.267297 -0.940078 0.211672 -0.324976 -0.936716 0.130208 -0.353491 -0.934174 0.048610 -0.356877 -0.933815 -0.025085 -0.337883 -0.935891 -0.099716 -0.292616 -0.939767 -0.176672 -0.225185 -0.944318 -0.239907 -0.154303 -0.948981 -0.275001 0.000788 -0.848035 -0.529940 0.151534 -0.953938 -0.258922 0.218472 -0.949058 -0.227065 0.283196 -0.944176 -0.168320 0.327602 -0.939915 -0.096113 0.347824 -0.937034 -0.031392 0.351086 -0.936127 0.020128 -0.070286 -0.992026 -0.104610 0.339717 -0.937519 0.075171 0.306847 -0.940974 0.142873 0.249392 -0.945713 0.208399 0.178643 -0.948315 0.262269 0.095177 -0.908362 0.407209 0.018825 0.972861 0.230624 -0.000727 0.852227 -0.523173 0.152345 0.953347 -0.260616 0.106369 0.956645 -0.271139 -0.093348 0.989511 0.110247 0.095177 0.908362 0.407209 0.218465 0.949073 -0.227008 0.178669 0.948300 0.262307 0.283214 0.944176 -0.168290 0.347875 0.937018 -0.031326 0.327612 0.939915 -0.096078 0.351128 0.936110 0.020165 0.339745 0.937503 0.075246 
					</float_array>
					<technique_common>
						<accessor count="1507" offset="0" source="#meshId0-normals-array" stride="3">
							<param name="X" type="float" />
							<param name="Y" type="float" />
							<param name="Z" type="float" />
						</accessor>
					</technique_common>
				</source>
				<source id="meshId0-tangents" name="meshId0-tangents">
					<float_array id="meshId0-tangents-array" count="4521"> 
						0.417634 0.908355 0.021734 0.612845 -0.362340 -0.702233 0.426547 -0.880551 0.206611 -0.004245 0.520856 0.853634 0.000019 0.964521 0.264008 0.000030 0.506574 0.862197 0.982272 -0.040082 0.183126 0.620202 -0.340030 0.706915 0.624649 -0.131731 0.769714 0.631626 0.767888 -0.106754 0.982902 -0.131831 0.128544 0.579336 -0.646757 0.496060 0.603310 -0.502351 0.619403 0.988484 0.128243 0.080330 0.995473 -0.046002 0.083167 0.999431 -0.008223 0.032695 0.080962 0.003908 -0.996709 0.095852 0.001873 -0.995394 0.003896 0.000385 -0.999992 0.999518 -0.008805 0.029775 0.999887 -0.007458 0.013037 0.999591 0.007079 0.027715 0.999887 -0.000437 0.015057 0.999692 0.000123 0.024812 0.999576 0.001769 0.029058 0.761702 0.393728 -0.514576 0.010701 0.970074 -0.242576 0.115176 0.985896 -0.121425 0.999841 0.002214 0.017707 0.999994 -0.000775 0.003340 0.999994 -0.002111 0.002893 -0.297630 0.330294 0.895724 -0.127227 0.158290 0.979162 -0.710591 0.234322 0.663441 0.352181 -0.159951 0.922163 -0.299867 -0.146111 0.942726 0.352181 0.159951 0.922163 -0.755672 0.394703 0.522656 -0.010348 0.971008 0.238823 -0.069267 0.509768 0.857519 0.982699 0.090718 0.161469 0.603199 0.498091 0.622942 0.982782 0.129359 0.131930 0.492584 0.686344 0.535063 0.579198 0.643671 0.500217 0.999995 0.001553 0.002721 0.999800 0.006115 0.019024 0.999740 0.011109 0.019900 0.624615 0.125673 0.770754 0.846864 0.167269 -0.504818 0.958964 -0.081262 0.271631 0.991894 0.125971 -0.016647 0.410762 0.911619 0.015021 -0.598980 0.792477 -0.114909 -0.599862 0.798041 -0.057421 0.999645 -0.006133 0.025948 0.241420 -0.113017 -0.963817 0.357393 0.069079 -0.931396 0.359524 -0.070642 -0.930458 0.999402 0.005646 0.034114 0.792807 0.602376 -0.092740 0.803529 -0.457550 0.380775 0.792557 -0.569516 0.217957 0.982246 0.035697 0.184171 
						0.999707 -0.004960 0.023702 0.988635 -0.129374 0.076568 0.492785 -0.689412 0.530918 0.613426 0.387928 0.687910 0.779989 0.228541 -0.582568 0.613088 -0.246802 -0.750474 0.932277 0.032642 0.360270 0.846950 -0.167427 -0.504623 0.486688 -0.199909 0.850395 0.932306 -0.032926 0.360169 -0.111889 0.986696 0.117950 0.999924 -0.004780 0.011329 0.999994 -0.002093 -0.002877 0.999903 -0.005970 0.012555 0.999849 -0.008188 0.015333 0.995669 0.048585 0.079261 0.982775 -0.094157 0.159022 0.999994 -0.000769 -0.003349 0.999994 -0.003363 -0.000780 0.999929 -0.004771 -0.010952 0.999917 -0.002535 -0.012643 0.999921 -0.001727 0.012462 0.999994 -0.002911 0.002073 0.999994 -0.003381 0.000789 0.002589 0.967496 -0.252874 -0.002586 0.967837 0.251564 0.000013 0.964461 -0.264227 0.630614 -0.769776 -0.098844 0.622502 0.762133 0.177888 0.611252 -0.791316 -0.013797 0.004219 0.520856 0.853634 0.999930 -0.003968 0.011138 0.999994 -0.002907 -0.002074 0.069473 0.508074 -0.858507 -0.317075 0.884631 0.341893 -0.134952 0.978213 0.157758 -0.724902 0.647029 0.236371 0.999995 0.001555 -0.002722 0.004294 0.520158 -0.854060 0.000072 0.506400 -0.862298 0.943861 0.306464 0.123312 0.696842 0.600117 0.392772 0.620139 0.335127 0.709308 0.517520 -0.181207 0.836263 0.604144 -0.080345 0.792814 0.517526 0.181191 0.836263 0.598826 0.792473 -0.115732 -0.410793 0.911617 0.014287 0.599785 0.798038 -0.058251 0.999880 -0.001060 -0.015489 0.999368 -0.008690 -0.034467 0.982686 0.127554 -0.134383 0.988349 0.127433 -0.083230 0.999706 -0.007173 -0.023181 0.999926 -0.005407 -0.010892 0.999662 -0.007651 -0.024866 0.803478 0.527124 -0.276702 0.804241 -0.292981 0.517068 -0.002549 0.967496 -0.252874 -0.069329 0.508068 -0.858522 -0.010533 0.970071 -0.242594 0.492344 0.682839 -0.539748 0.579048 0.640570 -0.504354 0.069305 0.509772 0.857513 
						0.002618 0.967838 0.251563 0.010455 0.971011 0.238807 0.988750 -0.130177 -0.073670 0.995762 0.049187 -0.077708 0.943831 0.307727 -0.120360 -0.710592 -0.234318 -0.663441 -0.530131 0.166513 -0.831405 0.079890 0.063366 -0.994788 0.112066 0.986701 0.117734 0.611754 0.790660 0.024800 0.793242 -0.600380 0.101543 0.623024 -0.764200 -0.166851 0.492997 -0.692917 -0.526137 0.579457 -0.649831 -0.491884 0.999681 -0.002121 -0.025175 0.982268 -0.042516 -0.182596 0.982234 0.033258 -0.184690 0.999722 0.011392 -0.020662 0.999787 0.005916 -0.019788 0.404098 -0.197806 -0.893072 0.517520 -0.181209 -0.836263 0.404091 0.197820 -0.893072 0.999830 0.001743 -0.018351 0.999546 0.000252 -0.030136 0.999355 0.004558 -0.035618 0.603403 -0.506512 -0.615915 0.982815 -0.096611 -0.157291 0.982978 -0.133626 -0.126091 0.999552 -0.009905 -0.028256 0.999895 -0.007647 -0.012285 0.999642 0.006602 -0.025918 0.135287 0.978212 0.157479 0.999863 -0.007877 -0.014533 0.144536 0.058525 0.987767 0.359536 0.070628 0.930455 0.079899 -0.063384 0.994786 0.117435 0.985950 -0.118789 -0.113934 0.986752 0.115495 0.599743 0.792411 0.111321 0.357411 -0.069052 0.931391 0.241420 0.113016 0.963817 0.982638 0.088252 -0.163198 0.603072 0.493863 -0.626421 0.631080 -0.769747 0.096060 0.697038 0.595255 -0.399763 0.804652 0.300234 -0.512244 0.803872 -0.522640 0.283966 0.803925 0.462638 -0.373726 0.999908 -0.006435 -0.011906 0.620248 -0.344710 -0.704604 0.792980 0.572095 -0.209500 -0.096776 0.638646 -0.763391 -0.353774 0.833708 -0.423999 -0.102159 0.751487 -0.651790 0.780434 -0.220101 0.585217 0.613867 -0.378852 -0.692560 0.613601 0.257359 0.746499 0.755909 0.394706 0.522312 0.995368 -0.045401 -0.084743 0.943483 -0.304632 -0.130538 -0.004269 0.520158 -0.854059 -0.761437 0.393727 -0.514969 0.620061 0.330392 -0.711594 0.612712 0.367357 0.699738 
						0.416882 -0.908197 -0.037248 0.425711 0.877022 -0.222715 0.631117 0.767913 0.109547 0.697295 -0.605016 -0.384362 0.097383 -0.648430 -0.755020 0.345908 -0.351619 -0.869892 0.101228 -0.508531 -0.855072 -0.117239 0.985954 -0.118955 -0.823969 0.393566 -0.407653 -0.599896 0.792410 0.110506 0.624629 -0.136098 -0.768970 0.624606 0.121282 -0.771465 0.104638 -0.194932 -0.975219 0.358805 -0.242539 -0.901351 0.362042 -0.130879 -0.922928 -0.097609 0.503084 -0.858708 -0.208806 0.697735 -0.685248 0.104001 -0.863123 -0.494169 0.349831 -0.848847 -0.396330 0.100626 -0.769946 -0.630125 0.104580 -0.354333 -0.929253 0.105261 -0.973048 0.205176 0.378406 -0.924191 0.051764 0.105323 -0.991719 0.073485 -0.941301 0.331120 -0.065664 -0.691407 0.681859 -0.238797 -0.723462 0.687777 0.059716 -0.754446 -0.361709 0.547703 -0.320640 -0.938349 0.129195 -0.881574 -0.379165 0.281177 -0.047341 0.372493 -0.926827 -0.015162 0.316423 -0.948497 -0.025198 0.339896 -0.940125 -0.126645 0.044375 -0.990955 -0.280410 0.104266 -0.954201 -0.102064 0.187417 -0.976964 0.241476 -0.709662 -0.661869 -0.099890 0.351448 -0.930863 -0.263641 0.339154 -0.903033 0.639525 0.514981 -0.570791 0.630878 0.520274 -0.575594 0.489185 0.543608 -0.682047 0.363754 -0.039145 -0.930672 0.104893 -0.058274 -0.992775 0.686657 -0.435993 -0.581732 0.771104 -0.137431 -0.621700 0.143688 -0.711672 -0.687660 0.102159 -0.751487 0.651791 0.368965 -0.867814 0.332810 0.105747 -0.848364 0.518744 0.012756 0.117972 -0.992935 -0.006388 -0.006849 -0.999956 -0.999980 -0.005471 0.003166 -0.999439 0.030225 0.014426 -0.991935 -0.125143 0.020119 0.044395 0.026661 -0.998658 -0.156426 0.391424 -0.906817 -0.033248 0.091435 -0.995256 -0.412937 0.907534 0.076577 -0.517724 -0.351135 0.780171 -0.266407 -0.936098 0.229670 0.010840 0.363845 -0.931396 0.015469 0.354760 -0.934829 -0.004032 0.419054 -0.907952 
						-0.912985 -0.348166 0.212696 -0.599400 -0.636047 0.485967 -0.720109 -0.639641 0.268891 -0.055932 0.717695 0.694107 -0.024135 -0.365756 0.930398 -0.022543 0.739743 0.672512 -0.909436 -0.212048 -0.357718 -0.674966 0.221872 -0.703700 -0.896019 0.423079 -0.134735 0.105128 -0.993645 -0.040220 0.375612 -0.921536 -0.098420 0.104602 -0.979199 -0.173859 0.914065 0.297314 -0.275845 0.554081 0.667819 -0.497004 0.751050 0.187580 -0.633039 0.372196 0.633233 -0.678591 0.138809 -0.335554 -0.931738 0.474546 -0.359105 -0.803648 0.719598 0.666790 0.193830 0.397021 0.917809 0.001153 0.415793 0.898531 0.140561 0.216306 -0.346610 -0.912728 0.178263 -0.937131 -0.300014 0.472961 -0.367715 -0.800683 -0.369270 0.675478 0.638254 -0.076239 0.911479 0.404220 -0.139421 0.685096 0.714987 0.074502 0.298647 -0.951451 0.135383 0.682306 -0.718422 0.045166 0.689811 -0.722579 -0.044791 0.694129 0.718456 0.000405 0.911737 0.410773 0.053815 0.690964 0.720883 -0.045170 0.690082 -0.722320 -0.029943 0.909076 -0.415553 -0.135383 0.683149 -0.717621 -0.085503 0.300787 -0.949851 -0.330783 -0.940151 -0.081844 -0.353406 -0.911198 -0.211715 -0.299519 -0.937732 -0.175917 -0.043052 -0.930656 -0.363355 0.023299 -0.915396 -0.401879 0.023190 -0.931656 -0.362601 -0.135945 -0.934417 -0.329219 -0.053475 -0.914509 -0.401015 0.914137 0.296330 0.276662 0.712581 0.701075 0.026868 -0.267602 -0.909619 -0.317777 -0.231163 -0.936384 -0.264100 -0.335833 -0.941700 -0.020424 -0.388059 -0.915988 -0.101865 0.268347 -0.936629 -0.225205 0.379987 -0.912653 -0.150581 0.321974 -0.937748 -0.130239 0.106571 -0.913409 -0.392843 0.081539 -0.936143 -0.342034 0.398462 -0.916056 -0.045498 0.342273 -0.938947 -0.035039 0.317785 -0.909933 -0.266522 0.268374 -0.936629 -0.225172 -0.153715 -0.911513 -0.381465 0.077493 -0.939708 0.333081 0.029866 -0.915934 0.400217 0.023997 -0.940906 0.337816 
						0.323334 -0.937025 0.132062 0.317897 -0.909804 0.266831 0.264054 -0.936438 0.230996 -0.336454 -0.940942 0.037787 -0.393035 -0.919304 -0.020095 -0.831615 -0.379639 -0.405328 0.343383 -0.938514 0.035773 0.380530 -0.912354 0.151020 0.122003 -0.629943 -0.766999 0.154836 -0.350327 -0.923741 -0.040384 -0.454947 -0.889602 -0.320419 0.908331 -0.268823 -0.389766 0.910784 -0.136217 -0.217931 -0.642373 0.734753 -0.396614 -0.294885 0.869333 -0.063199 -0.679618 0.730839 0.438449 0.670389 0.598616 0.141100 0.909935 0.390012 0.268885 0.908120 0.320965 -0.942824 0.332325 0.025361 -0.722516 0.685957 -0.086222 0.374013 -0.898513 0.229760 0.105367 -0.926540 0.361138 -0.973390 -0.085168 0.212739 -0.896635 0.136768 -0.421117 -0.876892 0.000131 -0.480687 -0.482840 0.558529 -0.674471 -0.651521 0.530225 -0.542570 -0.681906 0.522389 -0.511971 -0.533108 0.288822 -0.795222 -0.548900 0.671099 -0.498333 -0.793343 0.211189 -0.570970 -0.165414 0.907580 -0.385923 -0.365254 0.675176 -0.640880 -0.916790 -0.393455 0.068474 0.205477 0.909050 -0.362501 0.029969 0.909078 -0.415547 -0.225477 -0.361149 0.904838 -0.175568 -0.936063 0.304897 -0.520011 -0.306716 0.797191 -0.414359 -0.637782 0.649262 -0.682697 -0.321937 0.655958 0.697355 0.679006 -0.229449 0.389532 0.911016 -0.135332 -0.495992 0.231352 0.836940 -0.563845 0.677082 0.472904 0.451576 -0.322459 0.831925 0.379503 -0.646180 0.662140 0.185639 -0.656008 0.731568 -0.697684 0.685627 0.207733 -0.863848 0.326539 0.383588 -0.909270 -0.390958 -0.142762 -0.025186 -0.940209 0.339665 -0.068326 -0.375173 0.924433 0.349897 0.907355 -0.232977 0.412393 -0.379702 0.828105 0.171546 -0.937612 0.302417 0.928192 -0.358058 0.101262 0.786188 -0.348962 0.510033 0.707901 -0.634105 0.311105 0.576781 -0.637846 0.510368 0.852844 -0.356671 0.381369 0.871375 -0.368065 -0.324398 0.088386 -0.237360 -0.967393 
						0.029711 0.123316 -0.991923 -0.028632 0.068281 -0.997255 0.725070 -0.366041 -0.583342 0.107268 -0.913521 0.392395 -0.394287 -0.917455 0.053051 -0.317684 -0.909822 0.267020 -0.379352 -0.912656 0.152153 -0.411608 0.909218 -0.062455 -0.694659 -0.331955 -0.638165 -0.649832 -0.642048 -0.406808 -0.490089 -0.633630 -0.598603 -0.259925 -0.647429 -0.716432 -0.173033 -0.425302 -0.888357 -0.483584 -0.324025 -0.813114 -0.829650 -0.345389 -0.438619 -0.727365 -0.652970 -0.211118 0.149314 -0.391588 0.907945 -0.917752 -0.396341 -0.025397 0.869791 0.312385 0.381941 0.643704 0.676921 0.356965 0.682198 0.690755 0.239714 -0.929217 -0.358702 -0.088813 -0.752147 -0.655840 -0.064415 -0.126650 -0.044383 -0.990954 -0.253397 -0.037702 -0.966627 -0.253397 -0.037718 -0.966627 -0.208360 -0.054167 -0.976551 0.085013 -0.059781 -0.994585 -0.757506 -0.648401 0.075894 -0.933811 -0.356077 0.034745 -0.605673 -0.635923 0.478290 0.666590 -0.367127 0.648749 -0.238284 0.298286 -0.924254 -0.010782 0.914322 -0.404844 -0.080198 0.339880 0.937043 0.011765 0.914348 -0.404759 0.213704 -0.910592 -0.353770 0.003285 0.014233 -0.999893 0.022240 -0.292029 -0.956151 0.006233 -0.599392 -0.800432 -0.894449 0.315824 -0.316570 -0.896513 -0.139983 -0.420320 -0.984139 0.095867 0.149267 -0.966682 0.189781 0.171783 -0.320170 0.908444 0.268739 -0.205161 0.909045 0.362692 0.722532 0.219891 -0.655435 -0.674665 0.523492 -0.520368 -0.735092 0.127954 -0.665784 -0.734125 0.313575 0.602272 -0.533136 0.610703 0.585498 0.213690 -0.910593 0.353776 0.022203 -0.483558 -0.875031 -0.389101 0.911081 0.136133 -0.907625 0.418815 0.028473 -0.659900 0.459093 0.594783 -0.519918 0.147127 0.841451 -0.342372 0.079259 -0.936215 0.035838 -0.067373 -0.997084 -0.010892 -0.124175 -0.992201 0.166683 0.408074 -0.897604 -0.147892 0.328359 -0.932903 0.028499 -0.387656 0.921363 0.398851 -0.915874 0.045747 
						0.699304 -0.366051 -0.613988 -0.171280 0.331173 0.927894 -0.398221 -0.333285 -0.854600 -0.648761 -0.367130 -0.666577 -0.024900 -0.488003 -0.872487 -0.005296 0.041617 -0.999120 0.625148 -0.336155 0.704407 0.901177 0.423815 -0.090889 0.650999 0.534772 -0.538721 0.714647 0.144600 -0.684376 0.925690 -0.364873 0.099831 0.767354 -0.632422 0.105880 0.689751 -0.635506 -0.346952 0.926973 -0.363811 -0.091446 0.906184 -0.354561 -0.230471 -0.533094 -0.610349 0.585904 0.308251 -0.310816 0.899097 0.527461 0.274088 -0.804152 0.344914 0.672447 -0.654866 0.767090 -0.631511 -0.112992 -0.480407 -0.141897 0.865491 -0.780697 0.619364 0.083072 -0.920185 -0.387604 -0.054981 -0.999957 0.006089 0.007028 -0.998496 -0.054680 -0.003926 -0.999960 0.007681 -0.004591 0.804133 0.394519 -0.444663 0.780207 -0.102331 0.617095 0.574283 0.631437 -0.521044 -0.791244 0.180560 0.584235 -0.892446 -0.154105 0.424019 -0.938099 0.193099 0.287547 0.371654 -0.687334 -0.624056 0.847650 -0.340360 -0.406995 0.516546 -0.373552 -0.770480 0.032873 0.492358 0.869772 0.517848 0.159022 0.840563 -0.177959 0.223178 0.958396 -0.198294 0.698563 0.687524 -0.865656 -0.144529 0.479323 0.057529 -0.379091 0.923570 -0.985281 -0.151069 0.079993 -0.958435 0.274778 -0.076813 0.875676 -0.359382 -0.322545 0.613149 0.631367 -0.474788 0.715969 -0.357496 -0.599653 0.580744 -0.645187 -0.496457 -0.961368 -0.133700 -0.240617 -0.960442 0.264713 -0.086471 0.059604 -0.050479 -0.996945 0.113641 0.635695 -0.763530 0.028968 0.675343 -0.736935 0.765999 0.642408 -0.023621 0.937152 -0.347135 0.035273 0.757766 0.651784 0.031129 0.104894 0.058274 -0.992774 0.363727 0.039602 -0.930663 -0.990656 -0.135683 -0.013787 -0.999619 0.027406 -0.003147 -0.999602 -0.025577 0.011923 -0.598258 -0.138380 -0.789265 -0.785093 0.618402 -0.034762 -0.054704 -0.273584 -0.960291 0.034957 -0.687186 0.725640 
						0.201384 -0.273882 0.940443 -0.841857 0.198992 -0.501676 -0.101560 0.090152 -0.990736 -0.131206 0.625703 0.768948 -0.194375 -0.364755 0.910589 -0.110236 -0.347753 0.931083 -0.107278 -0.913513 0.392409 -0.080182 -0.938044 0.337111 -0.246243 -0.000272 -0.969208 -0.312326 -0.007721 -0.949944 0.022227 0.002623 -0.999750 0.556150 0.666992 0.495801 0.346886 0.909560 0.228846 -0.949025 -0.314916 0.013412 -0.950554 -0.310555 -0.001487 -0.990934 0.130074 0.033619 0.101501 0.336552 0.936179 0.253664 0.680203 0.687735 0.318627 0.322519 0.891324 0.387735 0.914514 0.115438 0.229237 0.291798 -0.928603 0.515613 0.219337 0.828272 -0.040062 0.135788 -0.989928 -0.015454 0.350567 -0.936410 -0.213666 -0.910591 0.353795 -0.944732 0.327721 -0.008968 -0.951842 0.305269 -0.028408 -0.030947 -0.758572 0.650854 -0.369814 -0.261632 0.891508 0.791364 0.303106 0.530914 -0.014945 0.913920 0.405619 -0.272874 0.223560 -0.935714 0.377082 -0.916700 0.132177 0.377986 -0.925647 -0.017450 0.654118 -0.009454 -0.756333 0.795262 -0.160555 -0.584619 0.371332 -0.907302 -0.197270 0.104187 -0.937257 -0.332708 -0.219032 -0.352054 0.909991 -0.131118 0.626093 0.768645 0.009064 0.042020 -0.999076 0.045763 0.370983 -0.927511 0.078180 0.273579 0.958667 -0.088340 -0.148792 0.984915 -0.476984 0.860894 -0.177055 -0.006759 -0.599761 -0.800151 -0.022168 -0.303912 -0.952442 -0.706913 -0.149673 0.691282 -0.817496 0.172602 0.549462 -0.583103 0.178628 0.792517 -0.424018 -0.154072 0.892452 -0.286394 0.191786 0.938721 -0.691700 -0.148272 0.706800 -0.554546 0.166163 0.815395 0.933642 -0.357132 -0.027744 0.731587 0.634792 -0.248635 0.958968 0.081274 0.271616 -0.644883 0.457826 0.611982 0.051740 0.211930 0.975914 -0.516407 0.148926 0.843294 0.364976 -0.880603 -0.302212 0.144526 -0.058509 -0.987770 0.780603 0.111010 -0.615089 0.804530 -0.387733 0.449882 
						0.486884 0.200592 0.850121 0.982264 0.043997 0.182271 0.620256 0.345807 0.704060 0.982831 0.097589 0.156586 0.010672 -0.970072 -0.242581 -0.111845 -0.986705 0.117918 -0.010361 -0.971006 0.238831 0.000015 -0.964507 0.264059 -0.004144 -0.520856 0.853634 -0.000050 -0.506574 0.862197 0.779748 -0.233291 -0.581006 0.613158 -0.392876 0.685337 0.612770 0.240938 -0.752637 0.999676 0.009188 0.023763 0.983004 0.134371 0.125094 0.999582 0.011021 0.026724 -0.357395 0.069073 0.931396 -0.241421 -0.113015 0.963817 -0.359537 -0.070626 0.930454 0.493043 0.693878 0.524825 0.988787 0.130561 0.072489 0.579486 0.650636 0.490784 0.779895 0.097176 0.618321 0.803879 -0.398203 -0.441829 0.803995 0.288992 0.519688 0.999920 0.007870 0.009939 0.999981 0.001364 -0.005943 0.999980 0.003726 -0.005118 0.803283 0.454757 0.384619 0.792529 -0.603478 -0.087819 0.792331 0.568045 0.222568 0.999895 0.006685 0.012831 0.999690 -0.006208 0.024124 0.995817 -0.050325 0.076255 0.999667 0.003320 0.025603 0.999853 0.003033 0.016903 0.999513 0.001220 0.031182 0.999928 0.007372 0.009480 0.999980 0.005145 -0.003668 0.603421 0.507541 0.615049 0.612928 0.358686 -0.704034 0.418125 -0.908331 0.010282 0.427081 0.882960 0.194891 0.710596 0.234307 -0.663441 0.530130 -0.166516 -0.831405 -0.079897 -0.063383 -0.994786 0.999706 0.008410 0.022745 0.982213 -0.031872 0.185045 0.999307 -0.003496 0.037072 0.999742 -0.005430 0.022069 0.999306 0.009047 0.036132 0.982655 -0.126999 0.135131 0.982614 -0.087446 0.163777 0.761724 -0.393729 -0.514543 0.069429 -0.508072 -0.858512 0.603056 -0.493296 0.626883 0.002581 -0.967496 -0.252873 0.000044 -0.964461 -0.264227 0.004225 -0.520856 0.853634 0.999917 0.008138 0.009999 0.999979 0.003775 0.005183 0.999980 0.005205 0.003701 -0.755635 -0.394702 0.522710 -0.069252 -0.509768 0.857520 
						-0.002553 -0.967824 0.251617 0.999984 -0.002864 0.004897 0.999981 0.001385 0.006012 0.999921 0.006948 0.010450 0.999981 0.005975 -0.001382 0.004276 -0.520158 -0.854060 0.999794 -0.000320 0.020311 0.624576 -0.119629 0.771747 0.624641 0.137889 0.768641 0.630306 0.770762 -0.092953 0.622182 -0.760958 0.183934 0.696565 -0.597397 0.397385 0.999903 0.004713 0.013141 -0.598982 -0.792477 -0.114899 0.410762 -0.911619 0.015033 -0.599862 -0.798041 -0.057413 0.631973 -0.766496 -0.114428 0.988318 -0.127175 0.083992 0.492340 -0.682666 0.539971 0.579028 -0.640198 0.504850 0.999984 -0.002815 -0.004819 -0.134969 -0.978212 0.157746 0.999981 0.005974 0.001352 0.944101 -0.307588 0.118591 0.995307 0.044344 0.086014 0.943240 0.304929 0.131594 0.610947 0.791634 -0.007786 0.999853 0.002985 -0.016859 0.999795 -0.000385 -0.020227 -0.410793 -0.911617 0.014295 0.598826 -0.792473 -0.115732 0.599784 -0.798038 -0.058257 -0.404055 0.197803 -0.893092 -0.517522 0.181203 -0.836263 -0.404107 -0.197789 -0.893072 0.620047 -0.329642 0.711954 0.697870 0.603727 0.385345 0.999921 0.007046 -0.010426 0.999671 -0.012592 0.022364 0.117439 -0.985950 -0.118786 0.824463 -0.393525 -0.406693 0.599745 -0.792411 0.111313 0.803224 -0.529654 -0.272576 -0.241420 0.113017 -0.963817 -0.357407 -0.069060 -0.931392 -0.359533 0.070630 -0.930456 0.999701 0.008828 -0.022799 0.999928 0.007399 -0.009461 -0.144533 0.058519 -0.987768 0.982826 0.097418 -0.156723 0.603416 0.507237 -0.615305 0.982999 0.134232 -0.125276 0.999581 0.010966 -0.026796 0.999917 0.008171 -0.009984 0.999920 0.007874 -0.009945 0.999674 0.009105 -0.023835 0.999902 0.004759 -0.013153 0.988322 -0.127264 -0.083806 0.492354 -0.682889 -0.539675 0.579038 -0.640385 -0.504600 0.999896 0.006794 -0.012735 0.982662 -0.127127 -0.134959 0.999516 0.001087 -0.031089 0.999312 -0.003602 -0.036928 
						0.999313 0.009044 -0.035943 0.631117 0.769633 0.096730 0.943465 0.304557 -0.130838 0.999687 -0.006196 -0.024229 0.995828 -0.049980 -0.076342 0.297674 -0.330255 0.895724 0.127230 -0.158287 0.979162 0.710593 -0.234315 0.663441 0.317458 -0.884625 0.341554 0.135294 -0.978211 0.157474 0.725198 -0.647024 0.235471 -0.002511 -0.967482 -0.252929 0.982620 -0.087621 -0.163645 0.603061 -0.493526 -0.626697 0.620050 -0.329900 -0.711832 0.999745 -0.005432 -0.021939 0.982267 0.043422 -0.182390 0.620255 0.345531 -0.704196 0.493029 0.693598 -0.525209 0.988786 0.130465 -0.072676 0.579477 0.650390 -0.491121 0.793263 0.600257 0.102103 0.803968 -0.462816 -0.373412 0.793003 -0.572273 -0.208927 0.611787 -0.790609 0.025591 -0.220773 -0.796373 -0.563071 -0.097894 -0.647473 -0.755775 -0.097329 -0.765221 -0.636368 0.999674 -0.012394 -0.022329 0.995302 0.044755 -0.085858 0.999667 0.003720 -0.025545 -0.010533 -0.970069 -0.242601 0.112105 -0.986693 0.117771 -0.114974 -0.985889 -0.121671 -0.517519 0.181212 0.836263 -0.604158 0.080241 0.792814 -0.517537 -0.181160 0.836263 -0.069320 -0.508067 -0.858523 0.982226 -0.032455 -0.184875 0.755910 -0.394706 0.522309 0.010449 -0.971010 0.238812 0.069304 -0.509772 0.857514 0.613889 0.378368 -0.692805 0.780436 0.219546 0.585422 0.613626 -0.257908 0.746289 0.624601 -0.120617 -0.771573 -0.004224 -0.520158 -0.854060 0.000012 -0.506400 -0.862298 0.002617 -0.967824 0.251616 -0.761448 -0.393727 -0.514953 0.631155 -0.767755 0.110431 0.697331 0.605428 -0.383650 0.803913 0.522247 0.284573 0.804664 -0.300605 -0.512008 0.416941 0.908217 -0.036089 0.612724 -0.366955 0.699938 0.425774 -0.877279 -0.221581 -0.117237 -0.985954 -0.118957 0.114160 -0.986748 0.115304 -0.599894 -0.792410 0.110514 0.624627 0.136921 -0.768826 0.623061 0.764357 -0.165991 -0.144525 -0.058510 0.987770 -0.079900 0.063386 0.994785 
						0.804528 0.387265 0.450290 0.780667 -0.111730 -0.614878 -0.266263 -0.508111 -0.819102 -0.100073 -0.510172 -0.854230 -0.374212 -0.824295 0.424857 -0.105713 -0.862978 0.494059 -0.102057 -0.766234 0.634405 0.346295 0.351735 -0.869691 0.098080 0.648572 -0.754808 0.101366 0.508167 -0.855273 0.104635 0.194032 -0.975399 0.358825 0.243236 -0.901155 0.104587 0.357316 -0.928109 0.012057 -0.117019 -0.993056 -0.006745 0.599684 -0.800209 -0.003719 0.002397 -0.999990 0.028929 -0.125923 -0.991618 0.022616 0.484387 -0.874562 0.089271 0.235839 -0.967683 0.490312 -0.543580 -0.681260 0.646330 -0.506351 -0.570847 0.671253 -0.486489 -0.559239 -0.274673 -0.401815 -0.873556 -0.099888 -0.350560 -0.931198 -0.254552 -0.688268 0.679331 -0.098080 -0.648572 0.754808 -0.398955 -0.916709 -0.021919 -0.106980 -0.972511 -0.206827 -0.107052 -0.991506 -0.073860 -0.376945 -0.877493 -0.296512 -0.103220 -0.855336 -0.507687 -0.389431 -0.859615 0.330765 -0.105900 -0.936624 0.333947 -0.282754 -0.165006 -0.944893 -0.102064 -0.187321 -0.976982 0.062663 0.622563 -0.780057 0.008095 0.606347 -0.795159 0.052577 0.743684 -0.666461 -0.999439 -0.030203 0.014495 -0.999980 0.005496 0.003248 -0.991950 0.125020 0.020132 -0.412928 -0.907550 0.076438 -0.691393 -0.681863 -0.238829 -0.723465 -0.687773 0.059721 -0.941310 -0.331120 -0.065530 -0.894404 -0.315821 -0.316700 0.754482 -0.361710 -0.547653 0.320633 -0.938347 -0.129226 0.266422 -0.936098 -0.229652 -0.046692 -0.369046 -0.928237 -0.000032 -0.608086 -0.793871 -0.011508 -0.354950 -0.934814 0.517663 -0.351135 -0.780211 -0.156411 -0.391379 -0.906840 0.044250 -0.026382 -0.998672 -0.033253 -0.091109 -0.995286 -0.765966 -0.222169 -0.603271 0.636951 -0.535570 -0.554489 0.671227 -0.146002 -0.726731 0.011881 -0.347220 -0.937709 0.025481 -0.344265 -0.938527 0.052050 -0.355665 -0.933163 0.551370 0.372635 -0.746414 0.293576 0.691354 -0.660184 
						0.183851 0.630517 -0.754087 -0.290346 0.297875 0.909379 -0.178126 0.639205 0.748123 -0.041312 0.639409 0.767756 -0.320427 -0.908331 -0.268814 -0.548867 -0.671134 -0.498322 0.438467 -0.670357 0.598639 0.141580 -0.909515 0.390815 0.253664 -0.680204 0.687733 -0.942823 -0.332326 0.025397 -0.392252 -0.897222 -0.202810 -0.107088 -0.925177 -0.364116 -0.677276 -0.493058 -0.546068 -0.647216 -0.516913 -0.560279 -0.482869 -0.559032 -0.674034 -0.533123 -0.288822 -0.795212 -0.793308 -0.211190 -0.571018 -0.165374 -0.907577 -0.385947 -0.135376 -0.683149 -0.717621 -0.365270 -0.675177 -0.640870 -0.495914 -0.231351 0.836986 -0.563802 -0.677117 0.472905 -0.734158 -0.313576 0.602232 0.881547 -0.379168 -0.281258 0.336576 -0.940898 -0.037778 0.514479 0.323852 0.793997 0.424371 0.645662 0.634846 0.694842 0.335251 0.636240 0.135401 -0.682308 -0.718417 0.205474 -0.909050 -0.362503 0.344924 -0.672448 -0.654859 -0.697668 -0.685629 0.207779 -0.863806 -0.326535 0.383684 0.175560 -0.936063 -0.304902 0.225434 -0.361145 -0.904850 0.831492 -0.379610 0.405608 0.329455 -0.940079 0.087809 0.909240 -0.390894 0.143124 0.349911 -0.907354 -0.232962 0.697435 -0.678917 -0.229469 0.554082 -0.667818 -0.497003 0.416179 -0.898375 0.140422 0.719812 -0.666287 0.194763 -0.372273 0.637663 0.674388 -0.428147 0.308534 0.849410 -0.610201 0.321718 0.723983 0.025190 -0.940209 -0.339666 0.068836 -0.375150 -0.924405 0.044980 -0.908402 0.415672 0.361097 -0.379296 0.851906 0.066843 -0.455588 0.887678 0.129282 -0.939000 0.318692 0.642256 -0.366849 0.673001 -0.025461 0.490047 -0.871324 -0.055092 0.274765 -0.959932 0.609367 0.637388 0.471602 0.689941 0.335424 0.641461 0.417355 0.645863 0.639278 0.731781 0.633625 0.251030 0.931250 0.363669 -0.022747 0.915824 0.358261 0.181426 0.709621 -0.144780 -0.689549 0.648962 -0.535416 -0.540535 0.900140 -0.424648 -0.097072 
						0.013656 -0.365479 -0.930719 0.055702 0.717615 -0.694209 0.022266 0.739667 -0.672605 0.909462 -0.212073 0.357637 0.674965 0.221870 0.703702 0.598249 -0.138416 0.789265 -0.397891 -0.908376 0.128595 -0.106818 -0.993463 0.040271 -0.106315 -0.979118 0.173278 -0.372280 0.633232 0.678546 -0.144527 -0.385898 0.911150 -0.113527 0.632120 0.766509 0.914080 -0.297271 -0.275839 0.751022 -0.187580 -0.633072 0.392861 -0.915998 0.081289 0.704462 -0.697160 0.133048 -0.178260 -0.937131 0.300015 -0.194384 -0.395400 0.897705 -0.473021 -0.367716 0.800648 -0.076567 -0.911110 0.404989 -0.369219 -0.675476 0.638286 -0.139413 -0.685094 0.714989 0.074581 -0.298646 -0.951445 0.229328 -0.291796 -0.928581 -0.029893 -0.909073 -0.415563 -0.045137 -0.690084 -0.722321 -0.085484 -0.300787 -0.949852 0.353508 -0.911110 0.211922 0.299550 -0.937706 0.176002 0.001012 -0.910659 0.413157 -0.044222 -0.694127 0.718493 0.054392 -0.690977 0.720827 0.913126 -0.295828 0.280510 0.926183 -0.317302 0.203727 0.053260 -0.913412 0.403536 0.267695 -0.909601 0.317750 0.235173 -0.936349 0.260661 0.153736 -0.911100 0.382443 0.227134 -0.936391 0.267550 0.392735 -0.918909 0.036962 0.335300 -0.941499 0.033967 -0.029871 -0.915934 -0.400217 -0.077536 -0.939710 -0.333067 -0.023997 -0.940907 -0.337814 -0.380009 -0.912651 0.150538 -0.268174 -0.936630 0.225405 -0.321989 -0.937747 0.130208 -0.317878 -0.909804 -0.266853 -0.323328 -0.937027 -0.132060 -0.264086 -0.936423 -0.231020 -0.106670 -0.913021 0.393718 -0.022898 -0.909594 0.414868 -0.076826 -0.940795 0.330156 0.394873 -0.917275 -0.051794 -0.380490 -0.912359 -0.151093 -0.343370 -0.938515 -0.035866 -0.317767 -0.909933 0.266543 -0.268170 -0.936630 0.225410 -0.398468 -0.916054 0.045470 -0.342268 -0.938947 0.035076 0.655821 -0.367402 0.659481 -0.027552 -0.387673 -0.921385 -0.148932 -0.391575 -0.908013 -0.171580 -0.937612 -0.302397 
						-0.412452 -0.379660 -0.828095 -0.699269 -0.366050 0.614027 -0.171215 -0.331170 0.927907 -0.022998 -0.465165 0.884925 0.917787 -0.396245 0.025627 -0.928150 -0.358066 -0.101616 0.834137 0.348290 0.427679 -0.871397 -0.368064 0.324338 -0.927603 -0.366536 0.072135 -0.852863 -0.356670 -0.381328 -0.029723 -0.069535 -0.997137 -0.725117 -0.366040 0.583284 -0.107278 -0.913520 -0.392394 0.317692 -0.909822 -0.267010 0.379505 -0.912597 -0.152129 -0.411610 -0.909216 -0.062478 -0.722518 -0.685955 -0.086222 0.869761 -0.312267 0.382106 0.643786 -0.676801 0.357043 0.791310 -0.303018 0.531045 -0.765102 0.331433 -0.552061 -0.677997 0.641727 -0.358478 -0.874903 0.345060 -0.339822 -0.327514 0.646955 -0.688610 -0.268297 0.424525 -0.864752 -0.054895 0.725874 -0.685633 -0.738386 0.652866 -0.168974 -0.921698 0.354856 -0.156683 -0.933561 0.358406 0.003112 -0.754831 0.655719 -0.016217 0.100283 -0.336562 0.936306 0.916818 -0.393413 -0.068348 0.230173 0.653136 0.721411 0.394080 0.313305 0.864026 0.099763 0.652511 0.751184 0.667983 0.635130 -0.387825 0.910497 0.363156 -0.197770 0.756535 0.630954 -0.171907 0.057925 -0.226400 0.972310 0.026474 0.647818 0.761335 0.043012 0.664430 0.746112 0.780694 0.619390 -0.082900 0.480506 -0.141563 -0.865490 0.920206 -0.387568 0.054886 0.774086 0.631963 0.037594 0.527437 -0.274090 -0.804168 -0.532811 0.633280 -0.561310 -0.606560 0.322983 -0.726475 -0.749448 0.648081 0.135351 -0.922867 0.355826 0.147321 -0.568202 0.635760 0.522451 -0.666593 -0.367126 -0.648746 -0.238404 -0.298245 -0.924237 -0.010879 -0.914324 -0.404837 0.045158 -0.689814 -0.722576 -0.699189 0.639300 0.320047 -0.883095 0.348212 0.314470 -0.081350 -0.339903 0.936935 0.029891 -0.909072 -0.415565 -0.213726 -0.910594 0.353751 0.008763 -0.042233 -0.999069 -0.984141 -0.095869 0.149250 -0.896629 0.140081 -0.420040 -0.966316 -0.192821 0.170454 
						-0.320177 -0.908445 0.268729 0.737759 -0.214538 -0.640066 -0.673944 -0.523409 -0.521385 0.457435 -0.543699 -0.703665 -0.213715 -0.910593 -0.353761 0.022206 0.292030 -0.956151 0.003682 0.002751 -0.999989 0.006212 0.599315 -0.800489 -0.521378 -0.147467 0.840487 -0.659839 -0.460022 0.594131 -0.907639 -0.418927 0.026307 0.044586 0.070077 -0.996545 -0.342387 -0.079556 -0.936185 -0.010935 0.124085 -0.992211 0.166467 -0.409057 -0.897196 -0.999619 -0.027414 -0.003123 -0.990676 0.135544 -0.013777 -0.999602 0.025579 0.011916 -0.007060 -0.038399 -0.999238 0.785100 0.618387 0.034855 0.923281 -0.383953 -0.011522 -0.031176 0.662956 0.748009 -0.841916 -0.199010 -0.501570 -0.096261 -0.089666 -0.991309 0.018328 0.619003 -0.785175 0.013923 -0.365445 -0.930729 0.022177 0.739687 -0.672585 0.107265 -0.913513 -0.392413 0.080193 -0.938043 -0.337111 0.347105 -0.909484 0.228817 0.556170 -0.666956 0.495827 -0.949057 0.314826 0.013198 -0.953599 0.299646 0.029338 -0.990928 -0.130104 0.033682 0.677950 -0.689679 0.254415 0.318627 -0.322519 0.891324 0.515608 -0.219381 0.828264 0.000025 -0.380828 -0.924646 0.213665 -0.910591 -0.353795 -0.039559 -0.138137 -0.989623 -0.951843 -0.305265 -0.028444 -0.944732 -0.327719 -0.009006 -0.009546 -0.113832 -0.993454 0.012159 0.112931 -0.993529 0.008924 -0.023370 -0.999687 0.624073 -0.220297 0.749668 -0.277298 -0.282882 -0.918196 -0.396576 -0.912146 -0.103521 0.526292 -0.159488 0.835213 0.031594 -0.493159 0.869365 -0.190039 -0.224304 0.955810 -0.399379 -0.915552 0.047545 -0.169229 -0.043135 -0.984632 -0.028120 0.683024 -0.729855 -0.937152 -0.347165 -0.034956 -0.078193 0.273588 -0.958663 0.088328 -0.148796 -0.984915 0.654115 0.009453 -0.756336 0.795293 0.160654 -0.584551 -0.476969 -0.860916 -0.176985 -0.394642 -0.890299 0.227212 -0.021263 -0.349569 -0.936669 0.219285 -0.352014 -0.909945 0.960439 0.264726 0.086474 
						0.961370 -0.133705 0.240603 0.817457 0.172404 -0.549583 0.706953 -0.149654 -0.691246 0.583136 0.178599 -0.792499 0.424012 -0.154075 -0.892454 0.286387 0.191792 -0.938722 -0.933653 -0.357126 0.027454 -0.731490 0.634799 0.248903 -0.766014 0.642396 0.023423 0.791234 0.180575 -0.584245 0.892155 -0.153771 -0.424751 0.691730 -0.148152 -0.706796 -0.574346 0.631442 0.520969 -0.474676 -0.359107 0.803570 0.554510 0.166161 -0.815420 0.375066 -0.208366 0.903277 -0.500491 -0.198310 0.842723 0.803397 0.345611 -0.484877 0.547428 0.647416 -0.530260 0.865668 -0.144815 -0.479215 0.198873 0.698010 -0.687918 -0.053257 -0.379113 -0.923817 0.638764 0.534935 -0.553015 -0.774083 0.229217 -0.590131 0.675641 0.145841 -0.722662 0.052297 -0.212901 0.975673 -0.645438 -0.458824 0.610648 -0.519029 -0.149318 0.841613 0.039617 -0.447031 0.893641 0.957669 0.278010 0.074698 0.985156 -0.142558 -0.095631 0.938586 0.195720 -0.284164 -0.875512 -0.359387 0.322987 -0.613074 0.631372 0.474878 0.896008 0.423129 0.134652 0.878503 0.357175 -0.317267 -0.073175 -0.456377 0.886773 -0.027762 0.634622 0.772324 -0.757774 0.651784 -0.030933 0.356076 0.001436 -0.934456 0.351654 -0.000899 -0.936129 0.022257 0.005424 -0.999738 -0.876892 -0.000020 -0.480687 0.031526 0.021997 -0.999261 0.065105 0.014265 -0.997776 0.382481 -0.913823 0.136517 0.944805 0.319839 0.071035 0.012151 -0.112670 -0.993558 0.030975 0.283640 -0.958431 -0.008698 -0.212308 -0.977164 -0.001269 -0.028487 -0.999593 -0.000140 -0.617399 -0.786650 -0.003160 0.247081 -0.968990 -0.043154 0.525696 0.849577 -0.046023 0.441140 0.896257 -0.118004 0.498468 0.858839 0.019202 0.256535 -0.966344 -0.001355 -0.434736 -0.900557 -0.018861 0.244043 -0.969581 0.008931 -0.202641 -0.979212 -0.001543 0.353686 -0.935363 -0.010872 0.058566 -0.998224 -0.001261 0.051985 -0.998647 0.006005 0.057966 -0.998300 
						-0.002763 -0.519985 -0.854171 0.000325 0.051978 -0.998648 -0.018383 -0.760551 0.649017 -0.036512 -0.536490 0.843116 -0.024984 -0.775652 0.630666 -0.029213 0.266946 -0.963269 -0.010316 -0.109336 -0.993951 0.045893 0.657378 0.752162 0.237996 0.273797 0.931876 -0.001668 0.668854 0.743392 -0.023501 -0.914337 0.404272 -0.000163 0.617323 -0.786709 0.000004 0.025765 -0.999668 0.000233 -0.143974 -0.989581 -0.121203 -0.500604 0.857150 -0.048820 -0.444214 0.894590 -0.047039 -0.527613 0.848181 -0.018986 -0.243138 -0.969806 -0.002012 0.437743 -0.899098 0.008926 0.203625 -0.979008 0.019302 -0.255900 -0.966511 -0.008885 0.213355 -0.976934 -0.000208 -0.356684 -0.934225 -0.001534 -0.053620 -0.998560 -0.011030 -0.061344 -0.998056 0.000527 -0.053609 -0.998562 -0.005185 -0.041855 -0.999110 -0.003836 0.521806 -0.853056 0.005975 -0.060725 -0.998137 0.041638 -0.231228 0.972008 0.045641 0.679754 0.732019 0.047146 0.657325 0.752131 0.048770 -0.211386 0.976185 -0.345725 0.261641 0.901120 -0.019686 0.684612 0.728642 -0.022203 0.530006 0.847703 0.053213 0.201549 -0.978032 0.044365 0.135863 -0.989734 0.007421 -0.104244 -0.994524 0.613013 0.300760 0.730588 0.697558 -0.600202 0.391370 0.943465 -0.305928 0.127601 0.097892 0.000582 -0.995197 0.097845 -0.000573 -0.995202 -0.119486 0.000626 -0.992836 -0.007597 0.000765 -0.999971 0.095850 -0.001697 -0.995394 0.091162 -0.003249 -0.995831 0.081068 -0.004058 -0.996700 0.048942 -0.004231 -0.998793 0.068999 -0.004140 -0.997608 0.060294 -0.004530 -0.998170 0.032982 -0.003310 -0.999450 0.017266 -0.001742 -0.999849 0.003982 -0.000401 -0.999992 -0.020884 0.002045 -0.999780 -0.036592 0.003390 -0.999325 -0.049153 0.003846 -0.998784 -0.057902 0.004039 -0.998314 -0.068995 0.003759 -0.997610 -0.079831 0.003847 -0.996801 -0.086999 0.002670 -0.996205 -0.093470 0.001536 -0.995621 -0.119486 -0.000633 -0.992836 
						-0.093467 -0.001592 -0.995621 -0.086993 -0.002840 -0.996205 -0.078240 -0.003585 -0.996928 -0.068877 -0.004028 -0.997617 -0.062205 -0.004551 -0.998053 -0.051560 -0.004358 -0.998660 -0.035964 -0.003247 -0.999348 -0.020511 -0.001991 -0.999788 -0.007468 -0.000742 -0.999972 0.016945 0.001676 -0.999855 0.032409 0.002975 -0.999470 0.048059 0.004110 -0.998836 0.059395 0.004356 -0.998225 0.068504 0.004307 -0.997642 0.091184 0.003178 -0.995829 -0.530131 -0.166514 0.831405 -0.513350 0.400091 0.759210 -0.299867 0.146111 0.942726 0.241420 0.113017 -0.963817 0.202548 0.968531 -0.144646 -0.535785 0.746818 0.393951 0.604146 0.080332 0.792814 0.404104 0.197794 0.893072 0.404107 -0.197788 0.893072 0.282850 0.162766 0.945253 0.241420 -0.113018 0.963817 0.282852 -0.162762 0.945253 -0.127222 -0.158293 -0.979162 -0.297566 -0.330335 -0.895731 -0.513411 -0.400024 -0.759203 -0.114922 0.985904 -0.121598 0.604148 -0.080318 -0.792814 0.604148 0.080314 -0.792814 0.517538 0.181158 -0.836263 0.282843 0.162779 -0.945253 0.282849 -0.162767 -0.945253 -0.202210 0.968529 -0.145127 0.317386 0.884625 0.341621 0.536039 0.746825 0.393591 0.725184 0.647025 0.235514 -0.818937 0.394874 0.416433 0.824410 0.393530 -0.406796 0.612910 -0.296694 -0.732335 0.114156 0.986748 0.115308 0.819340 0.394844 0.415669 -0.319582 0.008332 -0.947522 0.733072 0.220817 -0.643308 0.765827 0.201169 -0.610770 0.101931 -0.742714 -0.661805 0.380945 -0.576889 -0.722551 0.192008 -0.467466 -0.862907 0.209502 -0.319634 -0.924090 0.006661 -0.606419 -0.795118 0.353774 -0.833708 0.423999 -0.990425 -0.137506 -0.012241 -0.993968 -0.107175 -0.023271 -0.998672 -0.050370 -0.010856 -0.990364 0.132639 0.039834 -0.985920 0.165208 0.025833 -0.996769 0.075227 0.028155 0.141796 0.311295 -0.939675 -0.836243 -0.336100 0.433283 0.022869 0.721727 0.691800 0.051782 -0.378917 0.923981 
						0.096885 -0.360853 0.927577 0.317768 -0.909933 -0.266542 0.050849 -0.743745 -0.666526 1.000000 0.000000 0.000000 -0.896520 -0.136672 -0.421395 -0.973390 0.085167 0.212739 -0.779434 0.230523 -0.582530 -0.744369 0.223325 -0.629318 0.927616 -0.366534 -0.071975 0.884600 -0.359388 0.297191 -0.903979 -0.354992 -0.238334 -0.320153 -0.058367 -0.945566 -0.828114 -0.336385 0.448410 -0.011758 0.115173 -0.993276 -0.990242 -0.138454 -0.015859 0.455656 0.543672 -0.704839 -0.811990 0.124176 -0.570310 -0.693249 0.522936 -0.495928 0.612535 0.160200 0.774039 0.707008 0.449060 0.546337 -0.999859 0.015493 -0.006479 1.000000 0.000000 0.000000 -0.999981 -0.004087 -0.004699 1.000000 0.000000 0.000000 0.715773 -0.357496 -0.599888 0.704152 0.448255 0.550670 -0.029844 -0.915937 0.400211 -0.995738 -0.087461 0.029277 -0.991189 -0.130168 0.024517 -0.990782 0.134251 -0.018102 -0.996587 0.080609 -0.017782 -0.923267 -0.383987 0.011483 -0.018623 0.618999 0.785171 -0.023106 0.739742 0.672494 -0.014834 -0.365495 0.930695 -0.217484 0.037893 -0.975328 -0.118054 0.040326 -0.992188 -0.246188 0.005194 -0.969208 -0.138564 -0.027760 -0.989964 -0.240121 -0.015007 -0.970627 -0.259350 0.006668 -0.965760 -0.312183 0.013338 -0.949928 -0.242477 0.020881 -0.969932 -0.259112 -0.001756 -0.965846 -0.272525 0.036018 -0.961474 -0.272972 -0.030915 -0.961525 0.268885 0.908120 0.320965 -0.959082 -0.282530 -0.018413 -0.953551 -0.299791 0.029436 -0.965044 -0.258876 0.040915 -0.965900 0.256058 -0.038362 -0.953134 0.300968 0.030870 -0.944944 0.327030 0.011511 0.624079 0.220252 0.749676 0.044754 0.105056 -0.993459 0.991910 -0.125854 -0.016611 0.115167 -0.985901 -0.121395 -0.241420 0.113017 0.963817 0.613062 -0.303732 0.729316 0.127226 0.158290 -0.979162 0.297599 0.330306 -0.895730 0.513430 0.400000 -0.759203 0.202563 -0.968531 -0.144625 -0.317101 -0.884631 0.341871 
						-0.535845 -0.746827 0.393852 -0.724980 -0.647027 0.236136 -0.604146 0.080329 -0.792814 -0.604143 -0.080351 -0.792814 -0.517517 -0.181217 -0.836263 -0.282853 -0.162761 -0.945253 -0.282848 0.162768 -0.945253 -0.241420 -0.113016 -0.963817 -0.113924 -0.986752 0.115504 -0.818869 -0.394879 0.416563 0.697101 -0.595560 -0.399197 0.530130 0.166516 0.831405 0.513357 -0.400081 0.759210 -0.202219 -0.968529 -0.145114 0.536399 -0.746823 0.393106 0.943878 -0.307973 -0.119363 -0.604141 -0.080368 0.792814 -0.404105 -0.197793 0.893072 -0.404109 0.197784 0.893072 -0.282849 -0.162767 0.945253 -0.282854 0.162758 0.945253 0.612930 0.297074 -0.732164 0.819345 -0.394843 0.415659 -0.823988 -0.393565 -0.407615 0.254552 0.688268 -0.679331 0.362074 0.131702 -0.922798 -0.022156 0.303906 -0.952444 0.744408 -0.215533 -0.631983 0.768623 -0.201114 -0.607266 0.266332 0.466003 -0.843747 0.212052 0.319629 -0.923510 -0.013006 0.301861 -0.953263 0.122376 0.600553 -0.790164 -0.993967 0.107197 -0.023186 -0.990430 0.137481 -0.012154 -0.985920 -0.165202 0.025879 -0.990363 -0.132621 0.039902 -0.996768 -0.075192 0.028272 -0.998671 0.050451 -0.010557 -0.389797 -0.910783 -0.136138 0.141703 -0.311146 -0.939739 -0.463042 -0.559850 -0.687139 0.268891 -0.908120 0.320960 -0.774133 -0.223515 -0.592249 -0.741459 -0.224611 -0.632288 0.389599 -0.910980 -0.135382 0.709867 -0.449006 0.542662 0.614823 -0.160386 0.772185 -0.106724 -0.359177 -0.927147 -0.052658 -0.378840 -0.923963 -0.022742 0.721664 -0.691870 -0.205196 -0.909065 0.362624 0.388497 -0.915761 0.102232 -0.015085 -0.912858 0.407998 0.267686 -0.909601 0.317758 -0.317767 -0.909933 0.266543 -0.398847 -0.915875 -0.045760 -0.777922 0.336139 0.530893 0.011717 -0.914347 -0.404762 0.044787 -0.104724 -0.993492 -0.990264 0.138296 -0.015872 -0.389131 -0.911079 0.136056 -0.731979 -0.128015 -0.669193 -0.010433 -0.108982 -0.993989 
						-0.692197 -0.522911 -0.497422 -0.806172 -0.124464 -0.578443 -0.148722 -0.328805 -0.932614 -0.991189 0.130185 0.024423 -0.995738 0.087503 0.029147 -0.990783 -0.134233 -0.018200 -0.996589 -0.080559 -0.017933 0.161587 0.001634 -0.986857 0.145438 0.016817 -0.989225 0.119123 0.008072 -0.992847 -0.141803 -0.066147 -0.987682 -0.111661 -0.068777 -0.991363 0.084019 -0.005862 -0.996447 0.050068 -0.021823 -0.998507 -0.072700 -0.062568 -0.995389 -0.034947 -0.054663 -0.997893 0.018484 -0.028007 -0.999437 0.131500 0.625736 -0.768871 0.108710 -0.347605 -0.931318 0.194509 -0.364779 -0.910551 0.029874 -0.915937 -0.400208 0.268891 -0.908120 0.320960 -0.965047 0.258878 0.040815 -0.959094 0.282493 -0.018325 -0.950583 0.310467 -0.001421 -0.965905 -0.256018 -0.038499 -0.953134 -0.300966 0.030898 -0.944944 -0.327029 0.011530 0.031769 -0.286671 -0.957502 0.044684 -0.273275 -0.960898 0.055627 -0.233319 -0.970808 0.052509 -0.168648 -0.984277 0.033842 -0.093735 -0.995022 -0.017274 0.045483 -0.998816 -0.042745 0.123047 -0.991480 -0.057946 0.203644 -0.977329 -0.063198 0.305806 -0.949994 -0.050049 0.446592 -0.893337 0.706987 -0.448164 0.547100 0.131266 0.626099 -0.768615 0.933929 0.173178 -0.312708 -0.715869 -0.357493 0.599775 0.272153 -0.227650 0.934938 -0.462519 0.559340 -0.687906 0.898014 -0.159149 -0.410175 -0.715869 -0.357493 0.599775 0.175398 -0.004926 -0.984485 0.314781 -0.018668 -0.948981 0.339786 -0.013101 -0.940411 0.351625 0.000773 -0.936141 0.356067 -0.001561 -0.934459 -0.099165 0.000012 -0.995071 0.314573 0.018481 -0.949054 0.339804 0.012928 -0.940407 -0.104203 -0.000007 -0.994556 0.166912 -0.027194 -0.985597 -0.100141 0.066079 -0.992777 -0.065429 0.061435 -0.995964 0.138876 -0.018411 -0.990139 0.101327 -0.003210 -0.994848 -0.025329 0.051535 -0.998350 0.004347 0.033750 -0.999421 -0.009543 0.113786 -0.993459 -0.050045 -0.446603 -0.893332 
						-0.063196 -0.305768 -0.950006 -0.057935 -0.203589 -0.977341 -0.042715 -0.123002 -0.991487 -0.017237 -0.045451 -0.998818 0.008951 0.023434 -0.999685 0.033859 0.093791 -0.995016 0.052523 0.168684 -0.984270 0.055650 0.233363 -0.970796 0.044137 0.271436 -0.961444 -0.000477 0.529940 -0.848035 -0.040605 0.255718 -0.965898 -0.050935 0.221278 -0.973880 -0.048352 0.161226 -0.985732 -0.031623 0.090761 -0.995370 -0.010913 0.029434 -0.999507 0.007161 -0.018811 -0.999797 0.007431 0.104346 -0.994513 0.025663 -0.070654 -0.997171 0.044335 -0.135821 -0.989741 0.053182 -0.201499 -0.978044 0.048590 -0.257729 -0.964995 0.042490 -0.404986 -0.913335 0.041446 -0.231226 0.972017 0.000451 -0.523172 -0.852227 -0.041151 -0.257347 -0.965443 -0.029981 -0.269476 -0.962540 -0.010352 0.109760 -0.993904 0.042478 0.404988 -0.913335 -0.050933 -0.221220 -0.973893 0.048628 0.257760 -0.964984 -0.048364 -0.161191 -0.985737 -0.010885 -0.029374 -0.999509 -0.031633 -0.090721 -0.995374 0.007157 0.018852 -0.999797 0.025708 0.070719 -0.997165 
					</float_array>
					<technique_common>
						<accessor count="1507" offset="0" source="#meshId0-tangents-array" stride="3">
							<param name="X" type="float" />
							<param name="Y" type="float" />
							<param name="Z" type="float" />
						</accessor>
					</technique_common>
				</source>
				<source id="meshId0-bitangents" name="meshId0-bitangents">
					<float_array id="meshId0-bitangents-array" count="4521"> 
						0.045194 0.003124 -0.998973 0.021872 0.896111 -0.443290 0.047129 -0.206485 -0.977314 -0.999991 -0.001474 -0.004074 -1.000000 0.000015 0.000017 -1.000000 0.000034 0.000014 0.002138 -0.974415 -0.224748 0.010032 -0.897657 -0.440580 0.000711 -0.985573 -0.169250 0.046839 -0.175243 -0.983410 0.026254 -0.590650 -0.806500 0.024851 -0.594298 -0.803861 0.018337 -0.767731 -0.640510 -0.041689 -0.279519 0.959235 -0.048827 0.503213 0.862782 -0.033711 -0.232663 0.971973 -0.048432 0.998827 -0.000017 -0.019328 0.999813 0.000020 -0.098181 0.995169 0.000000 0.018913 -0.587865 -0.808738 0.011066 -0.221023 -0.975206 0.028602 -0.232905 -0.972079 -0.009092 -0.814508 0.580081 -0.005460 -0.974385 0.224821 -0.015415 -0.814560 0.579875 -0.558503 -0.003620 -0.829495 -0.990633 -0.022741 -0.134644 -0.769068 0.011136 -0.639070 -0.013013 -0.588534 0.808367 -0.003428 -0.224527 0.974462 -0.003582 -0.588905 0.808194 -0.742766 -0.669551 0.000088 -0.779134 -0.626858 0.000101 -0.313131 -0.949710 0.000045 0.413521 0.910495 -0.000000 -0.438024 0.898963 -0.000000 -0.413521 0.910495 -0.000000 -0.566317 0.007095 -0.824157 -0.990650 0.022537 -0.134554 -0.994229 0.035306 -0.101298 -0.019508 -0.816275 0.577334 -0.021682 -0.770500 0.637071 -0.030371 -0.591217 0.805940 -0.039339 -0.596638 0.801546 -0.027852 -0.597639 0.801282 -0.003133 0.501603 0.865093 -0.017204 -0.220902 0.975144 -0.022779 0.515687 0.856474 -0.004554 -0.986363 0.164519 0.000013 0.949241 0.314549 -0.254979 0.171777 0.951566 0.000382 0.128051 0.991767 0.041991 -0.002458 -0.999115 0.183588 -0.003772 -0.982996 0.092025 -0.002474 -0.995754 0.010058 -0.814537 -0.580025 -0.424069 -0.905630 -0.000028 0.593936 -0.786437 0.169576 -0.593325 -0.786912 -0.169514 -0.024279 -0.587908 0.808564 -0.051485 0.217812 0.974632 -0.050105 0.585414 0.809185 -0.050935 0.294349 0.954340 -0.006563 -0.974589 0.223905 
						0.000498 -0.974373 -0.224936 0.037778 -0.279174 -0.959497 0.036787 -0.593093 -0.804293 -0.046340 0.887225 -0.459003 -0.050821 0.950986 0.305029 -0.048906 0.936271 -0.347857 0.089545 0.944103 -0.317257 0.000021 0.949133 -0.314875 -0.248762 0.901446 0.354279 -0.089267 0.944089 0.317375 -0.769438 -0.010910 -0.638628 0.002680 -0.814497 -0.580162 -0.003558 -0.588895 -0.808202 0.006637 -0.588516 -0.808458 0.017360 0.515081 -0.856966 0.044331 0.501276 -0.864151 0.015356 -0.815896 -0.577995 -0.003436 -0.224625 -0.974439 -0.003452 -0.974355 -0.224989 -0.002184 -0.974349 0.225033 -0.005314 -0.974357 -0.224944 -0.004486 -0.974356 0.224967 -0.003573 -0.814512 0.580135 -0.003472 -0.974354 0.224993 -0.999938 -0.000244 -0.011169 -0.999938 0.000210 -0.011089 -1.000000 0.000013 -0.000003 -0.049673 -0.167132 0.984683 -0.049931 -0.188160 0.980868 -0.048844 -0.055118 0.997284 -0.999991 0.001461 0.004052 -0.001360 -0.974358 -0.225001 -0.003570 -0.814514 -0.580133 -0.994199 -0.035568 -0.101503 -0.735493 -0.001767 -0.677530 -0.764941 -0.001654 -0.644099 -0.311984 -0.002450 -0.950084 -0.003135 0.501436 -0.865189 -0.999990 0.001368 -0.004194 -1.000000 0.000054 -0.000051 0.048914 0.239515 -0.969660 -0.049901 -0.505734 0.861245 -0.013420 -0.899498 0.436719 -0.330503 -0.943805 0.000022 -0.131838 -0.991271 0.000007 0.330494 -0.943808 -0.000035 0.184090 0.004436 0.982899 0.041689 0.003128 0.999126 0.092525 0.003140 0.995705 -0.009849 -0.814511 -0.580064 -0.035543 -0.232847 -0.971864 -0.033367 -0.591602 -0.805539 -0.044645 -0.280059 -0.958944 -0.001774 -0.974358 0.224997 0.001916 -0.814487 0.580178 0.008195 -0.814527 0.580068 -0.050351 0.523287 0.850667 -0.050258 0.833394 0.550389 -0.999938 0.000283 0.011161 -0.994209 0.035640 0.101377 -0.990635 0.022905 0.134605 -0.042221 -0.600649 -0.798398 -0.030846 -0.600961 -0.798683 -0.994227 -0.035287 0.101331 
						-0.999938 -0.000181 0.011101 -0.990649 -0.022431 0.134580 0.034825 -0.278643 0.959763 0.042528 0.502912 0.863291 0.045554 0.239597 0.969803 0.313128 -0.949711 0.000042 -0.299611 -0.954062 -0.000038 -0.414319 -0.905575 -0.090956 -0.769399 0.011179 0.638670 0.042097 -0.063845 0.997071 0.044327 0.223258 0.973751 0.042930 -0.179581 0.982806 0.033866 -0.588991 0.807429 0.021845 -0.590936 0.806423 -0.007728 -0.974379 -0.224780 -0.000313 -0.974317 0.225181 -0.009012 -0.974675 -0.223444 -0.023578 0.515021 -0.856853 -0.017991 -0.221071 -0.975092 -0.439695 -0.898147 -0.000023 -0.330504 -0.943805 -0.000020 0.439702 -0.898144 0.000010 -0.013811 -0.588546 -0.808346 -0.017277 -0.814558 -0.579824 -0.026133 -0.587952 -0.808474 0.015058 -0.764993 0.643862 0.012406 -0.815603 0.578479 0.023265 -0.590247 0.806887 0.017039 -0.587811 0.808819 0.010294 -0.220853 0.975253 0.026743 -0.232716 0.972177 -0.764882 0.002081 0.644167 0.016514 0.515746 0.856582 -0.601125 -0.787732 0.134633 0.593318 -0.786913 -0.169531 0.414317 -0.905574 -0.090977 -0.763618 0.013178 -0.645534 -0.763982 -0.012704 -0.645113 0.183825 -0.001039 -0.982958 -0.593925 -0.786440 0.169606 0.424069 -0.905630 -0.000029 -0.022463 -0.816560 -0.576823 -0.024980 -0.773219 -0.633647 -0.053699 -0.166887 -0.984513 -0.053839 -0.512500 -0.856998 0.043278 0.830780 0.554916 0.043367 0.527642 0.848359 0.043176 0.581337 0.812517 0.005839 -0.588538 0.808448 0.006795 -0.895870 0.444264 0.043912 0.289302 0.956230 0.000000 0.766991 0.641658 0.000000 0.453315 0.891351 0.000000 0.655218 0.755440 0.043824 0.952944 0.299961 0.040077 0.891139 -0.451958 0.041980 0.933424 -0.356309 -0.566002 -0.006930 0.824375 -0.050649 0.501577 -0.863629 -0.055966 0.241771 -0.968718 -0.999990 -0.001354 0.004174 -0.558864 0.003807 0.829250 -0.016674 -0.901250 -0.432979 -0.025307 0.894067 -0.447218 
						-0.051675 0.017232 -0.998515 -0.054164 -0.220992 -0.973770 0.042812 -0.175494 0.983549 0.043109 -0.499863 0.865031 0.000001 0.758626 -0.651527 0.000002 0.927125 -0.374752 0.000003 0.859488 -0.511157 -0.763648 -0.012925 0.645503 -0.457704 -0.038170 0.888285 0.183327 0.001696 0.983051 -0.002058 -0.984980 0.172657 -0.007332 -0.986913 -0.161089 0.000000 0.980602 -0.196008 0.000001 0.965652 -0.259840 0.000000 0.990094 -0.140403 0.000000 0.862828 0.505498 0.000000 0.700694 0.713462 0.000000 0.496864 -0.867829 -0.000000 0.423062 -0.906101 -0.000000 0.633339 -0.773874 0.000000 0.934377 -0.356286 0.000004 -0.206321 -0.978484 0.000002 -0.055921 -0.998435 0.000000 -0.073896 -0.997266 0.068410 -0.003370 -0.997652 0.342728 0.018587 -0.939251 0.010361 0.097305 -0.995201 -0.582944 -0.014230 -0.812388 -0.370030 -0.001469 -0.929018 -0.301575 -0.005857 -0.953425 0.907632 -0.371397 -0.195625 0.978872 -0.188756 -0.078618 0.891377 -0.418095 -0.175051 -0.000001 0.998999 0.044735 0.000000 0.994083 0.108624 0.000001 0.982092 0.188400 0.000000 0.682053 -0.731303 0.000000 0.935542 0.353215 0.000000 0.936153 0.351593 0.650292 0.033629 0.758940 0.658000 0.034336 0.752235 0.801942 0.027113 0.596786 0.000000 0.999117 -0.042024 0.000000 0.998282 -0.058597 0.726934 0.420933 0.542570 0.632568 0.276534 0.723455 0.987972 0.143278 0.058158 0.000000 -0.655219 -0.755439 -0.000000 -0.358075 -0.933693 0.000000 -0.521669 -0.853148 0.981277 -0.192329 -0.010244 0.997365 -0.072305 -0.005876 -0.004642 0.295744 -0.955256 -0.004837 0.295949 -0.955191 -0.004623 -0.122906 -0.992408 0.909909 -0.413764 0.029403 0.928756 0.370692 -0.000203 0.984295 0.175736 -0.016737 0.063633 0.112624 -0.991598 -0.830685 -0.011929 -0.556615 -0.642273 -0.005263 -0.766458 0.995735 0.081414 0.043393 0.903341 0.395847 0.165168 0.995777 0.084953 0.034788 
						-0.233689 0.018917 -0.972127 -0.635685 0.009299 -0.771893 -0.358729 0.011489 -0.933371 -0.996836 -0.079461 0.001835 -0.999272 -0.018668 -0.033260 -0.998259 0.020017 -0.055480 0.293412 0.282369 -0.913333 0.480792 -0.591191 -0.647559 -0.098542 -0.485361 -0.868743 0.000001 0.040444 -0.999182 0.000001 0.106196 -0.994345 -0.000000 0.174818 -0.984601 0.287258 0.005522 0.957837 0.656600 0.016414 0.754061 0.645098 -0.004282 0.764088 0.868880 0.019371 0.494643 0.985837 -0.042591 0.162207 0.860450 -0.003216 0.509525 -0.078502 -0.199229 0.976803 -0.043381 0.017511 0.998905 0.053350 -0.178386 0.982513 0.971590 -0.015551 0.236161 0.856549 -0.002277 0.516060 0.860391 -0.003040 0.509626 -0.860249 0.011377 -0.509748 -0.968047 0.029469 -0.249032 -0.973405 0.037727 -0.225962 0.997211 -0.018084 0.072409 0.974629 0.038731 0.220448 0.997808 0.003876 0.066070 -0.998038 0.000400 -0.062607 -0.992681 -0.049241 0.110274 -0.994620 -0.026905 0.100038 0.997475 -0.008506 -0.070503 0.970166 -0.073633 -0.230988 0.973463 -0.043161 -0.224736 0.995781 -0.006060 -0.091557 0.253388 -0.004940 -0.967352 0.513954 -0.000024 -0.857818 0.509643 -0.001377 -0.860385 0.990824 0.006866 -0.134983 0.998324 0.000000 0.057878 0.998176 0.001357 0.060349 0.924246 0.000052 -0.381798 0.991223 0.000010 -0.132201 -0.256527 -0.105628 0.960748 -0.042603 0.005014 0.999080 0.764919 -0.000006 -0.644127 0.759272 -0.003897 -0.650762 0.055225 0.001961 -0.998472 0.253943 -0.000021 -0.967219 0.642811 -0.000017 0.766025 0.368407 -0.000000 0.929665 0.371792 -0.001275 0.928315 0.965117 -0.000000 0.261818 0.965477 -0.010995 0.260256 0.113474 0.000012 0.993541 0.113583 0.004329 0.993519 0.642642 0.000023 0.766167 0.642800 0.000022 0.766034 0.927521 0.000006 -0.373770 -0.967200 0.010204 0.253810 -0.997226 0.000004 0.074427 -0.997505 -0.000096 0.070594 
						-0.376422 0.000681 0.926448 -0.642920 -0.000009 0.765933 -0.650454 0.003946 0.759536 -0.128509 0.006126 -0.991689 0.051061 0.000000 -0.998696 0.430187 0.021217 -0.902491 -0.115725 -0.004481 0.993271 -0.368861 0.000009 0.929485 -0.983201 0.028998 -0.180210 -0.968553 0.130499 -0.211839 -0.994160 0.107469 -0.009830 0.642904 0.000104 -0.765947 0.362271 0.015651 -0.931942 -0.961770 0.013423 -0.273530 -0.911920 0.017879 -0.409978 -0.997090 0.011723 -0.075322 -0.789634 -0.030761 0.612807 -0.929712 -0.013580 0.368037 -0.765141 -0.001015 0.643862 -0.037054 -0.028893 -0.998895 0.009604 -0.114744 -0.993349 -0.000000 -0.247740 -0.968827 0.000002 -0.363159 -0.931727 0.000069 0.928259 0.371934 0.000207 0.951226 0.308494 -0.000000 1.000000 0.000273 0.806217 -0.017168 -0.591371 0.628851 -0.022584 -0.777198 0.588687 -0.023457 -0.808020 0.834368 0.023841 -0.550692 0.656551 -0.022842 -0.753935 0.584618 0.002710 -0.811304 0.866990 -0.052694 -0.495531 0.861796 -0.015065 -0.507031 -0.078555 0.009554 -0.996864 0.858409 0.010481 0.512858 0.970165 0.073609 0.230999 -0.968338 -0.019074 -0.248914 -0.856476 -0.007475 -0.516133 -0.840294 0.016220 -0.541888 -0.848723 0.013216 -0.528672 -0.696115 0.013632 -0.717801 0.337483 -0.028656 0.940895 0.364697 -0.017642 0.930959 -0.857449 0.021596 -0.514116 -0.640512 0.002974 -0.767942 -0.878490 0.002330 0.477755 -0.864570 0.007108 0.502462 -0.968168 0.005099 0.250250 -0.321876 -0.040946 -0.945896 -0.397260 0.026644 -0.917319 0.154929 0.000424 -0.987925 -0.997132 -0.000632 -0.075685 -0.996961 -0.009067 -0.077367 0.627715 -0.042482 0.777284 -0.899481 -0.025576 0.436211 -0.861126 0.006411 0.508351 -0.115881 -0.019550 0.993071 -0.541230 0.009565 0.840820 -0.392464 0.013073 0.919674 -0.657754 0.007878 0.753192 -0.417547 -0.027268 0.908246 0.351952 0.008292 0.935981 0.927318 0.374209 -0.007091 
						0.983573 -0.180372 0.007037 0.911202 0.411954 0.002045 0.629150 0.007585 0.777247 -0.964604 0.000006 0.263705 -0.133331 -0.000007 -0.991072 -0.643411 -0.000009 -0.765521 -0.372222 -0.000018 -0.928144 -0.069103 -0.099469 -0.992638 0.672940 0.013576 -0.739573 0.521880 0.012219 -0.852931 0.767542 0.011798 -0.640890 0.935079 0.016387 -0.354059 0.980242 0.013403 -0.197347 0.856329 0.017210 -0.516144 0.462177 0.015795 -0.886647 0.268910 0.011838 -0.963092 -0.987116 -0.005623 0.159909 0.025534 0.004932 -0.999662 -0.388222 -0.044498 0.920491 -0.498701 0.017237 0.866603 -0.292883 -0.042236 0.955215 0.090245 0.012785 -0.995837 0.073780 0.013327 -0.997185 0.000000 0.998999 -0.044743 0.000002 0.999240 -0.038975 -0.000002 0.999240 -0.038990 0.976480 0.045063 -0.210845 0.996247 -0.011203 0.085829 -0.111595 0.014068 -0.993654 -0.043894 0.017644 -0.998880 -0.629711 0.015605 -0.776673 -0.705327 -0.029048 0.708287 0.967824 -0.006297 -0.251549 0.997619 -0.017744 -0.066644 -0.996413 -0.001852 -0.084607 0.997608 0.016843 0.067046 0.855976 0.000023 0.517016 0.998799 0.048827 0.003976 0.997126 0.075755 0.000056 0.999946 0.010370 0.000021 0.326344 -0.022960 -0.944972 -0.003329 0.950869 -0.309576 -0.136829 0.125344 -0.982633 0.108472 0.911544 -0.396639 -0.642681 0.000135 -0.766134 -0.858421 0.010874 -0.512831 0.665785 0.034052 0.745366 0.625880 0.032009 -0.779262 0.674193 0.034476 -0.737750 -0.626691 0.028532 -0.778746 -0.038202 0.673970 -0.737770 -0.855963 0.000006 0.517037 0.998373 0.056701 -0.006001 -0.361843 -0.015259 -0.932114 -0.007757 0.051085 -0.998664 -0.654031 0.038666 -0.755479 -0.848273 0.027076 -0.528867 0.929177 0.176323 -0.324871 0.013604 0.997665 -0.066924 0.991273 0.129022 -0.027029 0.927345 -0.374202 0.002084 0.909597 0.415487 0.002044 -0.999563 -0.003794 0.029321 -0.113929 0.000009 0.993489 
						0.657670 -0.007074 0.753273 -0.981737 0.021780 -0.188992 0.901224 0.031451 -0.432212 0.708274 0.029043 -0.705340 0.997819 -0.065507 0.008163 0.999590 0.028350 -0.004117 -0.746175 0.007320 0.665709 0.113710 -0.028814 0.993096 0.648093 -0.022086 0.761241 0.693695 -0.020889 0.719966 -0.102306 0.012595 0.994673 -0.124521 0.015009 0.992103 0.454710 0.007298 0.890610 0.103216 0.012998 0.994574 0.262552 0.044481 0.963892 0.038490 0.674300 0.737454 -0.945547 0.003729 0.325465 0.842261 -0.044736 0.537210 0.872637 0.027263 0.487608 0.153447 0.009595 0.988110 -0.791333 -0.355359 -0.497506 -0.023312 0.103976 -0.994307 0.052691 0.016542 -0.998474 0.000017 0.757005 -0.653410 0.005796 -0.034082 -0.999402 0.008848 0.772189 -0.635331 -0.049875 0.790164 0.610863 -0.051420 0.972697 0.226310 0.660953 0.017928 0.750214 -0.377623 0.607196 -0.699080 -0.359476 -0.325016 -0.874724 -0.113849 0.612148 -0.782504 0.891536 0.076769 0.446398 0.455445 0.073325 0.887239 0.833816 0.014774 0.551844 -0.998059 -0.029887 0.054640 -0.848632 -0.028519 0.528214 -0.983230 -0.000868 -0.182369 -0.978492 -0.181782 -0.097514 -0.497521 0.355039 -0.791467 -0.998339 -0.018867 0.054442 -0.033369 -0.288982 -0.956753 0.231439 0.591313 -0.772519 0.349061 0.009525 0.937052 0.625066 -0.020236 0.780310 0.642335 0.000848 0.766424 0.687590 0.062252 0.723426 0.188858 0.315573 -0.929918 -0.106042 -0.634769 -0.765391 0.998097 -0.012790 0.060320 0.979752 0.055799 0.192280 0.998679 0.011743 0.050019 0.071141 -0.048194 0.996301 -0.053494 -0.043045 0.997640 -0.048507 0.008692 0.998785 -0.000000 0.998282 0.058597 -0.000000 0.999096 0.042514 -0.004267 0.131881 -0.991256 -0.006231 -0.335421 -0.942048 -0.002748 -0.332259 -0.943184 0.718207 0.344189 -0.604742 -0.036927 -0.102756 -0.994021 0.930404 -0.363050 0.050430 -0.998339 0.009252 0.056855 
						-0.976846 0.014636 0.213441 0.308260 0.940292 -0.144316 0.024622 0.995808 0.088090 -0.982168 0.023311 -0.186556 -0.980230 0.037220 -0.194331 -0.988457 -0.059594 -0.139286 -0.964603 0.000000 -0.263706 -0.965469 -0.011015 -0.260286 0.009514 0.999951 -0.002697 0.015981 0.999783 -0.013380 0.010471 0.999941 0.002856 -0.711657 0.074090 0.698609 -0.520317 -0.016383 0.853816 -0.004053 -0.030353 -0.999531 -0.004911 0.019820 -0.999791 -0.051738 -0.138534 -0.989005 -0.994430 0.007463 0.105134 -0.934425 -0.011448 0.355976 -0.943267 0.015222 0.331687 -0.258940 -0.012129 0.965817 0.971975 -0.017563 0.234425 -0.846174 -0.021572 0.532469 0.983206 -0.171180 -0.063270 0.993160 -0.103022 -0.054959 -0.856007 0.000000 -0.516964 -0.004431 -0.040116 -0.999185 -0.005375 -0.109258 -0.993999 -0.999502 0.019422 -0.024887 -0.926084 0.026478 -0.376386 -0.550903 -0.022939 0.834254 -0.998483 0.007858 -0.054494 0.000001 0.972625 0.232379 0.000004 -0.142710 -0.989765 0.000001 0.018849 -0.999822 0.744893 0.181746 0.641952 0.283795 0.950709 0.124954 0.000000 0.212460 -0.977170 0.000000 0.334528 -0.942386 -0.970062 -0.021701 -0.241887 -0.982066 0.023926 -0.187013 0.999563 0.027749 0.010235 0.913697 0.359780 0.188985 -0.774695 -0.588576 0.231142 -0.948111 0.315738 -0.037341 -0.266898 -0.333811 -0.904066 0.999937 -0.011232 -0.000028 0.997362 -0.072588 -0.000051 -0.693236 0.340550 -0.635177 -0.523739 -0.619655 -0.584573 -0.701132 -0.603425 -0.379857 -0.874730 0.324978 -0.359494 -0.785307 -0.608272 -0.115315 -0.635166 -0.340850 -0.693099 -0.593770 0.607500 -0.527618 0.039641 0.026035 0.998875 0.341955 -0.026173 0.939352 0.254957 0.171817 -0.951565 -0.671938 0.041915 -0.739420 -0.997742 -0.030930 0.059614 -0.851078 0.019782 -0.524667 -0.000000 0.324604 -0.945850 0.601128 -0.787733 0.134614 0.044277 0.971808 0.231580 0.042992 0.793523 0.607020 
						0.248393 0.901292 -0.354927 0.001800 -0.974250 0.225463 -0.006030 -0.895449 0.445123 -0.011219 -0.815496 0.578654 0.990633 -0.022770 0.134636 0.769431 -0.010895 0.638637 0.990658 0.022512 0.134502 1.000000 0.000014 -0.000004 0.999991 -0.001422 0.003987 1.000000 -0.000045 0.000032 0.054646 0.949804 -0.308037 0.049765 0.885045 0.462837 0.052742 0.937797 0.343154 -0.006304 -0.814509 0.580117 -0.022034 -0.590113 0.807020 -0.015143 -0.587829 0.808844 0.593934 0.786438 0.169582 -0.424069 0.905630 -0.000030 -0.593318 0.786914 -0.169533 -0.033069 -0.587862 0.808285 -0.033578 -0.278609 0.959818 -0.021056 -0.590048 0.807093 0.055373 0.973289 -0.222806 0.053674 0.788364 -0.612864 0.054134 0.834758 -0.547949 -0.003404 -0.588494 0.808495 0.006098 -0.224623 0.974427 0.006330 -0.588887 0.808191 0.053918 0.587596 -0.807356 0.055426 0.214689 -0.975109 0.054782 0.297094 -0.953276 -0.014441 0.515104 0.857006 -0.024907 -0.232924 0.972176 -0.040870 0.501105 0.864421 0.008992 -0.974379 -0.224733 0.012276 -0.814502 -0.580031 0.019082 -0.814560 -0.579765 0.000504 -0.814478 0.580195 0.006318 -0.814503 0.580125 -0.014248 -0.764311 0.644690 -0.019375 0.897581 0.440425 -0.040404 -0.007289 0.999157 -0.042018 -0.195924 0.979718 -0.313119 0.949714 0.000036 0.299612 0.954061 -0.000040 0.414317 0.905574 -0.090975 0.003077 -0.974350 0.225016 0.010416 -0.974724 -0.223171 0.027936 -0.587884 -0.808462 0.020325 -0.220918 -0.975081 0.037245 -0.232634 -0.971851 0.034286 -0.591707 -0.805424 0.023441 -0.816638 -0.576673 0.558473 -0.003605 0.829515 0.994202 -0.035589 0.101464 0.025418 -0.773582 -0.633186 0.999938 -0.000251 0.011170 1.000000 0.000042 0.000015 0.999991 0.001463 -0.004057 -0.007954 -0.220999 0.975242 0.006412 -0.588897 -0.808183 0.006387 -0.814501 -0.580127 0.566367 0.007121 0.824122 0.994230 0.035315 0.101286 
						0.999939 0.000236 0.011057 0.005673 0.501597 -0.865083 0.006169 -0.224524 -0.974449 0.004418 -0.974341 0.225034 0.006133 -0.974343 0.224986 0.999990 0.001358 0.004179 0.016232 -0.588536 -0.808308 0.008377 -0.987115 -0.159793 0.003193 -0.984730 0.174059 0.053444 -0.162525 -0.985256 0.053769 -0.192857 -0.979753 0.053637 -0.508946 -0.859126 0.007549 -0.974346 -0.224928 -0.183582 -0.003764 0.982997 -0.041996 -0.002446 0.999115 -0.092020 -0.002468 0.995754 -0.041905 -0.181232 0.982547 0.045462 -0.280008 -0.958920 0.042355 -0.600843 -0.798244 0.031205 -0.601358 -0.798370 0.005581 0.501431 0.865180 0.764938 -0.001675 0.644102 0.006125 -0.974342 -0.224991 -0.044337 0.237998 0.970253 0.052111 0.503361 -0.862503 0.056492 0.243148 -0.968343 0.052528 -0.050348 -0.997350 0.012212 -0.814505 0.580027 0.016126 -0.588546 0.808303 -0.041692 0.003120 -0.999126 -0.184090 0.004436 -0.982899 -0.092529 0.003144 -0.995705 0.439735 0.898128 -0.000028 0.330501 0.943806 -0.000025 -0.439687 0.898151 0.000041 0.017196 -0.901523 -0.432390 -0.042170 -0.502453 0.863575 0.004519 -0.974335 -0.225059 0.025655 0.515653 -0.856413 0.763617 0.013184 0.645535 0.456814 0.038595 0.888725 -0.183819 -0.001045 0.982960 0.054234 0.520715 -0.852006 0.424069 0.905630 -0.000028 -0.593928 0.786439 0.169598 0.593319 0.786913 -0.169528 0.003472 -0.974344 -0.225036 0.000537 -0.814472 -0.580203 -0.601126 0.787733 0.134627 -0.011439 -0.815500 -0.578644 -0.014488 -0.764512 -0.644446 -0.022261 -0.590130 -0.807001 -0.015235 -0.587794 -0.808867 -0.007934 -0.220834 -0.975279 -0.003407 -0.588521 -0.808474 -0.006413 -0.814512 -0.580111 0.007596 -0.974349 0.224915 0.045237 -0.280138 0.958893 0.042170 -0.600591 0.798443 0.031025 -0.601158 0.798528 -0.014415 0.515762 -0.856611 0.034074 -0.591685 0.805449 0.018919 -0.814557 0.579775 0.027755 -0.587917 0.808445 
						0.037061 -0.232832 0.971810 0.053270 -0.167412 0.984447 0.056259 0.241865 0.968678 -0.025006 -0.232728 -0.972220 -0.040954 0.502833 -0.863413 0.742751 0.669567 0.000034 0.779135 0.626856 0.000096 0.313127 0.949711 0.000040 0.735334 0.002222 -0.677701 0.764881 0.002089 -0.644168 0.311297 0.003064 -0.950308 0.999938 0.000310 -0.011115 0.023224 -0.816628 0.576697 0.025246 -0.773434 0.633375 0.017019 -0.901429 0.432593 0.020196 -0.221082 0.975046 0.001223 -0.974275 -0.225362 -0.006223 -0.895555 -0.444907 -0.033305 -0.588190 -0.808036 -0.033799 -0.278517 -0.959836 -0.021298 -0.590320 -0.806888 -0.043849 0.223574 -0.973700 -0.042719 0.581359 -0.812525 -0.043450 0.288942 -0.956360 -0.041611 -0.064473 -0.997052 0.000000 0.577316 -0.816521 -0.000000 0.759422 -0.650598 0.000000 0.639403 -0.768871 0.025523 0.514998 0.856811 0.051933 0.501636 0.863519 0.009368 -0.974386 0.224689 0.990635 0.022906 -0.134602 0.769407 0.011187 -0.638661 0.769114 -0.010830 -0.639020 0.330506 0.943804 0.000017 0.131775 0.991280 0.000090 -0.330477 0.943814 -0.000063 0.994210 0.035646 -0.101371 0.009822 -0.974701 0.223296 0.566000 -0.006929 -0.824376 0.990656 -0.022425 -0.134525 0.994227 -0.035287 -0.101330 -0.039744 0.891344 0.451582 -0.043445 0.953102 -0.299516 -0.041619 0.933273 0.356748 0.007752 -0.986994 0.160569 0.999991 -0.001332 -0.004134 1.000000 -0.000012 0.000021 0.999939 -0.000176 -0.011075 0.558849 0.003799 -0.829260 -0.042244 -0.176185 -0.983450 -0.042535 -0.499365 -0.865347 -0.042961 0.528219 -0.848021 -0.042857 0.830701 -0.555067 0.051192 0.016178 0.998558 0.025031 0.894231 0.446905 0.053668 -0.219971 0.974029 0.763648 -0.012922 -0.645503 0.763948 0.012996 -0.645147 -0.183332 0.001690 -0.983050 0.002580 -0.984866 -0.173300 -0.042385 -0.178913 -0.982952 0.601128 0.787733 0.134615 -0.414317 0.905574 -0.090979 
						-0.042626 0.793868 -0.606594 -0.043876 0.971662 -0.232268 0.000000 0.849778 -0.527140 0.000000 0.858540 -0.512746 0.000000 -0.458145 -0.888878 -0.000000 -0.496843 -0.867841 -0.000000 -0.637735 -0.770256 0.000000 0.927051 0.374934 0.000000 0.758465 0.651714 0.000000 0.859701 0.510798 0.000000 0.980783 0.195103 -0.000000 0.965449 0.260591 -0.000000 0.933227 0.359287 -0.982767 -0.184586 0.009819 -0.999937 -0.011208 0.000029 -0.999002 -0.044510 0.003608 -0.983651 -0.179988 -0.005840 -0.998454 0.055366 0.004845 -0.926987 0.375047 0.005888 -0.801253 0.026405 -0.597742 -0.646530 0.033949 -0.762133 -0.625176 0.033747 -0.779754 0.000000 0.908499 -0.417888 0.000000 0.935879 -0.352322 -0.000000 -0.702471 -0.711713 0.000000 -0.758465 -0.651714 0.000000 0.023904 -0.999714 0.000000 0.208021 -0.978124 -0.000000 0.074287 -0.997237 -0.000000 0.320126 -0.947375 0.000001 0.510413 -0.859929 -0.000000 -0.359115 -0.933293 0.000000 -0.335836 -0.941921 0.000000 0.985092 -0.172026 0.000000 0.982111 -0.188304 -0.998035 0.038930 -0.049103 -0.999927 -0.002258 -0.011902 -0.997104 0.002374 -0.076012 0.004910 0.295951 0.955191 0.004728 0.295745 0.955255 0.004653 -0.122896 0.992409 -0.063691 0.112496 0.991609 -0.342754 0.018566 0.939242 -0.010354 0.097307 0.995201 -0.068283 -0.003325 0.997661 -0.326468 -0.023003 0.944928 -0.582897 0.014209 -0.812422 -0.370003 0.001513 -0.929029 -0.642267 0.005241 -0.766463 -0.915524 -0.355872 0.187539 -1.000000 0.000121 -0.000052 -0.995904 -0.079776 0.042551 -0.830723 0.011954 -0.556557 -0.928760 0.370680 0.000211 -0.909939 -0.413699 -0.029390 -0.984323 0.175571 0.016815 -0.615587 -0.017056 0.787885 -0.665257 -0.018434 -0.746387 -0.736490 -0.020407 -0.676141 -0.996156 0.077284 -0.041238 -0.873812 0.448370 -0.188193 -0.915915 0.355390 -0.186541 -0.811207 0.030595 -0.583958 -0.920207 0.017338 -0.391049 
						-0.973532 0.010832 -0.228296 0.950948 -0.016204 0.308926 0.968981 -0.018420 0.246449 0.997128 -0.022429 0.072334 -0.642899 0.000115 0.765951 -0.656564 -0.022843 0.753924 0.789651 -0.030732 -0.612785 0.929958 -0.013122 -0.367431 0.934424 -0.011449 -0.355977 0.037087 -0.028881 0.998895 0.000002 0.220478 -0.975392 0.000003 0.366221 -0.930528 -0.617864 -0.021775 0.785984 -0.644625 -0.021195 0.764205 -0.806333 -0.016384 0.591234 -0.834359 0.023847 0.550706 -0.584665 0.002697 0.811270 -0.866998 -0.052737 0.495514 -0.973464 -0.043164 0.224731 -0.861788 -0.015054 0.507045 0.857494 0.021617 0.514040 0.640532 0.002987 0.767926 0.626653 0.028516 0.778777 -0.301621 0.005962 -0.953409 -0.128291 -0.006074 -0.991718 0.843024 -0.021586 -0.537442 0.843449 -0.026818 -0.536539 0.681730 -0.025352 -0.731164 -0.974627 0.038720 -0.220462 -0.858410 0.010485 -0.512857 -0.872631 0.027260 -0.487619 0.321910 -0.040913 0.945886 0.397350 0.026679 0.917279 -0.856480 0.007483 -0.516126 -0.968357 0.019017 -0.248846 0.430523 -0.021117 -0.902332 0.255888 -0.000619 -0.966706 0.155376 -0.000284 -0.987855 -0.627720 -0.042508 -0.777278 -0.337481 -0.028669 -0.940896 -0.656586 0.016432 -0.754073 -0.053130 -0.178194 -0.982560 0.079319 -0.199787 -0.976624 0.868009 -0.018049 0.496221 0.890482 -0.016194 0.454731 0.760439 -0.018494 0.649146 -0.997132 0.000625 -0.075679 -0.996912 0.009233 -0.077982 0.993441 -0.003113 -0.114304 0.916949 -0.021870 -0.398405 0.996734 -0.009919 -0.080146 0.927788 0.001107 -0.373107 0.714178 -0.032401 -0.699214 -0.997744 -0.066619 -0.008312 -0.930312 -0.363263 -0.050586 0.627705 -0.024418 -0.778068 0.686690 -0.022950 -0.726588 0.846943 -0.021458 -0.531251 0.345906 -0.027932 -0.937853 -0.011844 -0.032184 -0.999412 0.205873 -0.030961 -0.978089 -0.698831 -0.019812 -0.715013 -0.650051 -0.021048 -0.759599 -0.119991 -0.027494 -0.992394 
						-0.999204 0.029910 -0.026407 -0.996825 0.079587 0.002288 -0.998276 -0.020094 -0.055145 0.293332 -0.282350 -0.913365 0.480794 0.591192 -0.647556 0.718227 -0.344124 -0.604754 0.000000 -0.140169 -0.990128 0.000000 -0.040502 -0.999179 0.000000 -0.174266 -0.984699 0.868844 -0.019313 0.494709 0.985200 0.029642 0.168827 0.978842 -0.061027 0.195303 -0.287248 0.005523 -0.957840 -0.645130 -0.004274 -0.764061 0.075579 -0.055936 -0.995570 0.118377 -0.069420 -0.990539 0.856552 0.002279 0.516056 0.976404 0.009773 0.215730 0.860358 0.003014 0.509681 0.968125 0.029215 0.248759 0.860273 0.011414 0.509706 0.973407 0.037732 0.225955 -0.997205 -0.018108 -0.072484 -0.971954 -0.017591 -0.234512 -0.970168 -0.073679 0.230967 -0.997477 -0.008530 0.070480 -0.995783 -0.006066 0.091539 0.514190 0.000011 -0.857676 0.509853 0.001407 -0.860260 0.992850 -0.048401 -0.109116 0.998063 0.000797 0.062199 0.994587 -0.026513 -0.100464 0.260209 -0.106761 -0.959632 0.201796 -0.039315 -0.978638 0.991407 0.000016 -0.130812 0.764789 0.000010 -0.644281 0.758080 0.008867 -0.652102 0.927835 -0.000007 -0.372991 0.760527 -0.001047 -0.649305 0.058128 -0.015308 -0.998192 0.060231 -0.014558 -0.998078 -0.997226 -0.000000 0.074429 -0.967193 -0.010165 0.253838 -0.997504 0.000090 0.070608 0.368322 -0.000012 0.929698 0.643755 -0.000162 0.765231 0.371762 0.001250 0.928327 -0.642954 -0.000003 0.765904 -0.376458 -0.000668 0.926434 -0.650470 -0.003935 0.759522 0.965200 0.000004 0.261513 0.998722 -0.002112 0.050493 0.967046 0.010305 0.254393 -0.132519 -0.001080 -0.991180 -0.369025 -0.000020 0.929419 -0.115773 0.004400 0.993266 0.642653 -0.000000 0.766158 0.643757 -0.000155 0.765230 0.113420 -0.000019 0.993547 0.113600 -0.004295 0.993517 0.701742 -0.025367 -0.711979 -0.999595 0.004058 0.028183 -0.987196 0.005829 0.159406 -0.861119 -0.006374 0.508363 
						-0.899457 0.025602 0.436258 0.657707 0.007093 0.753241 0.981748 0.021802 0.188931 0.999719 -0.005575 0.023051 0.025893 -0.004679 -0.999654 -0.116213 0.019424 0.993034 0.463933 -0.023690 -0.885553 0.351897 -0.008315 0.936002 0.081484 -0.010077 0.996624 -0.417509 0.027285 0.908263 -0.910959 0.412495 -0.001612 0.629096 -0.007612 0.777291 -0.964606 0.000010 0.263695 -0.643407 -0.000003 -0.765524 -0.372069 0.000006 -0.928205 0.069094 -0.099490 0.992637 -0.009607 -0.114742 0.993349 0.388398 -0.044461 -0.920418 0.498807 0.017336 -0.866540 0.551032 -0.022918 -0.834169 -0.591642 -0.023483 0.805859 -0.484730 -0.023706 0.874342 -0.369431 -0.021797 0.929002 -0.913526 -0.030727 0.405618 -0.958557 -0.028337 0.283489 -0.996834 -0.000288 0.079506 -0.236980 -0.016613 0.971373 -0.173739 -0.016503 0.984653 -0.004422 -0.020199 0.999786 -0.037358 -0.018294 0.999134 0.994554 0.007051 -0.103987 -0.078377 -0.009462 -0.996879 0.957650 -0.020242 -0.287221 0.912941 -0.024994 -0.407327 0.992911 -0.016263 -0.117739 -0.486201 -0.022070 -0.873568 -0.202245 -0.026080 -0.978988 -0.199068 -0.028203 -0.979580 0.998314 0.009403 -0.057284 0.997567 0.032016 -0.061931 0.998973 -0.017956 -0.041598 -0.023197 -0.103843 -0.994323 -0.791343 0.355387 -0.497470 0.052719 -0.016229 -0.998478 0.071581 -0.028367 -0.997031 -0.842277 -0.044728 -0.537187 -0.738526 -0.024140 0.673793 -0.774102 -0.031613 0.632271 0.156849 -0.024817 0.987311 0.149002 -0.022845 0.988573 0.663715 -0.021241 0.747684 -0.705325 0.029050 0.708289 -0.967795 -0.006265 0.251661 -0.997618 -0.017655 0.066683 -0.997808 0.003885 -0.066067 0.397968 -0.023865 0.917089 0.329051 -0.018149 0.944138 0.996319 -0.002248 0.085691 -0.970168 0.073682 -0.230966 0.855914 -0.000000 0.517118 -0.999592 0.026808 -0.009901 0.136812 0.125343 0.982635 0.003330 0.950744 0.309959 -0.111699 0.910907 0.397205 
						0.642678 0.000124 0.766137 -0.649591 0.032389 -0.759594 -0.626665 0.031245 0.778663 -0.822924 0.041035 -0.566668 -0.855957 0.000022 0.517048 -0.997126 0.075754 -0.000021 -0.999034 0.043790 -0.003558 -0.999946 0.010340 -0.000019 0.847393 0.026470 0.530306 0.654016 0.037703 0.755540 0.005962 0.049800 0.998741 -0.004195 0.997541 0.069959 -0.929194 0.176264 0.324852 -0.991287 0.128912 0.027047 -0.927493 -0.373836 -0.001645 0.006256 -0.335421 0.942048 0.004298 0.132159 0.991219 0.002741 -0.332260 0.943184 -0.371041 0.928029 -0.033041 -0.036863 0.102828 -0.994016 -0.025536 -0.031422 -0.999180 0.999391 0.008933 0.033736 -0.308436 0.940177 0.144691 -0.026378 0.995814 -0.087512 -0.990717 -0.094552 -0.097667 -0.999208 0.029616 -0.026576 -0.998263 -0.020341 -0.055287 -0.964605 0.000012 -0.263701 -0.965472 0.010999 -0.260276 0.520474 -0.016149 -0.853725 0.711672 0.074113 -0.698592 0.003837 -0.030335 0.999532 0.003326 -0.086951 0.996207 0.051809 -0.138562 0.988998 0.303525 -0.052587 -0.951371 0.943267 0.015222 -0.331687 0.846173 -0.021579 -0.532472 -0.965619 0.240362 -0.099023 -0.856007 0.000000 -0.516964 -0.983281 -0.170793 0.063145 0.005339 -0.109269 0.993998 0.004395 -0.040128 0.999185 -0.996526 0.083277 0.000034 -0.994240 0.107175 0.000015 -0.934090 -0.357038 0.000009 0.769670 0.007935 -0.638393 -0.000000 0.955674 -0.294428 0.000001 0.112767 -0.993621 0.843430 -0.026725 -0.536573 0.998190 -0.028966 -0.052707 0.980938 -0.003161 0.194293 -0.000000 -0.051861 -0.998654 0.984068 0.047864 -0.171229 0.998558 -0.014203 -0.051765 -0.053200 0.043157 0.997651 -0.774694 0.588571 0.231157 -0.948112 -0.315736 -0.037328 -0.744902 0.181699 -0.641955 -0.284009 0.950620 -0.125138 0.266938 -0.333749 0.904077 -0.000000 -0.247283 -0.968943 -0.873520 -0.449234 0.187486 -0.970006 0.021609 -0.242119 -0.106047 0.634763 -0.765395 
						0.188843 -0.315571 -0.929921 -0.523675 0.619784 -0.584493 -0.693196 -0.340559 -0.635216 -0.701104 0.603434 -0.379895 -0.874733 -0.324977 -0.359488 -0.785310 0.608271 -0.115307 0.039370 -0.026138 0.998883 0.342163 0.025992 0.939281 0.070989 0.048322 0.996306 -0.377626 -0.607193 -0.699081 -0.360232 0.325167 -0.874357 -0.635164 0.340891 -0.693080 0.660898 -0.017863 0.750263 0.860379 0.003160 0.509646 -0.593819 -0.607468 -0.527600 0.926921 0.071764 -0.368330 0.865537 -0.135810 0.482081 -0.529597 0.042525 -0.847183 -0.714397 0.031531 -0.699030 -0.497537 -0.354920 -0.791510 -0.978215 0.184031 -0.096064 -0.998559 0.014173 0.051750 0.663586 -0.019256 0.747853 0.602898 -0.017496 -0.797626 0.732443 -0.021251 0.680497 0.997720 -0.030592 -0.060155 0.671348 0.040511 0.740035 0.849495 0.018976 0.527256 0.998221 -0.022165 -0.055341 0.230914 -0.586931 -0.776010 -0.041484 0.342867 -0.938468 -0.109818 -0.611286 -0.783753 0.349474 -0.009355 0.936899 0.625140 0.020166 0.780252 -0.098629 0.485319 -0.868757 -0.343999 0.012107 -0.938892 0.997304 -0.028627 0.067563 0.997617 -0.031235 0.061526 -0.048370 -0.008834 0.998791 -0.014463 0.999888 -0.003975 -0.046128 0.998768 -0.018287 0.010387 0.999930 0.005657 -0.000132 1.000000 0.000200 0.390792 0.919902 0.032579 0.385144 0.922061 0.038313 0.267800 -0.031769 -0.962951 -0.076123 0.003415 0.997093 0.994225 0.107311 -0.000010 0.994089 -0.108569 -0.000003 0.999164 -0.040872 -0.000014 0.999931 -0.011677 -0.000937 1.000000 -0.000216 -0.000008 0.999773 -0.019646 -0.008270 -0.999055 -0.018258 -0.039449 -0.998936 -0.017767 -0.042551 -0.991113 -0.005641 -0.132904 0.997208 -0.074675 -0.000009 0.999995 -0.003132 0.000007 0.997022 0.077121 0.000017 0.999034 0.043954 0.000016 0.999928 -0.010597 -0.005656 0.999303 -0.035009 -0.012938 0.999991 -0.003902 -0.001465 0.999344 -0.035993 0.003922 
						0.999982 -0.005904 0.000360 0.999992 -0.003985 0.000118 -0.999788 0.020006 -0.004874 -0.999333 0.020535 -0.030210 -0.999687 0.020226 -0.014726 0.994061 0.108824 0.000011 0.995568 -0.094050 0.000013 0.998824 -0.041996 -0.024240 0.968535 0.005002 -0.248828 0.999897 0.011724 -0.008305 0.998313 0.000012 0.058059 -1.000000 -0.000257 0.000005 -1.000000 0.000005 -0.000004 -1.000000 0.000817 -0.000354 0.990666 -0.006736 0.136149 0.998799 -0.017955 0.045591 0.998864 -0.018394 0.043954 -0.996967 0.077830 0.000006 -0.999989 -0.004597 -0.000001 -0.999039 0.043834 0.000008 -0.997169 -0.075199 -0.000005 -0.999134 -0.041618 -0.000002 -0.999998 -0.001527 0.000806 -0.999987 -0.004858 0.001797 -0.999269 -0.035850 0.013247 -0.999988 -0.004968 -0.000261 -0.999617 0.027394 0.004040 -0.999963 -0.008525 -0.000718 -0.999312 -0.036888 -0.003738 0.998955 -0.008695 -0.044861 0.998957 -0.032122 -0.032456 0.998765 -0.042820 -0.025183 0.998739 -0.001348 -0.050189 0.935290 0.018780 0.353383 0.999805 0.012415 0.015347 0.999753 0.012434 0.018411 -0.966936 0.255018 -0.000056 -0.950716 0.310063 -0.000053 -0.997501 -0.070659 -0.000037 0.019473 0.918677 -0.394529 0.047045 -0.506661 -0.860861 -0.052603 0.241888 0.968877 -0.005872 0.999983 0.000007 0.005867 0.999983 0.000001 0.005370 0.999986 -0.000016 0.099877 0.995000 0.000002 0.019310 0.999814 0.000155 0.035216 0.999380 -0.000036 0.048540 0.998821 -0.000119 0.085916 0.996302 -0.000011 0.059703 0.998216 -0.000013 0.073679 0.997282 -0.000076 0.093360 0.995632 -0.000216 0.097935 0.995193 -0.000043 0.099892 0.994998 -0.000002 0.097917 0.995195 -0.000009 0.093305 0.995638 -0.000039 0.082925 0.996556 -0.000244 0.069524 0.997580 0.000003 0.059394 0.998235 -0.000346 0.048096 0.998843 0.000003 0.033029 0.999454 -0.000206 0.018093 0.999836 -0.000156 -0.005370 0.999986 0.000009 
						-0.018096 0.999836 0.000100 -0.033041 0.999454 0.000036 -0.046010 0.998941 0.000018 -0.057813 0.998327 -0.000040 -0.072201 0.997390 -0.000048 -0.084373 0.996434 0.000008 -0.091739 0.995783 0.000066 -0.096241 0.995358 -0.000008 -0.098164 0.995170 -0.000005 -0.096254 0.995357 0.000037 -0.091808 0.995777 -0.000013 -0.084456 0.996427 0.000036 -0.072563 0.997364 0.000034 -0.059233 0.998244 0.000243 -0.035208 0.999380 -0.000035 0.299611 -0.954061 -0.000038 -0.614599 -0.788840 0.000136 0.438024 0.898963 -0.000000 0.424069 -0.905630 0.000029 -0.574484 -0.002100 -0.818514 -0.594346 -0.002174 -0.804207 0.131830 -0.991272 -0.000017 0.439690 -0.898150 -0.000035 -0.439687 -0.898151 0.000042 0.498856 -0.866685 -0.000036 -0.424069 -0.905630 0.000027 -0.498855 -0.866686 0.000041 0.779136 -0.626855 0.000106 0.742771 -0.669545 0.000168 0.614554 -0.788875 0.000065 -0.769098 -0.010833 0.639039 -0.131822 -0.991273 -0.000028 0.131819 -0.991274 0.000032 0.330476 -0.943814 0.000065 0.498860 -0.866683 0.000023 -0.498856 -0.866685 -0.000035 -0.574603 0.002669 0.818428 -0.735365 0.002136 0.677668 -0.594106 0.002498 0.804383 -0.311330 0.003035 0.950297 -0.466237 -0.034697 -0.883979 -0.456909 0.038550 -0.888678 -0.022150 0.920011 -0.391266 -0.763948 0.012991 0.645146 -0.465529 0.035039 0.884339 -0.000002 0.999961 0.008794 0.652475 0.038749 0.756819 0.617164 0.036824 0.785973 0.993266 0.039157 0.109038 0.924598 0.237541 0.297814 0.976277 0.001320 0.216520 0.975355 0.001409 0.220637 0.999937 -0.003122 0.010758 0.000000 -0.453315 -0.891351 -0.004745 0.122526 -0.992454 -0.004577 0.252537 -0.967577 -0.003931 0.284556 -0.958652 -0.004901 0.253877 -0.967224 -0.004879 0.126003 -0.992018 -0.005551 0.285168 -0.958462 0.909810 -0.415025 -0.000199 -0.466125 0.019500 -0.884504 -0.998141 -0.022615 0.056590 -0.998629 -0.012550 0.050819 
						-0.994859 -0.062704 0.079519 0.642650 -0.000000 0.766160 -0.997187 -0.001009 -0.074948 0.000000 -0.663955 -0.747773 -0.000208 0.951350 -0.308111 -0.000069 0.928259 -0.371934 0.594054 -0.023336 -0.804087 0.641556 -0.022284 -0.766753 0.081336 0.010136 0.996635 -0.314040 0.012057 0.949333 0.250041 0.013266 -0.968144 0.000000 0.998100 -0.061610 -0.480419 0.013724 -0.876932 0.982614 0.185397 0.009865 -0.002995 0.134915 -0.990853 0.823916 0.042143 0.565142 0.578517 0.041655 -0.814606 0.601511 0.040796 -0.797822 -0.782216 -0.018070 0.622746 -0.602041 -0.023159 0.798129 0.005701 -0.049716 -0.998747 0.000000 0.674718 -0.738075 -0.000004 0.754993 -0.655732 0.000000 0.682353 -0.731023 0.642553 0.000739 0.766241 -0.608694 -0.018239 0.793195 -0.997226 -0.000028 -0.074427 -0.000992 -0.307263 -0.951624 -0.001566 -0.173567 -0.984821 -0.007171 -0.185419 -0.982633 -0.008848 -0.318493 -0.947884 -0.025558 0.031573 -0.999175 -0.990716 0.094351 -0.097881 -0.998348 0.018328 -0.054462 -0.999208 -0.028944 -0.027293 0.140556 0.990047 0.007123 0.178391 0.983781 0.018759 0.010860 0.999938 0.002600 -0.146988 0.989112 -0.007163 -0.089915 0.995926 0.006846 -0.057117 0.998120 0.022230 0.001798 0.999908 0.013448 0.112761 0.993599 -0.006799 0.075898 0.996869 -0.022174 -0.018267 0.998925 0.042599 0.037141 0.998400 -0.042645 -0.765140 -0.001015 0.643862 -0.004780 0.081182 -0.996688 -0.003419 -0.086942 -0.996207 -0.000940 -0.152691 -0.988274 -0.007943 -0.177399 -0.984107 -0.004803 0.086969 -0.996199 -0.004577 0.021964 -0.999748 -0.769671 0.007936 0.638392 0.983839 0.167948 0.062080 -0.000363 0.128038 -0.991769 0.769062 0.011147 0.639077 0.424069 0.905630 0.000028 -0.017456 0.917711 0.396864 -0.779135 0.626856 0.000101 -0.742767 0.669550 0.000122 -0.614533 0.788891 0.000049 0.574478 -0.002075 0.818517 0.735482 -0.001797 0.677542 
						0.594279 -0.002255 0.804256 0.311805 -0.002611 0.950143 0.131829 0.991272 -0.000019 -0.131842 0.991271 0.000002 -0.330508 0.943803 0.000013 -0.498854 0.866686 0.000042 0.498857 0.866684 -0.000034 -0.424069 0.905630 0.000029 0.763983 -0.012691 0.645112 0.466358 -0.034639 0.883918 0.053398 -0.512108 0.857260 -0.299612 0.954061 -0.000040 0.614589 0.788847 0.000131 0.574599 0.002654 -0.818430 0.593782 0.002950 -0.804620 -0.044584 0.239280 -0.969926 -0.131852 0.991269 0.000012 -0.439689 0.898150 -0.000037 0.439685 0.898152 0.000046 -0.498856 0.866685 -0.000035 0.498853 0.866686 0.000045 0.021931 0.919876 0.391596 0.465520 0.035043 -0.884343 0.457669 -0.038187 -0.888302 -0.000000 0.702471 0.711713 -0.000000 0.989969 0.141288 -0.997360 -0.072612 0.000031 -0.640253 0.038293 -0.767209 -0.613720 0.035968 -0.788704 -0.958664 0.037109 -0.282111 -0.974804 0.002245 -0.223052 -0.997290 0.065129 0.034231 -0.992448 0.080764 -0.092321 0.004665 0.252529 0.967578 0.004823 0.122483 0.992459 0.004925 0.126011 0.992017 0.004971 0.253888 0.967221 0.005673 0.285183 0.958456 0.004239 0.284503 0.958666 -0.362238 0.015728 0.931953 -0.909829 -0.414983 0.000207 -0.820388 -0.022732 0.571356 0.765159 -0.000995 -0.643841 -0.603443 -0.022086 0.797100 -0.644998 -0.021189 0.763890 -0.364695 -0.017618 -0.930960 0.598281 -0.022185 -0.800979 0.780440 -0.017311 -0.624991 -0.993580 0.073733 0.085807 -0.998588 0.013516 0.051369 -0.998119 0.023016 0.056816 0.858405 0.010817 0.512858 0.254484 0.000000 -0.967077 0.998479 0.007889 0.054567 0.764792 0.000000 -0.644277 0.642653 -0.000000 0.766158 -0.113984 -0.000000 0.993483 0.558049 -0.018767 0.829596 -0.997608 0.016887 -0.067026 -0.983866 0.167807 -0.062041 0.002997 0.135175 0.990817 0.361811 -0.015335 0.932125 -0.677571 0.033780 0.734681 -0.983091 0.182858 -0.009731 
						-0.602721 0.039730 0.796962 -0.586604 0.040323 0.808869 -0.909404 0.415912 -0.001614 0.001471 -0.173554 0.984823 0.000855 -0.307251 0.951628 0.007073 -0.185433 0.982631 0.008689 -0.318507 0.947881 -0.170089 0.985080 -0.026219 -0.310228 0.950206 -0.029457 -0.337290 0.940829 -0.032819 -0.316253 0.948502 -0.018118 -0.344020 0.938592 -0.026368 -0.354186 0.934506 -0.035362 -0.364880 0.930253 -0.038627 -0.359412 0.932617 -0.032372 -0.368115 0.929004 -0.037998 -0.370199 0.928371 -0.032862 -0.982122 -0.023154 -0.186816 -0.988450 0.061709 -0.138411 -0.980192 -0.037007 -0.194560 -0.997226 0.000000 -0.074439 0.765159 -0.000995 -0.643841 0.000838 -0.152687 0.988274 0.004858 0.081145 0.996690 0.004961 0.019768 0.999792 0.007811 -0.177456 0.984098 0.004830 0.086977 0.996199 0.004595 0.021970 0.999748 -0.993907 -0.110220 0.000022 -0.986875 -0.161488 0.000035 -0.972715 -0.232004 0.000023 -0.954764 -0.297365 0.000017 -0.940556 -0.339638 0.000006 -0.935264 -0.353952 0.000056 -0.944746 -0.327802 0.000049 -0.961867 -0.273519 0.000036 -0.979329 -0.202274 0.000037 -0.993786 -0.111304 0.000034 0.605063 -0.017215 -0.795992 -0.982043 -0.023849 -0.187143 -0.144155 -0.618051 -0.772808 0.642446 -0.000789 0.766330 0.962246 0.060519 -0.265366 0.820555 -0.023815 -0.571071 -0.345369 0.322568 -0.881289 0.642446 -0.000789 0.766331 0.174744 0.984265 0.026208 0.125643 0.991828 0.022165 0.089920 0.995775 0.018617 0.046354 0.998759 0.018236 0.014694 0.999884 0.003929 -0.000009 1.000000 0.000013 -0.125190 0.991885 -0.022181 -0.089675 0.995795 -0.018713 0.000025 1.000000 -0.000010 0.326908 0.944602 0.029299 0.355901 0.934154 0.026277 0.379394 0.924678 0.032114 0.356027 0.933908 0.032570 0.373894 0.926807 0.035091 0.388503 0.920677 0.037669 0.391647 0.919532 0.032755 0.996528 0.083260 -0.000037 0.993791 -0.111262 -0.000050 
						0.979334 -0.202251 -0.000051 0.961871 -0.273504 -0.000045 0.944757 -0.327771 -0.000039 0.935279 -0.353911 -0.000035 0.934108 -0.356989 -0.000005 0.940579 -0.339576 -0.000002 0.954786 -0.297293 -0.000000 0.972725 -0.231960 0.000002 0.987037 -0.160492 0.000002 1.000000 0.000921 0.000012 0.987618 0.156880 0.000016 0.974513 0.224331 0.000003 0.957842 0.287295 0.000006 0.944287 0.329124 0.000011 0.937496 0.347995 0.000012 0.936316 0.351159 0.000100 0.997499 -0.070678 0.000038 0.940177 0.340685 0.000057 0.950726 0.310034 0.000042 0.966941 0.254999 0.000043 0.982713 0.185133 0.000037 0.994553 0.104231 0.000051 0.998963 -0.008740 -0.044674 -1.000000 -0.000856 -0.000004 -0.987470 0.157805 0.000026 -0.993875 0.110513 0.000017 -0.995580 -0.093920 -0.000002 -0.994554 0.104226 -0.000040 -0.974515 0.224324 0.000010 -0.982707 0.185168 -0.000060 -0.957836 0.287314 0.000012 -0.937478 0.348045 -0.000019 -0.944283 0.329135 0.000011 -0.936300 0.351201 -0.000081 -0.940166 0.340717 -0.000075 
					</float_array>
					<technique_common>
						<accessor count="1507" offset="0" source="#meshId0-bitangents-array" stride="3">
							<param name="X" type="float" />
							<param name="Y" type="float" />
							<param name="Z" type="float" />
						</accessor>
					</technique_common>
				</source>
				<source id="meshId0-tex0" name="meshId0-tex0">
					<float_array id="meshId0-tex0-array" count="3014"> 
						0.390102 0.052863 0.401983 0.044857 0.401553 0.053511 0.481403 0.097812 0.485497 0.102172 0.481410 0.102172 0.389130 0.091206 0.399318 0.089893 0.399293 0.091460 0.390558 0.054079 0.389145 0.088079 0.399400 0.086760 0.399353 0.088326 0.389194 0.102034 0.370118 0.108828 0.369791 0.102519 0.556115 0.650855 0.557844 0.655606 0.543507 0.643575 0.369701 0.087662 0.359773 0.086012 0.369746 0.086121 0.359769 0.099601 0.369665 0.097903 0.369695 0.099441 0.495022 0.068672 0.492292 0.087659 0.491849 0.068826 0.359796 0.101142 0.355567 0.102726 0.355562 0.101173 0.114491 0.100954 0.113612 0.101190 0.115370 0.099432 0.565099 0.641575 0.293136 0.273954 0.565099 0.273954 0.482983 0.068687 0.485715 0.087659 0.481838 0.087763 0.389153 0.098908 0.399373 0.100186 0.389170 0.100471 0.399818 0.109347 0.399425 0.101752 0.355589 0.108586 0.359828 0.102687 0.360020 0.108530 0.399303 0.097053 0.860734 0.003625 0.572043 0.000036 0.861384 0.000000 0.495578 0.042970 0.482912 0.044141 0.482302 0.043004 0.369667 0.089202 0.102578 0.048460 0.078140 0.060543 0.078140 0.048460 0.369737 0.100979 0.402041 0.141850 0.390647 0.143358 0.390600 0.142447 0.389143 0.097345 
						0.369646 0.090741 0.389163 0.086515 0.399766 0.079160 0.391346 0.156731 0.402184 0.144582 0.402787 0.156133 0.571529 0.368543 0.860732 0.368553 0.567099 0.003268 0.571530 0.003629 0.486695 0.068833 0.359734 0.089101 0.355513 0.087557 0.359751 0.087559 0.359928 0.080159 0.370040 0.079804 0.389134 0.089642 0.355507 0.086003 0.355524 0.090654 0.351353 0.098092 0.351324 0.090672 0.359748 0.098061 0.355556 0.099625 0.355551 0.098079 0.492514 0.097751 0.485494 0.097751 0.492510 0.102172 0.390697 0.134432 0.401680 0.134966 0.390245 0.135647 0.481403 0.106533 0.359724 0.090642 0.355518 0.089107 0.496170 0.087762 0.483158 0.034700 0.484035 0.034462 0.482285 0.036221 0.355486 0.080133 0.496605 0.097812 0.496598 0.102173 0.389078 0.078611 0.401094 0.133806 0.399333 0.098619 0.071146 0.098645 0.070312 0.097329 0.071146 0.090435 0.482894 0.160200 0.495559 0.161381 0.482283 0.161337 0.351302 0.089132 0.341269 0.086224 0.321885 0.088322 0.321856 0.086758 0.341435 0.098005 0.351343 0.099631 0.341416 0.099543 0.402089 0.142760 0.390695 0.144268 0.492514 0.106594 0.496170 0.116583 0.492292 0.116686 0.311199 0.079480 0.311621 0.087077 0.481838 0.116581 
						0.485494 0.106594 0.485714 0.116685 0.321937 0.102277 0.341061 0.108933 0.322046 0.110174 0.068359 0.059393 0.068359 0.047852 0.076995 0.047852 0.486690 0.135512 0.321129 0.135897 0.309378 0.142185 0.309689 0.135298 0.311366 0.109666 0.311704 0.102070 0.341403 0.090843 0.321954 0.097588 0.321922 0.091449 0.351044 0.080191 0.351241 0.086043 0.111481 0.049294 0.112583 0.050396 0.111481 0.059708 0.351275 0.087589 0.341370 0.089305 0.341326 0.087765 0.311744 0.100503 0.321955 0.099151 0.321950 0.100714 0.341385 0.101082 0.351306 0.102718 0.341342 0.102622 0.484010 0.169880 0.351157 0.108563 0.106734 0.101190 0.105589 0.088499 0.106734 0.087891 0.491849 0.068826 0.486695 0.068833 0.494973 0.044111 0.105589 0.100582 0.081151 0.088499 0.321907 0.089885 0.311679 0.088643 0.320226 0.054333 0.309820 0.055003 0.320741 0.144521 0.309337 0.143095 0.320782 0.143610 0.351328 0.101173 0.311774 0.098936 0.320823 0.142699 0.887920 0.002538 0.863383 0.000000 0.887920 0.000000 0.309255 0.144918 0.320180 0.156988 0.308735 0.156473 0.482979 0.135656 0.340930 0.079909 0.321883 0.078853 0.496605 0.106534 0.495018 0.135676 0.311726 0.090210 0.308735 0.045194 
						0.320673 0.053114 0.309227 0.053845 0.320668 0.134685 0.310267 0.134134 0.889920 0.254926 0.914457 0.257464 0.889920 0.257464 0.491845 0.135521 0.495018 0.135676 0.494955 0.160239 0.311792 0.097369 0.311762 0.091777 0.889920 0.262539 0.914457 0.260002 0.914457 0.262539 0.887920 0.005076 0.863383 0.002538 0.889920 0.249850 0.914457 0.252388 0.889920 0.252388 0.889920 0.260002 0.889920 0.007614 0.914457 0.010151 0.889919 0.010151 0.916456 0.186659 0.920682 0.182724 0.920682 0.186659 0.624941 0.541612 0.626625 0.545004 0.624941 0.545004 0.438797 0.018134 0.427527 0.039522 0.427528 0.018134 0.887920 0.012689 0.863383 0.010151 0.887920 0.010151 0.914457 0.254926 0.887920 0.007613 0.863383 0.005076 0.642025 0.422838 0.649045 0.414020 0.654393 0.432727 0.914457 0.265077 0.889920 0.265077 0.597768 0.633398 0.597700 0.653529 0.581340 0.667480 0.889920 0.000000 0.914457 0.002538 0.889920 0.002538 0.418165 0.018134 0.418239 0.039593 0.160291 0.026587 0.079291 0.026187 0.001095 0.000000 0.533567 0.134474 0.498363 0.122754 0.533799 0.123179 0.924896 0.186659 0.624941 0.537912 0.626624 0.541612 0.438798 0.062776 0.427528 0.083920 0.427527 0.062749 
						0.595447 0.727095 0.582261 0.730576 0.582213 0.727288 0.623594 0.465213 0.624941 0.532768 0.623594 0.532768 0.624941 0.541612 0.623594 0.545004 0.623594 0.541612 0.889920 0.242237 0.914457 0.244775 0.889920 0.244775 0.916456 0.070585 0.920682 0.074693 0.916456 0.074693 0.623594 0.682788 0.624941 0.679244 0.624941 0.682788 0.920682 0.065324 0.924896 0.011286 0.924896 0.065324 0.624941 0.679244 0.626625 0.682788 0.624941 0.682788 0.920682 0.253874 0.924896 0.258167 0.920682 0.258167 0.916456 0.085403 0.920682 0.083254 0.920682 0.085403 0.920682 0.260282 0.924896 0.342124 0.920682 0.342124 0.920682 0.167208 0.924896 0.169848 0.920682 0.169848 0.916456 0.167208 0.626624 0.596423 0.635045 0.599748 0.626625 0.599748 0.626625 0.609914 0.635045 0.677497 0.626624 0.677497 0.626624 0.606836 0.635045 0.609914 0.916456 0.065324 0.920682 0.011287 0.635045 0.603292 0.626624 0.603292 0.626625 0.593972 0.635045 0.596423 0.626625 0.397189 0.635045 0.400734 0.626625 0.400734 0.635045 0.679244 0.626625 0.679244 0.635045 0.404431 0.626625 0.404431 0.635045 0.686332 0.626625 0.686332 0.635045 0.606836 0.626624 0.463033 0.635045 0.465213 0.626624 0.465213 
						0.626625 0.452400 0.635045 0.455945 0.626625 0.455944 0.626624 0.549348 0.635045 0.593972 0.624941 0.599748 0.626624 0.449151 0.635045 0.452400 0.584275 0.598229 0.597509 0.598036 0.597927 0.586252 0.924896 0.178432 0.924896 0.182724 0.581481 0.406720 0.594749 0.408895 0.581515 0.409088 0.920682 0.350142 0.924896 0.345850 0.924896 0.350142 0.916456 0.240814 0.920682 0.240814 0.914457 0.005076 0.889920 0.005076 0.289130 0.639775 0.000617 0.639838 0.000603 0.457765 0.655177 0.639696 0.649417 0.658278 0.642595 0.649309 0.916456 0.174140 0.920682 0.178432 0.916456 0.178432 0.924896 0.174140 0.920682 0.174140 0.624940 0.549348 0.924896 0.079174 0.924896 0.083254 0.624941 0.534542 0.626624 0.537912 0.594715 0.406526 0.581411 0.401912 0.594645 0.401719 0.920682 0.070585 0.924896 0.070585 0.916456 0.253875 0.920682 0.249583 0.596145 0.504538 0.582981 0.509539 0.582911 0.504731 0.920682 0.245290 0.916456 0.245291 0.624941 0.596423 0.626625 0.532768 0.624941 0.532768 0.924896 0.074693 0.624941 0.459489 0.626625 0.459489 0.624941 0.449151 0.596285 0.514154 0.583117 0.518857 0.583051 0.514347 0.624941 0.452400 0.624941 0.400734 0.545858 0.045009 
						0.533823 0.056964 0.533751 0.045036 0.624940 0.397189 0.635045 0.463033 0.635045 0.549348 0.635045 0.541612 0.635045 0.545004 0.924896 0.240814 0.594652 0.672597 0.581466 0.676077 0.581418 0.672790 0.581370 0.669502 0.594574 0.667287 0.594604 0.669309 0.594700 0.675884 0.581514 0.679365 0.624941 0.463033 0.624940 0.593972 0.916456 0.008318 0.920682 0.004292 0.920682 0.008318 0.594792 0.682186 0.581558 0.682379 0.887920 0.339995 0.863383 0.289355 0.863383 0.063329 0.624940 0.609914 0.624940 0.677498 0.582163 0.723859 0.595397 0.723666 0.581340 0.397104 0.624940 0.455944 0.916456 0.169848 0.924896 0.167208 0.916456 0.260282 0.924896 0.085403 0.635045 0.682788 0.418239 0.062820 0.404428 0.084138 0.404345 0.062156 0.916456 0.182724 0.000617 0.275691 0.288289 0.272249 0.289130 0.275754 0.924896 0.249583 0.924896 0.253875 0.640069 0.431994 0.653795 0.444426 0.639471 0.443693 0.916456 0.249583 0.293136 0.273954 0.635045 0.459489 0.546785 0.077496 0.924896 0.245291 0.651996 0.479586 0.649811 0.490879 0.637045 0.491129 0.838413 0.383275 0.572043 0.378093 0.569769 0.374125 0.498387 0.057044 0.498361 0.045115 0.624940 0.465213 0.635045 0.449151 
						0.624940 0.686332 0.916456 0.258167 0.624941 0.606836 0.624941 0.603292 0.546697 0.100729 0.533807 0.101691 0.596215 0.509346 0.653805 0.592397 0.654831 0.627773 0.640495 0.628189 0.596400 0.521989 0.583165 0.522182 0.584135 0.588608 0.597283 0.582522 0.597369 0.588415 0.293136 0.641575 0.596084 0.500363 0.916456 0.079174 0.920682 0.079173 0.584049 0.582715 0.624941 0.596423 0.623594 0.593972 0.624940 0.593972 0.130908 0.053711 0.152268 0.054487 0.125513 0.053711 0.402136 0.143671 0.390743 0.145179 0.623594 0.686332 0.623594 0.599748 0.624941 0.603292 0.623594 0.603292 0.584275 0.598229 0.597436 0.593017 0.597509 0.598036 0.651025 0.547886 0.639117 0.580711 0.638061 0.547410 0.623594 0.465213 0.624941 0.463033 0.624940 0.465213 0.624941 0.606836 0.623594 0.606836 0.624941 0.400734 0.623594 0.397189 0.624940 0.397189 0.584202 0.593210 0.624941 0.537912 0.623594 0.537912 0.624940 0.677498 0.623594 0.679244 0.623594 0.677497 0.623594 0.404431 0.624941 0.449151 0.623594 0.449151 0.889920 0.592382 0.914457 0.592382 0.000000 0.271152 0.078866 0.114148 0.159797 0.114480 0.624941 0.545004 0.623594 0.549348 0.545069 0.134478 0.582850 0.500556 
						0.595606 0.467582 0.842157 0.386616 0.838207 0.387398 0.623594 0.534542 0.624941 0.532768 0.624941 0.534542 0.635045 0.534542 0.626624 0.534542 0.576951 0.685394 0.576790 0.737768 0.572157 0.689470 0.920682 0.000000 0.924896 0.004292 0.176305 0.097244 0.177277 0.045860 0.289621 0.001293 0.916456 0.342124 0.920682 0.345850 0.916456 0.345850 0.924896 0.008318 0.916456 0.083254 0.916456 0.350142 0.456953 0.018133 0.438798 0.039548 0.635045 0.537912 0.062349 0.096177 0.063160 0.102766 0.581987 0.441406 0.595221 0.441213 0.916456 0.004292 0.924896 0.260282 0.863383 0.007613 0.914457 0.007614 0.914457 0.242237 0.569769 0.374125 0.567098 0.377477 0.914457 0.247312 0.889920 0.247312 0.624941 0.534542 0.623594 0.534542 0.456953 0.062861 0.438797 0.084118 0.623594 0.452400 0.624941 0.452400 0.294856 0.002907 0.404330 0.038928 0.404331 0.018377 0.624941 0.459489 0.623594 0.463033 0.623594 0.459489 0.624940 0.455944 0.623594 0.455945 0.624941 0.599748 0.623594 0.596423 0.624941 0.404431 0.623594 0.400734 0.572042 0.372135 0.649811 0.490879 0.637523 0.524221 0.637045 0.491129 0.914457 0.249850 0.076995 0.061151 0.320700 0.145432 0.309296 0.144007 
						0.567098 0.368905 0.389080 0.225041 0.399262 0.226398 0.389078 0.226604 0.508137 0.218728 0.502539 0.237554 0.501559 0.218728 0.501342 0.204215 0.497248 0.208576 0.497255 0.204215 0.402349 0.171717 0.391559 0.159524 0.402998 0.160168 0.369617 0.226966 0.389081 0.228167 0.369645 0.228504 0.103636 0.081051 0.079198 0.068967 0.103636 0.068967 0.399662 0.237134 0.389092 0.229731 0.399331 0.229533 0.390909 0.171074 0.402297 0.172628 0.390858 0.171985 0.359702 0.228574 0.355458 0.230115 0.355468 0.228563 0.390807 0.172895 0.402195 0.174449 0.390756 0.173806 0.359855 0.235965 0.369685 0.230045 0.369953 0.236358 0.369647 0.218268 0.359758 0.216537 0.369682 0.216731 0.359691 0.227032 0.355478 0.227014 0.399291 0.227966 0.401700 0.271450 0.389864 0.263381 0.401318 0.262793 0.120117 0.045721 0.120117 0.034180 0.128753 0.034180 0.369601 0.225428 0.389118 0.218903 0.369730 0.215193 0.359827 0.213451 0.369790 0.213653 0.389158 0.215777 0.389135 0.217340 0.510866 0.237716 0.512015 0.218625 0.399361 0.216103 0.508358 0.208636 0.508355 0.204215 0.497248 0.199854 0.359720 0.230119 0.355555 0.214952 0.355545 0.216501 0.498828 0.237700 0.497683 0.218624 
						0.501339 0.208636 0.355604 0.207537 0.355565 0.213399 0.359685 0.225493 0.355488 0.225468 0.512449 0.208576 0.359789 0.214996 0.399277 0.219237 0.399244 0.224830 0.390821 0.181821 0.401807 0.181331 0.401216 0.182489 0.359733 0.218076 0.498757 0.262246 0.511422 0.263418 0.498147 0.263384 0.390326 0.262168 0.389188 0.214214 0.399842 0.206944 0.399419 0.214537 0.355420 0.235977 0.499879 0.271925 0.355535 0.218046 0.388972 0.237631 0.370140 0.207346 0.389167 0.206316 0.390373 0.180605 0.351265 0.226978 0.351234 0.228519 0.511403 0.145007 0.498738 0.146187 0.498128 0.145050 0.163239 0.035622 0.164341 0.036724 0.163239 0.046037 0.399313 0.217670 0.400740 0.261627 0.351338 0.218022 0.360038 0.207607 0.507694 0.237562 0.510866 0.237716 0.510818 0.262277 0.402246 0.173538 0.154336 0.034788 0.129898 0.046871 0.129898 0.034788 0.341421 0.218087 0.351333 0.216483 0.128753 0.047479 0.321942 0.216915 0.311726 0.215555 0.321938 0.215351 0.341377 0.215010 0.351304 0.213396 0.351321 0.214941 0.341405 0.216549 0.351291 0.225439 0.321833 0.229306 0.311180 0.236580 0.311601 0.228986 0.351169 0.207548 0.321863 0.227743 0.341341 0.226784 0.341293 0.228323 
						0.341234 0.229863 0.320208 0.261703 0.321855 0.237205 0.341337 0.213470 0.341068 0.207156 0.112538 0.081423 0.111659 0.081659 0.113417 0.079901 0.498978 0.136745 0.499854 0.136507 0.498105 0.138268 0.508358 0.199793 0.321885 0.226180 0.311659 0.227419 0.311705 0.225852 0.351197 0.230064 0.321939 0.218479 0.311756 0.217123 0.311352 0.206385 0.321926 0.213787 0.311686 0.213988 0.309377 0.173819 0.320803 0.172396 0.320843 0.173309 0.321146 0.180124 0.863383 0.352684 0.887920 0.350146 0.887920 0.352684 0.350987 0.235908 0.340885 0.236171 0.341376 0.225247 0.508136 0.189701 0.502535 0.170876 0.507690 0.170867 0.069193 0.079114 0.068359 0.077798 0.069193 0.070904 0.512014 0.189804 0.321902 0.224617 0.498824 0.170732 0.501559 0.189703 0.497682 0.189806 0.320206 0.158987 0.309252 0.171081 0.308735 0.159499 0.311741 0.224285 0.512449 0.199854 0.512442 0.204215 0.501338 0.199794 0.510862 0.170711 0.320683 0.181338 0.310265 0.181883 0.309335 0.172906 0.320763 0.171482 0.320655 0.262920 0.308735 0.270839 0.309220 0.262196 0.507690 0.170867 0.502535 0.170876 0.510800 0.146148 0.311774 0.218691 0.309686 0.180718 0.104781 0.081659 0.104781 0.068359 
						0.309294 0.171994 0.320723 0.170569 0.863383 0.350146 0.887920 0.347608 0.863383 0.605073 0.887920 0.602535 0.887920 0.605073 0.914457 0.599996 0.889920 0.602533 0.889919 0.599996 0.889920 0.594920 0.914457 0.597458 0.889920 0.597458 0.418614 0.253821 0.404779 0.232374 0.418672 0.232080 0.549449 0.236898 0.562266 0.215567 0.561490 0.248847 0.675478 0.639872 0.670106 0.658571 0.663098 0.649744 0.863383 0.347608 0.887920 0.345071 0.863383 0.607611 0.887920 0.607611 0.863383 0.362835 0.887920 0.360298 0.887920 0.362835 0.863383 0.355222 0.887920 0.355222 0.863383 0.602535 0.887920 0.599997 0.863383 0.342533 0.887920 0.342533 0.618869 0.600543 0.618899 0.611989 0.604213 0.641537 0.079296 0.889359 0.160295 0.888953 0.001101 0.915550 0.851698 0.583823 0.848162 0.588510 0.848162 0.583822 0.844615 0.583823 0.844615 0.588510 0.305600 0.203102 0.304104 0.206888 0.304104 0.203102 0.439246 0.253821 0.427976 0.232112 0.439247 0.232102 0.305600 0.198971 0.513995 0.171109 0.549199 0.159389 0.549431 0.170683 0.661926 0.432505 0.675933 0.444826 0.661596 0.444428 0.439247 0.209686 0.427977 0.188034 0.439246 0.187837 0.615334 0.655088 0.600576 0.655406 
						0.604215 0.643420 0.617029 0.475920 0.602312 0.478097 0.602272 0.476237 0.851698 0.593622 0.848162 0.593622 0.848162 0.389025 0.851698 0.394137 0.848162 0.394137 0.844615 0.519313 0.863383 0.357760 0.887920 0.357760 0.663668 0.423306 0.670478 0.414327 0.676263 0.432902 0.844615 0.598735 0.844615 0.593622 0.851698 0.598735 0.848162 0.603848 0.848162 0.598735 0.844615 0.503754 0.848162 0.508867 0.844615 0.508867 0.305600 0.206888 0.304104 0.211738 0.615415 0.400828 0.600576 0.397371 0.615334 0.397054 0.848162 0.707001 0.851698 0.711862 0.848162 0.711862 0.848162 0.513980 0.844615 0.513980 0.304104 0.198971 0.305600 0.195210 0.305600 0.267998 0.304104 0.264286 0.305600 0.264286 0.851698 0.717199 0.848162 0.722093 0.848162 0.717199 0.851698 0.728359 0.848162 0.728359 0.602393 0.481871 0.617070 0.477780 0.617151 0.481554 0.304104 0.193229 0.305600 0.193229 0.555829 0.065558 0.557233 0.061862 0.557233 0.065558 0.555829 0.061862 0.557233 0.057605 0.562083 0.193141 0.560701 0.159384 0.601992 0.721261 0.616831 0.724718 0.602073 0.725035 0.601916 0.717720 0.616622 0.715030 0.616673 0.717403 0.661596 0.444428 0.675933 0.444826 0.674953 0.480203 
						0.305600 0.193229 0.306736 0.117820 0.306736 0.193229 0.305600 0.203102 0.306736 0.206889 0.305600 0.206888 0.863383 0.597459 0.887920 0.594922 0.887920 0.597459 0.558297 0.153128 0.557233 0.148871 0.558297 0.148871 0.844615 0.722093 0.844615 0.717199 0.851698 0.793052 0.848162 0.793052 0.555829 0.153128 0.557233 0.148871 0.557233 0.153128 0.851698 0.498641 0.848162 0.503754 0.848162 0.498641 0.844615 0.704441 0.844615 0.707001 0.851698 0.603848 0.848162 0.606993 0.844615 0.606993 0.296620 0.267998 0.304104 0.267998 0.851698 0.398577 0.848162 0.496123 0.848162 0.398577 0.844615 0.728359 0.844615 0.793052 0.548810 0.065558 0.296620 0.271954 0.304104 0.271954 0.548810 0.061862 0.555829 0.057605 0.296620 0.261800 0.304104 0.261800 0.296620 0.117820 0.304104 0.115386 0.304104 0.117820 0.296620 0.045843 0.304104 0.041887 0.304104 0.045843 0.296620 0.107474 0.304104 0.103518 0.304104 0.107473 0.548810 0.148871 0.555829 0.146774 0.555829 0.148871 0.296620 0.211738 0.296620 0.103517 0.304104 0.099890 0.548810 0.157385 0.555829 0.157385 0.296620 0.049970 0.304104 0.049970 0.305600 0.271954 0.305600 0.117820 0.305600 0.115386 0.304104 0.111430 
						0.305600 0.111430 0.557233 0.157385 0.844615 0.498641 0.557233 0.146774 0.305600 0.261800 0.305600 0.099890 0.616750 0.720944 0.305600 0.045843 0.305600 0.049970 0.305600 0.103518 0.549383 0.248826 0.305600 0.041887 0.296620 0.115386 0.296620 0.203102 0.296620 0.206889 0.851698 0.519313 0.848162 0.519313 0.844615 0.796265 0.848162 0.801061 0.844615 0.801061 0.618658 0.551678 0.603820 0.548220 0.618577 0.547903 0.603982 0.555770 0.618790 0.557774 0.604032 0.558092 0.603739 0.544446 0.618496 0.544128 0.618422 0.540668 0.603664 0.540985 0.844615 0.398577 0.305600 0.211738 0.600657 0.401145 0.615485 0.404106 0.600728 0.404423 0.600739 0.662959 0.615595 0.667268 0.600838 0.667586 0.557233 0.095228 0.558297 0.065558 0.558297 0.095228 0.306736 0.261800 0.305600 0.264286 0.305600 0.261800 0.601865 0.715348 0.844615 0.711862 0.603901 0.551995 0.618740 0.555453 0.602640 0.493358 0.617398 0.493041 0.602474 0.485646 0.305600 0.107473 0.844615 0.603848 0.851698 0.606993 0.848162 0.704441 0.602555 0.489421 0.617313 0.489103 0.844615 0.496123 0.851698 0.707001 0.548810 0.153128 0.457402 0.209649 0.288289 0.643280 0.000617 0.639838 0.289130 0.639775 
						0.851698 0.508867 0.661153 0.640586 0.674895 0.628172 0.675478 0.639872 0.296620 0.111430 0.404877 0.187817 0.418672 0.209666 0.404812 0.209960 0.658204 0.581447 0.670970 0.581713 0.673141 0.593009 0.572043 0.757098 0.838416 0.751908 0.569769 0.761066 0.514014 0.236835 0.078879 0.801396 0.000000 0.644377 0.159797 0.801050 0.590831 0.382865 0.306736 0.211738 0.305600 0.211738 0.601723 0.450710 0.842159 0.748568 0.838209 0.747786 0.306736 0.195210 0.305600 0.193229 0.306736 0.193229 0.296620 0.195210 0.304104 0.195210 0.851698 0.801061 0.848162 0.806173 0.176285 0.817139 0.176228 0.813915 0.289626 0.914239 0.848162 0.796265 0.844615 0.394137 0.844615 0.389025 0.427976 0.209698 0.296620 0.198971 0.457402 0.253822 0.063169 0.812776 0.062358 0.819366 0.418615 0.265749 0.466112 0.265748 0.469178 0.271953 0.844615 0.806173 0.863383 0.345071 0.863383 0.360298 0.660280 0.491908 0.672439 0.525523 0.659283 0.525568 0.863383 0.594922 0.624940 0.609914 0.623594 0.609914 0.305600 0.099890 0.306736 0.103517 0.305600 0.103518 0.569769 0.761066 0.567098 0.757713 0.294862 0.912625 0.863383 0.599997 0.427977 0.253821 0.305600 0.195210 0.306736 0.198971 
						0.305600 0.198971 0.306736 0.115386 0.305600 0.111430 0.306736 0.111430 0.305600 0.107473 0.306736 0.107474 0.305600 0.049970 0.306736 0.045843 0.306736 0.049970 0.306736 0.267998 0.305600 0.271954 0.305600 0.267998 0.558297 0.157385 0.557233 0.153128 0.306736 0.264286 0.557233 0.106493 0.557233 0.117985 0.615418 0.659029 0.600661 0.659346 0.305600 0.115386 0.306736 0.117820 0.305600 0.117820 0.654831 0.627773 0.640841 0.640112 0.640495 0.628189 0.658759 0.547956 0.670970 0.581713 0.658204 0.581447 0.557233 0.065558 0.558297 0.061862 0.557233 0.061862 0.558297 0.057605 0.305600 0.045843 0.306736 0.041887 0.306736 0.203102 0.615496 0.662642 0.557233 0.146774 0.558297 0.146774 0.306736 0.099890 0.833844 0.405886 0.833592 0.403374 0.572160 0.445721 0.842388 0.567592 0.819401 0.744304 0.821891 0.743965 0.851698 0.796265 0.916456 0.011286 0.465663 0.006207 0.479404 0.010677 0.468045 0.039438 0.418239 0.051207 0.404337 0.050542 0.427527 0.051136 0.650620 0.536278 0.637775 0.535820 0.650315 0.524663 0.479404 0.039490 0.468172 0.051031 0.479404 0.062687 0.468043 0.062633 0.438798 0.051162 0.456953 0.039629 0.456953 0.051245 0.533816 0.078460 
						0.546811 0.089111 0.533812 0.090075 0.582372 0.467775 0.595413 0.454398 0.582179 0.454591 0.479404 0.091209 0.465663 0.095642 0.558297 0.117985 0.616051 0.430414 0.601294 0.430731 0.548810 0.146774 0.404796 0.221167 0.418672 0.220873 0.427976 0.220905 0.671537 0.547933 0.658987 0.536757 0.671878 0.536722 0.479853 0.209722 0.468407 0.220945 0.468127 0.209748 0.479853 0.232114 0.468130 0.232134 0.439247 0.220894 0.457402 0.220858 0.457402 0.232068 0.549444 0.203935 0.549440 0.192726 0.562326 0.204354 0.549448 0.215145 0.557233 0.117760 0.558297 0.106493 0.558297 0.117760 0.557233 0.106493 0.616481 0.450392 0.601508 0.440720 0.616266 0.440403 0.407275 0.173875 0.410107 0.171499 0.418615 0.176309 0.390525 0.044291 0.400969 0.054673 0.389141 0.109932 0.558065 0.658134 0.558065 0.985440 0.296861 0.985440 0.311420 0.999999 0.557844 0.987968 0.557187 0.990419 0.556115 0.992720 0.550786 0.998048 0.554659 0.994798 0.552865 0.996593 0.548486 0.999121 0.546034 0.999778 0.543506 0.999999 0.308892 0.999777 0.306441 0.999121 0.304140 0.998048 0.302062 0.996593 0.300267 0.994798 0.298812 0.992719 0.297739 0.990419 0.297082 0.987968 0.296861 0.658134 
						0.297082 0.655606 0.297739 0.653154 0.298812 0.650854 0.300267 0.648775 0.302062 0.646981 0.304141 0.645525 0.306441 0.644453 0.308892 0.643796 0.311420 0.643575 0.546035 0.643796 0.548486 0.644453 0.550786 0.645525 0.552865 0.646981 0.554659 0.648776 0.557187 0.653155 0.115370 0.087891 0.115134 0.100311 0.293136 0.641575 0.102578 0.060543 0.495556 0.034433 0.482517 0.035344 0.070312 0.091752 0.072248 0.089333 0.072248 0.099747 0.073564 0.088499 0.081151 0.100582 0.073564 0.100582 0.070117 0.061151 0.069238 0.060915 0.068595 0.060272 0.491845 0.135521 0.113417 0.051713 0.113417 0.057290 0.112583 0.058606 0.110165 0.060543 0.110165 0.048460 0.495531 0.169917 0.483133 0.169642 0.482493 0.168998 0.482261 0.168120 0.482983 0.068687 0.495022 0.068672 0.320188 0.044545 0.486690 0.135512 0.482979 0.135656 0.863383 0.012689 0.640069 0.431994 0.656205 0.397335 0.584691 0.586219 0.597804 0.622762 0.597927 0.586252 0.597903 0.593305 0.597840 0.612126 0.914457 0.000000 0.173138 0.032727 0.168597 0.028890 0.163015 0.026834 0.070987 0.028410 0.066422 0.032205 0.076577 0.026408 0.498361 0.134469 0.595495 0.730383 0.623594 0.465213 0.624940 0.465213 
						0.624941 0.532768 0.635045 0.397189 0.584691 0.586219 0.584275 0.598229 0.000617 0.275691 0.289130 0.275754 0.640841 0.640112 0.656205 0.675116 0.624941 0.404431 0.596351 0.518664 0.594748 0.679172 0.863383 0.339995 0.594574 0.396911 0.418165 0.083931 0.000000 0.271152 0.654393 0.432727 0.639471 0.443693 0.653795 0.444426 0.639117 0.580711 0.653453 0.580295 0.123315 0.056774 0.123315 0.056774 0.120117 0.053711 0.152268 0.054487 0.624940 0.686332 0.653453 0.580295 0.635045 0.532768 0.165425 0.113472 0.170610 0.110505 0.070612 0.111805 0.076169 0.113879 0.624940 0.549348 0.623594 0.534542 0.623594 0.532768 0.624941 0.532768 0.580016 0.747473 0.581763 0.749264 0.576953 0.449797 0.580017 0.387717 0.578607 0.389839 0.577577 0.392220 0.576791 0.397422 0.578606 0.745351 0.577577 0.742970 0.576964 0.394777 0.576963 0.740414 0.924896 0.000000 0.176091 0.037880 0.176226 0.101618 0.174479 0.105955 0.066093 0.107946 0.063432 0.037335 0.062385 0.043728 0.916456 0.000000 0.456953 0.084349 0.861384 0.372180 0.507694 0.237562 0.079198 0.081051 0.390241 0.271954 0.121875 0.047479 0.120996 0.047244 0.120353 0.046600 0.511400 0.271954 0.499003 0.271688 
						0.498362 0.271044 0.498129 0.270166 0.165174 0.038041 0.165174 0.043618 0.164341 0.044934 0.161923 0.046871 0.161923 0.034788 0.154336 0.046871 0.502539 0.237554 0.498828 0.237700 0.309811 0.261038 0.113417 0.068359 0.113181 0.080780 0.511375 0.136470 0.498338 0.137390 0.322045 0.205884 0.068359 0.072220 0.070295 0.069802 0.070295 0.080216 0.071611 0.068967 0.071611 0.081051 0.320176 0.271479 0.498824 0.170732 0.510862 0.170711 0.914457 0.602533 0.914457 0.594920 0.404780 0.253577 0.661153 0.640586 0.677245 0.675266 0.618974 0.641513 0.618954 0.633646 0.618780 0.566481 0.618839 0.589097 0.168601 0.886648 0.173142 0.882810 0.066430 0.883342 0.070994 0.887137 0.076583 0.889138 0.163020 0.888704 0.851698 0.588510 0.513993 0.159394 0.676263 0.432902 0.851698 0.389025 0.661926 0.432505 0.677245 0.397480 0.851698 0.722093 0.674617 0.492305 0.660280 0.491908 0.305600 0.193229 0.305600 0.117820 0.306736 0.117820 0.851698 0.503754 0.296620 0.264286 0.851698 0.496123 0.548810 0.057605 0.296620 0.041887 0.296620 0.099890 0.617232 0.485329 0.851698 0.704441 0.457402 0.187606 0.000000 0.644377 0.851698 0.513980 0.660570 0.628886 0.418614 0.188023 
						0.674895 0.628172 0.660570 0.628886 0.513993 0.248763 0.170611 0.805026 0.165425 0.802058 0.070623 0.803738 0.076181 0.801664 0.830370 0.396521 0.828596 0.394679 0.826552 0.393150 0.581764 0.385926 0.583783 0.384518 0.824295 0.391983 0.821889 0.391219 0.586014 0.383529 0.588389 0.382976 0.819399 0.390880 0.306736 0.195210 0.305600 0.195210 0.305600 0.193229 0.296620 0.193229 0.851698 0.806173 0.174480 0.809577 0.176095 0.877655 0.177281 0.869675 0.066103 0.807596 0.063440 0.878212 0.062394 0.871818 0.479853 0.261278 0.479688 0.263154 0.478424 0.266628 0.476048 0.269460 0.472846 0.271308 0.415457 0.271954 0.410107 0.270525 0.407275 0.268149 0.405427 0.264948 0.404781 0.261279 0.674617 0.492305 0.306736 0.195210 0.306736 0.271954 0.557233 0.157385 0.557233 0.095228 0.655177 0.639696 0.557233 0.057605 0.305600 0.041887 0.830373 0.738662 0.831827 0.736558 0.832912 0.734252 0.833594 0.731809 0.833846 0.729298 0.838193 0.567592 0.831824 0.398626 0.832910 0.400932 0.838193 0.567592 0.828599 0.740505 0.583782 0.750672 0.586014 0.751661 0.826554 0.742034 0.824297 0.743200 0.588389 0.752214 0.590831 0.752325 0.418165 0.006206 0.404331 0.010675 
						0.404977 0.007007 0.406826 0.003806 0.409658 0.001430 0.415008 0.000000 0.468729 0.000001 0.472397 0.000647 0.475598 0.002495 0.477974 0.005327 0.479239 0.008800 0.479404 0.051088 0.479239 0.093085 0.477974 0.096559 0.475598 0.099390 0.472397 0.101239 0.468729 0.101885 0.415008 0.101885 0.418166 0.095646 0.413131 0.101720 0.409658 0.100456 0.406826 0.098080 0.404978 0.094879 0.404332 0.091210 0.557233 0.117985 0.479853 0.220918 0.479688 0.178869 0.479853 0.180746 0.466112 0.176313 0.404781 0.180745 0.478424 0.175396 0.405427 0.177076 0.476048 0.172564 0.469178 0.170070 0.472846 0.170716 0.415457 0.170069 0.413581 0.170235 
					</float_array>
					<technique_common>
						<accessor count="1507" offset="0" source="#meshId0-tex0-array" stride="2">
							<param name="S" type="float" />
							<param name="T" type="float" />
						</accessor>
					</technique_common>
				</source>
				<source id="meshId0-color0" name="meshId0-color0">
					<float_array id="meshId0-color0-array" count="4521"> 
						1.000000 0.000000 0.000000 1.000000 0.000000 0.000000 1.000000 0.000000 0.000000 1.000000 0.000000 0.000000 1.000000 0.000000 0.000000 1.000000 0.000000 0.000000 1.000000 0.000000 0.000000 1.000000 0.000000 0.000000 1.000000 0.000000 0.000000 1.000000 0.000000 0.000000 1.000000 0.000000 0.000000 1.000000 0.000000 0.000000 1.000000 0.000000 0.000000 1.000000 0.000000 0.000000 1.000000 0.000000 0.000000 1.000000 0.000000 0.000000 0.000000 0.000000 0.999940 0.000000 0.000000 0.999940 0.000000 0.000000 0.999940 1.000000 0.000000 0.000000 1.000000 0.000000 0.000000 1.000000 0.000000 0.000000 1.000000 0.000000 0.000000 1.000000 0.000000 0.000000 1.000000 0.000000 0.000000 1.000000 0.000000 0.000000 1.000000 0.000000 0.000000 1.000000 0.000000 0.000000 1.000000 0.000000 0.000000 1.000000 0.000000 0.000000 1.000000 0.000000 0.000000 1.000000 0.000000 0.000000 1.000000 0.000000 0.000000 1.000000 0.000000 0.000000 0.000000 0.000000 0.999940 0.000000 0.000000 0.999940 0.000000 0.000000 0.999940 1.000000 0.000000 0.000000 1.000000 0.000000 0.000000 1.000000 0.000000 0.000000 1.000000 0.000000 0.000000 1.000000 0.000000 0.000000 1.000000 0.000000 0.000000 1.000000 0.000000 0.000000 1.000000 0.000000 0.000000 1.000000 0.000000 0.000000 1.000000 0.000000 0.000000 1.000000 0.000000 0.000000 1.000000 0.000000 0.000000 0.000000 0.000000 0.999940 0.000000 0.000000 0.999940 0.000000 0.000000 0.999940 1.000000 0.000000 0.000000 1.000000 0.000000 0.000000 1.000000 0.000000 0.000000 1.000000 0.000000 0.000000 1.000000 0.000000 0.000000 1.000000 0.000000 0.000000 1.000000 0.000000 0.000000 1.000000 0.000000 0.000000 1.000000 0.000000 0.000000 1.000000 0.000000 0.000000 1.000000 0.000000 0.000000 1.000000 0.000000 0.000000 
						1.000000 0.000000 0.000000 1.000000 0.000000 0.000000 1.000000 0.000000 0.000000 1.000000 0.000000 0.000000 1.000000 0.000000 0.000000 1.000000 0.000000 0.000000 0.000000 0.000000 0.999940 0.000000 0.000000 0.999940 0.000000 0.000000 0.999940 0.000000 0.000000 0.999940 1.000000 0.000000 0.000000 1.000000 0.000000 0.000000 1.000000 0.000000 0.000000 1.000000 0.000000 0.000000 1.000000 0.000000 0.000000 1.000000 0.000000 0.000000 1.000000 0.000000 0.000000 1.000000 0.000000 0.000000 1.000000 0.000000 0.000000 1.000000 0.000000 0.000000 1.000000 0.000000 0.000000 1.000000 0.000000 0.000000 1.000000 0.000000 0.000000 1.000000 0.000000 0.000000 1.000000 0.000000 0.000000 1.000000 0.000000 0.000000 1.000000 0.000000 0.000000 1.000000 0.000000 0.000000 1.000000 0.000000 0.000000 1.000000 0.000000 0.000000 1.000000 0.000000 0.000000 1.000000 0.000000 0.000000 1.000000 0.000000 0.000000 1.000000 0.000000 0.000000 1.000000 0.000000 0.000000 1.000000 0.000000 0.000000 1.000000 0.000000 0.000000 1.000000 0.000000 0.000000 1.000000 0.000000 0.000000 1.000000 0.000000 0.000000 1.000000 0.000000 0.000000 1.000000 0.000000 0.000000 1.000000 0.000000 0.000000 1.000000 0.000000 0.000000 1.000000 0.000000 0.000000 1.000000 0.000000 0.000000 1.000000 0.000000 0.000000 1.000000 0.000000 0.000000 1.000000 0.000000 0.000000 1.000000 0.000000 0.000000 1.000000 0.000000 0.000000 1.000000 0.000000 0.000000 1.000000 0.000000 0.000000 1.000000 0.000000 0.000000 1.000000 0.000000 0.000000 1.000000 0.000000 0.000000 1.000000 0.000000 0.000000 1.000000 0.000000 0.000000 1.000000 0.000000 0.000000 1.000000 0.000000 0.000000 1.000000 0.000000 0.000000 1.000000 0.000000 0.000000 1.000000 0.000000 0.000000 1.000000 0.000000 0.000000 
						1.000000 0.000000 0.000000 1.000000 0.000000 0.000000 1.000000 0.000000 0.000000 1.000000 0.000000 0.000000 1.000000 0.000000 0.000000 1.000000 0.000000 0.000000 1.000000 0.000000 0.000000 1.000000 0.000000 0.000000 1.000000 0.000000 0.000000 1.000000 0.000000 0.000000 1.000000 0.000000 0.000000 1.000000 0.000000 0.000000 1.000000 0.000000 0.000000 1.000000 0.000000 0.000000 1.000000 0.000000 0.000000 1.000000 0.000000 0.000000 1.000000 0.000000 0.000000 1.000000 0.000000 0.000000 1.000000 0.000000 0.000000 1.000000 0.000000 0.000000 1.000000 0.000000 0.000000 1.000000 0.000000 0.000000 1.000000 0.000000 0.000000 1.000000 0.000000 0.000000 1.000000 0.000000 0.000000 1.000000 0.000000 0.000000 1.000000 0.000000 0.000000 1.000000 0.000000 0.000000 1.000000 0.000000 0.000000 1.000000 0.000000 0.000000 1.000000 0.000000 0.000000 1.000000 0.000000 0.000000 1.000000 0.000000 0.000000 1.000000 0.000000 0.000000 1.000000 0.000000 0.000000 1.000000 0.000000 0.000000 1.000000 0.000000 0.000000 1.000000 0.000000 0.000000 1.000000 0.000000 0.000000 1.000000 0.000000 0.000000 1.000000 0.000000 0.000000 1.000000 0.000000 0.000000 1.000000 0.000000 0.000000 1.000000 0.000000 0.000000 1.000000 0.000000 0.000000 1.000000 0.000000 0.000000 1.000000 0.000000 0.000000 1.000000 0.000000 0.000000 1.000000 0.000000 0.000000 1.000000 0.000000 0.000000 1.000000 0.000000 0.000000 0.000000 0.000000 0.999940 0.000000 0.000000 0.999940 0.000000 0.000000 0.999940 1.000000 0.000000 0.000000 1.000000 0.000000 0.000000 1.000000 0.000000 0.000000 1.000000 0.000000 0.000000 1.000000 0.000000 0.000000 1.000000 0.000000 0.000000 1.000000 0.000000 0.000000 1.000000 0.000000 0.000000 1.000000 0.000000 0.000000 1.000000 0.000000 0.000000 
						1.000000 0.000000 0.000000 1.000000 0.000000 0.000000 1.000000 0.000000 0.000000 1.000000 0.000000 0.000000 0.000000 0.000000 0.999940 0.000000 0.000000 0.999940 0.000000 0.000000 0.999940 1.000000 0.000000 0.000000 1.000000 0.000000 0.000000 1.000000 0.000000 0.000000 1.000000 0.000000 0.000000 1.000000 0.000000 0.000000 0.000000 0.000000 0.999940 0.000000 0.000000 0.999940 0.000000 0.000000 0.999940 0.000000 0.000000 0.999940 0.000000 0.000000 0.999940 0.000000 0.000000 0.999940 0.000000 0.000000 0.999940 0.000000 0.000000 0.999940 0.000000 0.000000 0.999940 0.000000 0.000000 0.999940 0.000000 0.000000 0.999940 0.000000 0.000000 0.999940 0.000000 0.000000 0.999940 0.000000 0.000000 0.999940 0.000000 0.000000 0.999940 0.000000 0.000000 0.999940 0.000000 0.000000 0.999940 0.000000 0.000000 0.999940 0.500019 0.499970 0.000001 0.500019 0.499970 0.000001 0.500019 0.499970 0.000001 0.000000 0.000000 0.999940 0.000000 0.000000 0.999940 0.000000 0.000000 0.999940 0.000000 0.000000 0.999940 0.000000 0.000000 0.999940 0.000000 0.000000 0.999940 0.500019 0.499970 0.000001 0.500019 0.499970 0.000001 0.500019 0.499970 0.000001 0.000000 0.000000 0.999940 0.000000 0.000000 0.999940 0.500019 0.499970 0.000001 0.500019 0.499970 0.000001 0.500019 0.499970 0.000001 0.000000 0.000000 0.999940 0.000000 0.000000 0.999940 0.000000 0.000000 0.999940 0.500019 0.499970 0.000001 0.500019 0.499970 0.000001 0.000000 0.000000 0.999940 0.000000 0.000000 0.999940 0.000000 0.000000 0.999940 0.500019 0.499970 0.000001 0.500019 0.499970 0.000001 0.500019 0.499970 0.000001 0.000000 0.000000 0.999940 0.000000 0.000000 0.999940 0.000000 0.000000 0.999940 0.500019 0.499970 0.000001 0.500019 0.499970 0.000001 0.500019 0.499970 0.000001 
						0.500019 0.499970 0.000001 0.500019 0.499970 0.000001 0.500019 0.499970 0.000001 0.500019 0.499970 0.000001 0.000000 0.000000 0.999940 0.500019 0.499970 0.000001 0.000000 0.000000 0.999940 0.500019 0.499970 0.000001 0.500019 0.499970 0.000001 0.000000 0.000000 0.999940 0.000000 0.000000 0.999940 0.000000 0.000000 0.999940 0.000000 0.000000 0.999940 0.000000 0.000000 0.999940 0.000000 0.000000 0.999940 0.500019 0.499970 0.000001 0.000000 0.000000 0.999940 0.000000 0.000000 0.999940 0.000000 0.000000 0.999940 0.000000 0.000000 0.999940 0.000000 0.000000 0.999940 0.000000 0.000000 0.999940 0.000000 0.000000 0.999940 0.000000 0.000000 0.999940 0.000000 0.000000 0.999940 0.000000 0.000000 0.999940 0.000000 0.000000 0.999940 0.000000 0.000000 0.999940 0.000000 0.000000 0.999940 0.000000 0.000000 0.999940 0.000000 0.000000 0.999940 0.000000 0.000000 0.999940 0.000000 0.000000 0.999940 0.000000 0.000000 0.999940 0.000000 0.000000 0.999940 0.000000 0.000000 0.999940 0.000000 0.000000 0.999940 0.000000 0.000000 0.999940 0.000000 0.000000 0.999940 0.000000 0.000000 0.999940 0.000000 0.000000 0.999940 0.000000 0.000000 0.999940 0.000000 0.000000 0.999940 0.000000 0.000000 0.999940 0.000000 0.000000 0.999940 0.000000 0.000000 0.999940 0.000000 0.000000 0.999940 0.000000 0.000000 0.999940 0.000000 0.000000 0.999940 0.000000 0.000000 0.999940 0.000000 0.000000 0.999940 0.000000 0.000000 0.999940 0.000000 0.000000 0.999940 0.000000 0.000000 0.999940 0.000000 0.000000 0.999940 0.000000 0.000000 0.999940 0.000000 0.000000 0.999940 0.000000 0.000000 0.999940 0.000000 0.000000 0.999940 0.000000 0.000000 0.999940 0.000000 0.000000 0.999940 0.000000 0.000000 0.999940 0.000000 0.000000 0.999940 0.000000 0.000000 0.999940 
						0.000000 0.000000 0.999940 0.000000 0.000000 0.999940 0.000000 0.000000 0.999940 0.000000 0.000000 0.999940 0.000000 0.000000 0.999940 0.000000 0.000000 0.999940 0.000000 0.000000 0.999940 0.000000 0.000000 0.999940 0.500019 0.499970 0.000001 0.500019 0.499970 0.000001 0.500019 0.499970 0.000001 0.000000 0.000000 0.999940 0.000000 0.000000 0.999940 0.500019 0.499970 0.000001 0.500019 0.499970 0.000001 0.500019 0.499970 0.000001 0.000000 0.000000 0.999940 0.000000 0.000000 0.999940 0.000000 0.000000 0.999940 0.000000 0.000000 0.999940 0.000000 0.000000 0.999940 0.000000 0.000000 0.999940 0.000000 0.000000 0.999940 0.000000 0.000000 0.999940 0.000000 0.000000 0.999940 0.000000 0.000000 0.999940 0.500019 0.499970 0.000001 0.500019 0.499970 0.000001 0.500019 0.499970 0.000001 0.000000 0.000000 0.999940 0.000000 0.000000 0.999940 0.000000 0.000000 0.999940 0.000000 0.000000 0.999940 0.000000 0.000000 0.999940 0.000000 0.000000 0.999940 0.000000 0.000000 0.999940 0.000000 0.000000 0.999940 0.000000 0.000000 0.999940 0.000000 0.000000 0.999940 0.500019 0.499970 0.000001 0.500019 0.499970 0.000001 0.500019 0.499970 0.000001 0.000000 0.000000 0.999940 0.000000 0.000000 0.999940 0.000000 0.000000 0.999940 0.000000 0.000000 0.999940 0.500019 0.499970 0.000001 0.500019 0.499970 0.000001 0.500019 0.499970 0.000001 0.000000 0.000000 0.999940 0.000000 0.000000 0.999940 0.000000 0.000000 0.999940 0.000000 0.000000 0.999940 0.000000 0.000000 0.999940 0.000000 0.000000 0.999940 0.000000 0.000000 0.999940 0.000000 0.000000 0.999940 0.000000 0.000000 0.999940 0.500019 0.499970 0.000001 0.500019 0.499970 0.000001 0.500019 0.499970 0.000001 0.000000 0.000000 0.999940 0.000000 0.000000 0.999940 0.500019 0.499970 0.000001 
						0.500019 0.499970 0.000001 0.500019 0.499970 0.000001 0.000000 0.000000 0.999940 0.000000 0.000000 0.999940 0.000000 0.000000 0.999940 0.000000 0.000000 0.999940 0.000000 0.000000 0.999940 0.000000 0.000000 0.999940 0.500019 0.499970 0.000001 0.500019 0.499970 0.000001 0.500019 0.499970 0.000001 0.500019 0.499970 0.000001 0.500019 0.499970 0.000001 0.500019 0.499970 0.000001 0.500019 0.499970 0.000001 0.500019 0.499970 0.000001 0.000000 0.000000 0.999940 0.000000 0.000000 0.999940 0.000000 0.000000 0.999940 0.000000 0.000000 0.999940 0.000000 0.000000 0.999940 0.500019 0.499970 0.000001 0.500019 0.499970 0.000001 0.000000 0.000000 0.999940 0.000000 0.000000 0.999940 0.000000 0.000000 0.999940 0.000000 0.000000 0.999940 0.000000 0.000000 0.999940 0.500019 0.499970 0.000001 0.500019 0.499970 0.000001 0.500019 0.499970 0.000001 0.000000 0.000000 0.999940 0.000000 0.000000 0.999940 0.000000 0.000000 0.999940 0.000000 0.000000 0.999940 0.000000 0.000000 0.999940 0.000000 0.000000 0.999940 0.500019 0.499970 0.000001 0.500019 0.499970 0.000001 0.500019 0.499970 0.000001 0.000000 0.000000 0.999940 0.000000 0.000000 0.999940 0.000000 0.000000 0.999940 0.000000 0.000000 0.999940 0.000000 0.000000 0.999940 0.000000 0.000000 0.999940 0.500019 0.499970 0.000001 0.500019 0.499970 0.000001 0.500019 0.499970 0.000001 0.000000 0.000000 0.999940 0.000000 0.000000 0.999940 0.000000 0.000000 0.999940 0.500019 0.499970 0.000001 0.000000 0.000000 0.999940 0.500019 0.499970 0.000001 0.500019 0.499970 0.000001 0.500019 0.499970 0.000001 0.000000 0.000000 0.999940 0.000000 0.000000 0.999940 0.000000 0.000000 0.999940 0.500019 0.499970 0.000001 0.500019 0.499970 0.000001 0.000000 0.000000 0.999940 0.000000 0.000000 0.999940 
						0.000000 0.000000 0.999940 0.000000 0.000000 0.999940 0.000000 0.000000 0.999940 0.000000 0.000000 0.999940 0.500019 0.499970 0.000001 0.500019 0.499970 0.000001 0.500019 0.499970 0.000001 0.500019 0.499970 0.000001 0.500019 0.499970 0.000001 0.500019 0.499970 0.000001 0.500019 0.499970 0.000001 0.500019 0.499970 0.000001 0.500019 0.499970 0.000001 0.500019 0.499970 0.000001 0.500019 0.499970 0.000001 0.000000 0.000000 0.999940 0.500019 0.499970 0.000001 0.000000 0.000000 0.999940 0.000000 0.000000 0.999940 0.500019 0.499970 0.000001 0.000000 0.000000 0.999940 0.500019 0.499970 0.000001 0.000000 0.000000 0.999940 0.500019 0.499970 0.000001 0.000000 0.000000 0.999940 0.500019 0.499970 0.000001 1.000000 0.000000 0.000000 1.000000 0.000000 0.000000 0.500019 0.499970 0.000001 0.500019 0.499970 0.000001 0.000000 0.000000 0.999940 0.500019 0.499970 0.000001 0.500019 0.499970 0.000001 0.500019 0.499970 0.000001 0.500019 0.499970 0.000001 0.500019 0.499970 0.000001 0.500019 0.499970 0.000001 0.500019 0.499970 0.000001 0.500019 0.499970 0.000001 0.000000 0.000000 0.999940 0.000000 0.000000 0.999940 0.000000 0.000000 0.999940 0.500019 0.499970 0.000001 0.000000 0.000000 0.999940 0.500019 0.499970 0.000001 0.000000 0.000000 0.999940 0.500019 0.499970 0.000001 0.000000 0.000000 0.999940 0.500019 0.499970 0.000001 0.000000 0.000000 0.999940 0.500019 0.499970 0.000001 0.500019 0.499970 0.000001 0.500019 0.499970 0.000001 0.000000 0.000000 0.999940 0.500019 0.499970 0.000001 0.000000 0.000000 0.999940 0.000000 0.000000 0.999940 0.000000 0.000000 0.999940 0.000000 0.000000 0.999940 0.000000 0.000000 0.999940 0.000000 0.000000 0.999940 0.500019 0.499970 0.000001 0.500019 0.499970 0.000001 0.500019 0.499970 0.000001 
						0.500019 0.499970 0.000001 0.000000 0.000000 0.999940 0.000000 0.000000 0.999940 0.500019 0.499970 0.000001 0.000000 0.000000 0.999940 0.000000 0.000000 0.999940 0.000000 0.000000 0.999940 0.000000 0.000000 0.999940 0.000000 0.000000 0.999940 0.000000 0.000000 0.999940 0.000000 0.000000 0.999940 0.000000 0.000000 0.999940 0.000000 0.000000 0.999940 0.000000 0.000000 0.999940 0.000000 0.000000 0.999940 0.000000 0.000000 0.999940 0.000000 0.000000 0.999940 0.000000 0.000000 0.999940 0.000000 0.000000 0.999940 0.000000 0.000000 0.999940 0.000000 0.000000 0.999940 0.000000 0.000000 0.999940 0.500019 0.499970 0.000001 0.500019 0.499970 0.000001 0.000000 0.000000 0.999940 0.000000 0.000000 0.999940 0.000000 0.000000 0.999940 0.500019 0.499970 0.000001 0.500019 0.499970 0.000001 0.000000 0.000000 0.999940 0.000000 0.000000 0.999940 0.000000 0.000000 0.999940 0.000000 0.000000 0.999940 0.000000 0.000000 0.999940 0.000000 0.000000 0.999940 0.000000 0.000000 0.999940 0.000000 0.000000 0.999940 0.000000 0.000000 0.999940 0.000000 0.000000 0.999940 0.500019 0.499970 0.000001 0.500019 0.499970 0.000001 0.500019 0.499970 0.000001 0.500019 0.499970 0.000001 0.000000 0.000000 0.999940 0.000000 0.000000 0.999940 0.500019 0.499970 0.000001 0.500019 0.499970 0.000001 0.000000 0.000000 0.999940 0.500019 0.499970 0.000001 0.500019 0.499970 0.000001 0.000000 0.000000 0.999940 0.500019 0.499970 0.000001 0.000000 0.000000 0.999940 0.500019 0.499970 0.000001 0.000000 0.000000 0.999940 0.500019 0.499970 0.000001 0.000000 0.000000 0.999940 0.500019 0.499970 0.000001 0.500019 0.499970 0.000001 0.500019 0.499970 0.000001 0.000000 0.000000 0.999940 1.000000 0.000000 0.000000 1.000000 0.000000 0.000000 1.000000 0.000000 0.000000 
						0.000000 0.000000 0.999940 1.000000 0.000000 0.000000 1.000000 0.000000 0.000000 1.000000 0.000000 0.000000 1.000000 0.000000 0.000000 1.000000 0.000000 0.000000 1.000000 0.000000 0.000000 1.000000 0.000000 0.000000 1.000000 0.000000 0.000000 1.000000 0.000000 0.000000 1.000000 0.000000 0.000000 1.000000 0.000000 0.000000 1.000000 0.000000 0.000000 1.000000 0.000000 0.000000 1.000000 0.000000 0.000000 1.000000 0.000000 0.000000 1.000000 0.000000 0.000000 1.000000 0.000000 0.000000 1.000000 0.000000 0.000000 1.000000 0.000000 0.000000 1.000000 0.000000 0.000000 1.000000 0.000000 0.000000 1.000000 0.000000 0.000000 1.000000 0.000000 0.000000 1.000000 0.000000 0.000000 1.000000 0.000000 0.000000 1.000000 0.000000 0.000000 1.000000 0.000000 0.000000 1.000000 0.000000 0.000000 1.000000 0.000000 0.000000 1.000000 0.000000 0.000000 1.000000 0.000000 0.000000 1.000000 0.000000 0.000000 1.000000 0.000000 0.000000 1.000000 0.000000 0.000000 1.000000 0.000000 0.000000 1.000000 0.000000 0.000000 1.000000 0.000000 0.000000 1.000000 0.000000 0.000000 1.000000 0.000000 0.000000 1.000000 0.000000 0.000000 1.000000 0.000000 0.000000 1.000000 0.000000 0.000000 1.000000 0.000000 0.000000 1.000000 0.000000 0.000000 1.000000 0.000000 0.000000 1.000000 0.000000 0.000000 1.000000 0.000000 0.000000 1.000000 0.000000 0.000000 1.000000 0.000000 0.000000 1.000000 0.000000 0.000000 1.000000 0.000000 0.000000 1.000000 0.000000 0.000000 1.000000 0.000000 0.000000 1.000000 0.000000 0.000000 1.000000 0.000000 0.000000 1.000000 0.000000 0.000000 1.000000 0.000000 0.000000 1.000000 0.000000 0.000000 1.000000 0.000000 0.000000 1.000000 0.000000 0.000000 1.000000 0.000000 0.000000 1.000000 0.000000 0.000000 1.000000 0.000000 0.000000 
						1.000000 0.000000 0.000000 1.000000 0.000000 0.000000 1.000000 0.000000 0.000000 1.000000 0.000000 0.000000 1.000000 0.000000 0.000000 1.000000 0.000000 0.000000 1.000000 0.000000 0.000000 1.000000 0.000000 0.000000 1.000000 0.000000 0.000000 1.000000 0.000000 0.000000 1.000000 0.000000 0.000000 1.000000 0.000000 0.000000 1.000000 0.000000 0.000000 1.000000 0.000000 0.000000 1.000000 0.000000 0.000000 1.000000 0.000000 0.000000 1.000000 0.000000 0.000000 1.000000 0.000000 0.000000 1.000000 0.000000 0.000000 1.000000 0.000000 0.000000 1.000000 0.000000 0.000000 1.000000 0.000000 0.000000 1.000000 0.000000 0.000000 1.000000 0.000000 0.000000 1.000000 0.000000 0.000000 1.000000 0.000000 0.000000 1.000000 0.000000 0.000000 1.000000 0.000000 0.000000 1.000000 0.000000 0.000000 1.000000 0.000000 0.000000 1.000000 0.000000 0.000000 1.000000 0.000000 0.000000 1.000000 0.000000 0.000000 1.000000 0.000000 0.000000 1.000000 0.000000 0.000000 1.000000 0.000000 0.000000 1.000000 0.000000 0.000000 1.000000 0.000000 0.000000 1.000000 0.000000 0.000000 1.000000 0.000000 0.000000 1.000000 0.000000 0.000000 1.000000 0.000000 0.000000 1.000000 0.000000 0.000000 1.000000 0.000000 0.000000 1.000000 0.000000 0.000000 1.000000 0.000000 0.000000 1.000000 0.000000 0.000000 1.000000 0.000000 0.000000 1.000000 0.000000 0.000000 1.000000 0.000000 0.000000 1.000000 0.000000 0.000000 1.000000 0.000000 0.000000 1.000000 0.000000 0.000000 1.000000 0.000000 0.000000 1.000000 0.000000 0.000000 1.000000 0.000000 0.000000 1.000000 0.000000 0.000000 1.000000 0.000000 0.000000 1.000000 0.000000 0.000000 1.000000 0.000000 0.000000 1.000000 0.000000 0.000000 1.000000 0.000000 0.000000 1.000000 0.000000 0.000000 1.000000 0.000000 0.000000 
						1.000000 0.000000 0.000000 1.000000 0.000000 0.000000 1.000000 0.000000 0.000000 1.000000 0.000000 0.000000 1.000000 0.000000 0.000000 1.000000 0.000000 0.000000 1.000000 0.000000 0.000000 1.000000 0.000000 0.000000 1.000000 0.000000 0.000000 1.000000 0.000000 0.000000 1.000000 0.000000 0.000000 1.000000 0.000000 0.000000 1.000000 0.000000 0.000000 1.000000 0.000000 0.000000 1.000000 0.000000 0.000000 1.000000 0.000000 0.000000 1.000000 0.000000 0.000000 1.000000 0.000000 0.000000 1.000000 0.000000 0.000000 1.000000 0.000000 0.000000 1.000000 0.000000 0.000000 1.000000 0.000000 0.000000 1.000000 0.000000 0.000000 1.000000 0.000000 0.000000 1.000000 0.000000 0.000000 0.000000 0.000000 0.999940 0.000000 0.000000 0.999940 0.000000 0.000000 0.999940 1.000000 0.000000 0.000000 1.000000 0.000000 0.000000 1.000000 0.000000 0.000000 1.000000 0.000000 0.000000 1.000000 0.000000 0.000000 1.000000 0.000000 0.000000 1.000000 0.000000 0.000000 1.000000 0.000000 0.000000 1.000000 0.000000 0.000000 1.000000 0.000000 0.000000 1.000000 0.000000 0.000000 1.000000 0.000000 0.000000 1.000000 0.000000 0.000000 1.000000 0.000000 0.000000 1.000000 0.000000 0.000000 1.000000 0.000000 0.000000 1.000000 0.000000 0.000000 1.000000 0.000000 0.000000 1.000000 0.000000 0.000000 1.000000 0.000000 0.000000 1.000000 0.000000 0.000000 1.000000 0.000000 0.000000 1.000000 0.000000 0.000000 1.000000 0.000000 0.000000 1.000000 0.000000 0.000000 1.000000 0.000000 0.000000 1.000000 0.000000 0.000000 1.000000 0.000000 0.000000 1.000000 0.000000 0.000000 1.000000 0.000000 0.000000 1.000000 0.000000 0.000000 1.000000 0.000000 0.000000 1.000000 0.000000 0.000000 1.000000 0.000000 0.000000 1.000000 0.000000 0.000000 1.000000 0.000000 0.000000 
						1.000000 0.000000 0.000000 1.000000 0.000000 0.000000 0.000000 0.000000 0.999940 0.000000 0.000000 0.999940 0.000000 0.000000 0.999940 0.000000 0.000000 0.999940 0.000000 0.000000 0.999940 0.000000 0.000000 0.999940 0.000000 0.000000 0.999940 0.000000 0.000000 0.999940 0.000000 0.000000 0.999940 0.000000 0.000000 0.999940 0.000000 0.000000 0.999940 0.500019 0.499970 0.000001 0.500019 0.499970 0.000001 0.500019 0.499970 0.000001 0.500019 0.499970 0.000001 0.500019 0.499970 0.000001 0.500019 0.499970 0.000001 0.500019 0.499970 0.000001 0.500019 0.499970 0.000001 0.500019 0.499970 0.000001 0.000000 0.000000 0.999940 0.000000 0.000000 0.999940 0.000000 0.000000 0.999940 0.000000 0.000000 0.999940 0.000000 0.000000 0.999940 0.000000 0.000000 0.999940 0.000000 0.000000 0.999940 0.000000 0.000000 0.999940 0.000000 0.000000 0.999940 0.000000 0.000000 0.999940 0.000000 0.000000 0.999940 0.000000 0.000000 0.999940 0.000000 0.000000 0.999940 0.500019 0.499970 0.000001 0.500019 0.499970 0.000001 0.500019 0.499970 0.000001 0.000000 0.000000 0.999940 0.000000 0.000000 0.999940 0.000000 0.000000 0.999940 0.000000 0.000000 0.999940 0.000000 0.000000 0.999940 0.000000 0.000000 0.999940 0.000000 0.000000 0.999940 0.000000 0.000000 0.999940 0.000000 0.000000 0.999940 0.000000 0.000000 0.999940 0.000000 0.000000 0.999940 0.500019 0.499970 0.000001 0.500019 0.499970 0.000001 0.500019 0.499970 0.000001 0.000000 0.000000 0.999940 0.500019 0.499970 0.000001 0.500019 0.499970 0.000001 0.500019 0.499970 0.000001 0.500019 0.499970 0.000001 0.500019 0.499970 0.000001 0.500019 0.499970 0.000001 0.500019 0.499970 0.000001 0.500019 0.499970 0.000001 0.500019 0.499970 0.000001 0.500019 0.499970 0.000001 0.500019 0.499970 0.000001 
						0.500019 0.499970 0.000001 0.500019 0.499970 0.000001 0.500019 0.499970 0.000001 0.500019 0.499970 0.000001 0.000000 0.000000 0.999940 0.000000 0.000000 0.999940 0.000000 0.000000 0.999940 0.000000 0.000000 0.999940 0.000000 0.000000 0.999940 0.000000 0.000000 0.999940 0.000000 0.000000 0.999940 0.000000 0.000000 0.999940 0.500019 0.499970 0.000001 0.500019 0.499970 0.000001 0.500019 0.499970 0.000001 0.000000 0.000000 0.999940 0.000000 0.000000 0.999940 0.000000 0.000000 0.999940 0.000000 0.000000 0.999940 0.000000 0.000000 0.999940 0.000000 0.000000 0.999940 0.000000 0.000000 0.999940 0.000000 0.000000 0.999940 0.000000 0.000000 0.999940 0.000000 0.000000 0.999940 0.500019 0.499970 0.000001 0.500019 0.499970 0.000001 0.500019 0.499970 0.000001 0.000000 0.000000 0.999940 0.000000 0.000000 0.999940 0.000000 0.000000 0.999940 0.000000 0.000000 0.999940 0.000000 0.000000 0.999940 0.000000 0.000000 0.999940 0.000000 0.000000 0.999940 0.000000 0.000000 0.999940 0.000000 0.000000 0.999940 0.000000 0.000000 0.999940 0.000000 0.000000 0.999940 0.000000 0.000000 0.999940 0.000000 0.000000 0.999940 0.000000 0.000000 0.999940 0.000000 0.000000 0.999940 0.500019 0.499970 0.000001 0.500019 0.499970 0.000001 0.500019 0.499970 0.000001 0.000000 0.000000 0.999940 0.000000 0.000000 0.999940 0.000000 0.000000 0.999940 0.000000 0.000000 0.999940 0.000000 0.000000 0.999940 0.000000 0.000000 0.999940 0.000000 0.000000 0.999940 0.500019 0.499970 0.000001 0.500019 0.499970 0.000001 0.500019 0.499970 0.000001 0.500019 0.499970 0.000001 0.500019 0.499970 0.000001 0.500019 0.499970 0.000001 0.500019 0.499970 0.000001 0.500019 0.499970 0.000001 0.500019 0.499970 0.000001 0.500019 0.499970 0.000001 0.500019 0.499970 0.000001 
						0.000000 0.000000 0.999940 0.500019 0.499970 0.000001 0.500019 0.499970 0.000001 0.000000 0.000000 0.999940 0.500019 0.499970 0.000001 0.000000 0.000000 0.999940 0.000000 0.000000 0.999940 0.000000 0.000000 0.999940 0.000000 0.000000 0.999940 0.500019 0.499970 0.000001 0.000000 0.000000 0.999940 0.500019 0.499970 0.000001 0.000000 0.000000 0.999940 0.000000 0.000000 0.999940 0.000000 0.000000 0.999940 0.000000 0.000000 0.999940 0.000000 0.000000 0.999940 0.000000 0.000000 0.999940 0.000000 0.000000 0.999940 0.000000 0.000000 0.999940 0.000000 0.000000 0.999940 0.000000 0.000000 0.999940 0.000000 0.000000 0.999940 0.000000 0.000000 0.999940 0.000000 0.000000 0.999940 0.000000 0.000000 0.999940 0.000000 0.000000 0.999940 0.000000 0.000000 0.999940 0.000000 0.000000 0.999940 0.000000 0.000000 0.999940 0.000000 0.000000 0.999940 0.000000 0.000000 0.999940 0.000000 0.000000 0.999940 0.000000 0.000000 0.999940 0.000000 0.000000 0.999940 0.000000 0.000000 0.999940 0.000000 0.000000 0.999940 0.000000 0.000000 0.999940 0.000000 0.000000 0.999940 0.000000 0.000000 0.999940 0.000000 0.000000 0.999940 0.000000 0.000000 0.999940 0.000000 0.000000 0.999940 0.000000 0.000000 0.999940 0.000000 0.000000 0.999940 0.000000 0.000000 0.999940 0.000000 0.000000 0.999940 0.000000 0.000000 0.999940 0.000000 0.000000 0.999940 0.000000 0.000000 0.999940 0.000000 0.000000 0.999940 0.000000 0.000000 0.999940 0.000000 0.000000 0.999940 0.000000 0.000000 0.999940 0.000000 0.000000 0.999940 0.000000 0.000000 0.999940 0.000000 0.000000 0.999940 0.000000 0.000000 0.999940 0.000000 0.000000 0.999940 0.000000 0.000000 0.999940 0.000000 0.000000 0.999940 0.000000 0.000000 0.999940 0.000000 0.000000 0.999940 0.000000 0.000000 0.999940 
						0.000000 0.000000 0.999940 0.000000 0.000000 0.999940 0.000000 0.000000 0.999940 0.000000 0.000000 0.999940 0.000000 0.000000 0.999940 0.000000 0.000000 0.999940 0.500019 0.499970 0.000001 0.000000 0.000000 0.999940 0.000000 0.000000 0.999940 0.000000 0.000000 0.999940 0.500019 0.499970 0.000001 0.000000 0.000000 0.999940 0.000000 0.000000 0.999940 0.000000 0.000000 0.999940 0.000000 0.000000 0.999940 0.000000 0.000000 0.999940 0.000000 0.000000 0.999940 0.000000 0.000000 0.999940 0.000000 0.000000 0.999940 0.000000 0.000000 0.999940 0.500019 0.499970 0.000001 0.500019 0.499970 0.000001 0.500019 0.499970 0.000001 0.500019 0.499970 0.000001 0.500019 0.499970 0.000001 0.500019 0.499970 0.000001 0.500019 0.499970 0.000001 0.500019 0.499970 0.000001 0.500019 0.499970 0.000001 0.500019 0.499970 0.000001 0.000000 0.000000 0.999940 0.000000 0.000000 0.999940 0.500019 0.499970 0.000001 0.500019 0.499970 0.000001 0.500019 0.499970 0.000001 0.500019 0.499970 0.000001 0.500019 0.499970 0.000001 0.500019 0.499970 0.000001 0.000000 0.000000 0.999940 0.500019 0.499970 0.000001 0.500019 0.499970 0.000001 0.500019 0.499970 0.000001 0.000000 0.000000 0.999940 0.000000 0.000000 0.999940 0.500019 0.499970 0.000001 0.000000 0.000000 0.999940 0.500019 0.499970 0.000001 0.500019 0.499970 0.000001 0.500019 0.499970 0.000001 0.500019 0.499970 0.000001 0.500019 0.499970 0.000001 0.000000 0.000000 0.999940 0.000000 0.000000 0.999940 0.000000 0.000000 0.999940 0.000000 0.000000 0.999940 0.500019 0.499970 0.000001 0.500019 0.499970 0.000001 0.000000 0.000000 0.999940 0.000000 0.000000 0.999940 0.000000 0.000000 0.999940 0.500019 0.499970 0.000001 0.000000 0.000000 0.999940 0.000000 0.000000 0.999940 0.000000 0.000000 0.999940 
						0.000000 0.000000 0.999940 0.500019 0.499970 0.000001 0.500019 0.499970 0.000001 0.500019 0.499970 0.000001 0.000000 0.000000 0.999940 0.500019 0.499970 0.000001 0.500019 0.499970 0.000001 0.500019 0.499970 0.000001 0.500019 0.499970 0.000001 0.500019 0.499970 0.000001 0.500019 0.499970 0.000001 0.000000 0.000000 0.999940 0.000000 0.000000 0.999940 0.000000 0.000000 0.999940 0.500019 0.499970 0.000001 0.000000 0.000000 0.999940 0.000000 0.000000 0.999940 0.000000 0.000000 0.999940 0.000000 0.000000 0.999940 0.500019 0.499970 0.000001 0.000000 0.000000 0.999940 0.500019 0.499970 0.000001 0.000000 0.000000 0.999940 0.000000 0.000000 0.999940 0.500019 0.499970 0.000001 0.000000 0.000000 0.999940 0.500019 0.499970 0.000001 0.000000 0.000000 0.999940 0.000000 0.000000 0.999940 0.000000 0.000000 0.999940 0.000000 0.000000 0.999940 0.000000 0.000000 0.999940 0.000000 0.000000 0.999940 0.000000 0.000000 0.999940 0.000000 0.000000 0.999940 0.000000 0.000000 0.999940 0.000000 0.000000 0.999940 0.500019 0.499970 0.000001 0.000000 0.000000 0.999940 0.500019 0.499970 0.000001 0.000000 0.000000 0.999940 0.000000 0.000000 0.999940 0.500019 0.499970 0.000001 0.500019 0.499970 0.000001 0.500019 0.499970 0.000001 0.000000 0.000000 0.999940 0.000000 0.000000 0.999940 0.000000 0.000000 0.999940 0.500019 0.499970 0.000001 0.500019 0.499970 0.000001 0.500019 0.499970 0.000001 0.000000 0.000000 0.999940 0.000000 0.000000 0.999940 0.500019 0.499970 0.000001 0.000000 0.000000 0.999940 0.500019 0.499970 0.000001 0.000000 0.000000 0.999940 0.000000 0.000000 0.999940 0.000000 0.000000 0.999940 0.000000 0.000000 0.999940 0.000000 0.000000 0.999940 0.500019 0.499970 0.000001 0.000000 0.000000 0.999940 0.500019 0.499970 0.000001 
						0.000000 0.000000 0.999940 0.500019 0.499970 0.000001 0.000000 0.000000 0.999940 0.500019 0.499970 0.000001 0.000000 0.000000 0.999940 0.500019 0.499970 0.000001 0.000000 0.000000 0.999940 0.500019 0.499970 0.000001 0.500019 0.499970 0.000001 0.500019 0.499970 0.000001 0.000000 0.000000 0.999940 0.000000 0.000000 0.999940 0.500019 0.499970 0.000001 0.000000 0.000000 0.999940 0.500019 0.499970 0.000001 0.000000 0.000000 0.999940 0.000000 0.000000 0.999940 0.500019 0.499970 0.000001 0.500019 0.499970 0.000001 0.000000 0.000000 0.999940 0.500019 0.499970 0.000001 0.000000 0.000000 0.999940 0.500019 0.499970 0.000001 0.500019 0.499970 0.000001 0.500019 0.499970 0.000001 0.500019 0.499970 0.000001 0.500019 0.499970 0.000001 0.500019 0.499970 0.000001 0.000000 0.000000 0.999940 0.500019 0.499970 0.000001 0.000000 0.000000 0.999940 0.500019 0.499970 0.000001 0.000000 0.000000 0.999940 0.500019 0.499970 0.000001 0.500019 0.499970 0.000001 0.500019 0.499970 0.000001 0.000000 0.000000 0.999940 0.500019 0.499970 0.000001 0.500019 0.499970 0.000001 0.000000 0.000000 0.999940 0.000000 0.000000 0.999940 0.000000 0.000000 0.999940 0.000000 0.000000 0.999940 0.000000 0.000000 0.999940 0.000000 0.000000 0.999940 0.000000 0.000000 0.999940 0.000000 0.000000 0.999940 0.500019 0.499970 0.000001 0.500019 0.499970 0.000001 0.500019 0.499970 0.000001 0.500019 0.499970 0.000001 0.500019 0.499970 0.000001 0.500019 0.499970 0.000001 0.500019 0.499970 0.000001 0.500019 0.499970 0.000001 0.500019 0.499970 0.000001 0.500019 0.499970 0.000001 0.500019 0.499970 0.000001 0.500019 0.499970 0.000001 0.500019 0.499970 0.000001 0.500019 0.499970 0.000001 0.500019 0.499970 0.000001 0.500019 0.499970 0.000001 0.500019 0.499970 0.000001 
						0.500019 0.499970 0.000001 0.500019 0.499970 0.000001 0.500019 0.499970 0.000001 0.500019 0.499970 0.000001 0.500019 0.499970 0.000001 0.500019 0.499970 0.000001 0.500019 0.499970 0.000001 0.500019 0.499970 0.000001 0.500019 0.499970 0.000001 0.500019 0.499970 0.000001 0.000000 0.000000 0.999940 0.500019 0.499970 0.000001 0.500019 0.499970 0.000001 0.500019 0.499970 0.000001 0.500019 0.499970 0.000001 0.500019 0.499970 0.000001 0.500019 0.499970 0.000001 0.500019 0.499970 0.000001 0.500019 0.499970 0.000001 0.500019 0.499970 0.000001 0.500019 0.499970 0.000001 0.500019 0.499970 0.000001 0.500019 0.499970 0.000001 0.500019 0.499970 0.000001 0.500019 0.499970 0.000001 0.500019 0.499970 0.000001 0.500019 0.499970 0.000001 0.500019 0.499970 0.000001 0.500019 0.499970 0.000001 0.000000 0.000000 0.999940 0.500019 0.499970 0.000001 0.500019 0.499970 0.000001 0.000000 0.000000 0.999940 0.500019 0.499970 0.000001 0.500019 0.499970 0.000001 0.500019 0.499970 0.000001 0.500019 0.499970 0.000001 0.500019 0.499970 0.000001 0.500019 0.499970 0.000001 1.000000 0.000000 0.000000 1.000000 0.000000 0.000000 1.000000 0.000000 0.000000 0.000000 0.000000 0.999940 0.000000 0.000000 0.999940 0.000000 0.000000 0.999940 0.000000 0.000000 0.999940 0.000000 0.000000 0.999940 0.000000 0.000000 0.999940 0.000000 0.000000 0.999940 0.000000 0.000000 0.999940 0.000000 0.000000 0.999940 0.000000 0.000000 0.999940 0.000000 0.000000 0.999940 0.000000 0.000000 0.999940 0.000000 0.000000 0.999940 0.000000 0.000000 0.999940 0.000000 0.000000 0.999940 0.000000 0.000000 0.999940 0.000000 0.000000 0.999940 0.000000 0.000000 0.999940 0.000000 0.000000 0.999940 0.000000 0.000000 0.999940 0.000000 0.000000 0.999940 0.000000 0.000000 0.999940 
						0.000000 0.000000 0.999940 0.000000 0.000000 0.999940 0.000000 0.000000 0.999940 0.000000 0.000000 0.999940 0.000000 0.000000 0.999940 0.000000 0.000000 0.999940 0.000000 0.000000 0.999940 0.000000 0.000000 0.999940 0.000000 0.000000 0.999940 0.000000 0.000000 0.999940 0.000000 0.000000 0.999940 0.000000 0.000000 0.999940 0.000000 0.000000 0.999940 0.000000 0.000000 0.999940 0.000000 0.000000 0.999940 1.000000 0.000000 0.000000 1.000000 0.000000 0.000000 0.000000 0.000000 0.999940 1.000000 0.000000 0.000000 1.000000 0.000000 0.000000 1.000000 0.000000 0.000000 1.000000 0.000000 0.000000 1.000000 0.000000 0.000000 1.000000 0.000000 0.000000 1.000000 0.000000 0.000000 1.000000 0.000000 0.000000 1.000000 0.000000 0.000000 1.000000 0.000000 0.000000 1.000000 0.000000 0.000000 1.000000 0.000000 0.000000 1.000000 0.000000 0.000000 1.000000 0.000000 0.000000 1.000000 0.000000 0.000000 1.000000 0.000000 0.000000 1.000000 0.000000 0.000000 1.000000 0.000000 0.000000 1.000000 0.000000 0.000000 1.000000 0.000000 0.000000 1.000000 0.000000 0.000000 1.000000 0.000000 0.000000 1.000000 0.000000 0.000000 1.000000 0.000000 0.000000 1.000000 0.000000 0.000000 1.000000 0.000000 0.000000 1.000000 0.000000 0.000000 0.000000 0.000000 0.999940 0.500019 0.499970 0.000001 0.500019 0.499970 0.000001 0.500019 0.499970 0.000001 0.500019 0.499970 0.000001 0.500019 0.499970 0.000001 0.500019 0.499970 0.000001 0.500019 0.499970 0.000001 0.000000 0.000000 0.999940 0.000000 0.000000 0.999940 0.000000 0.000000 0.999940 0.000000 0.000000 0.999940 0.000000 0.000000 0.999940 0.000000 0.000000 0.999940 0.000000 0.000000 0.999940 0.500019 0.499970 0.000001 0.500019 0.499970 0.000001 0.500019 0.499970 0.000001 0.000000 0.000000 0.999940 
						0.000000 0.000000 0.999940 0.000000 0.000000 0.999940 0.500019 0.499970 0.000001 0.500019 0.499970 0.000001 0.000000 0.000000 0.999940 0.000000 0.000000 0.999940 0.500019 0.499970 0.000001 0.500019 0.499970 0.000001 0.000000 0.000000 0.999940 0.500019 0.499970 0.000001 0.500019 0.499970 0.000001 0.000000 0.000000 0.999940 0.500019 0.499970 0.000001 0.500019 0.499970 0.000001 0.000000 0.000000 0.999940 0.500019 0.499970 0.000001 0.500019 0.499970 0.000001 0.500019 0.499970 0.000001 0.500019 0.499970 0.000001 0.500019 0.499970 0.000001 0.000000 0.000000 0.999940 0.500019 0.499970 0.000001 0.500019 0.499970 0.000001 0.500019 0.499970 0.000001 0.000000 0.000000 0.999940 0.500019 0.499970 0.000001 0.000000 0.000000 0.999940 0.000000 0.000000 0.999940 0.000000 0.000000 0.999940 0.000000 0.000000 0.999940 0.000000 0.000000 0.999940 0.000000 0.000000 0.999940 0.500019 0.499970 0.000001 0.500019 0.499970 0.000001 0.000000 0.000000 0.999940 0.000000 0.000000 0.999940 0.000000 0.000000 0.999940 0.000000 0.000000 0.999940 0.000000 0.000000 0.999940 0.000000 0.000000 0.999940 0.000000 0.000000 0.999940 0.000000 0.000000 0.999940 0.000000 0.000000 0.999940 0.000000 0.000000 0.999940 0.000000 0.000000 0.999940 0.000000 0.000000 0.999940 0.000000 0.000000 0.999940 0.000000 0.000000 0.999940 0.000000 0.000000 0.999940 0.000000 0.000000 0.999940 0.000000 0.000000 0.999940 0.000000 0.000000 0.999940 0.000000 0.000000 0.999940 0.000000 0.000000 0.999940 0.500019 0.499970 0.000001 0.000000 0.000000 0.999940 1.000000 0.000000 0.000000 1.000000 0.000000 0.000000 1.000000 0.000000 0.000000 1.000000 0.000000 0.000000 1.000000 0.000000 0.000000 1.000000 0.000000 0.000000 1.000000 0.000000 0.000000 1.000000 0.000000 0.000000 
						1.000000 0.000000 0.000000 1.000000 0.000000 0.000000 1.000000 0.000000 0.000000 1.000000 0.000000 0.000000 1.000000 0.000000 0.000000 1.000000 0.000000 0.000000 1.000000 0.000000 0.000000 1.000000 0.000000 0.000000 1.000000 0.000000 0.000000 1.000000 0.000000 0.000000 1.000000 0.000000 0.000000 1.000000 0.000000 0.000000 1.000000 0.000000 0.000000 1.000000 0.000000 0.000000 1.000000 0.000000 0.000000 1.000000 0.000000 0.000000 1.000000 0.000000 0.000000 1.000000 0.000000 0.000000 1.000000 0.000000 0.000000 1.000000 0.000000 0.000000 1.000000 0.000000 0.000000 1.000000 0.000000 0.000000 1.000000 0.000000 0.000000 1.000000 0.000000 0.000000 0.000000 0.000000 0.999940 0.000000 0.000000 0.999940 0.500019 0.499970 0.000001 0.500019 0.499970 0.000001 0.500019 0.499970 0.000001 0.500019 0.499970 0.000001 0.500019 0.499970 0.000001 0.500019 0.499970 0.000001 0.500019 0.499970 0.000001 0.000000 0.000000 0.999940 0.000000 0.000000 0.999940 0.000000 0.000000 0.999940 0.000000 0.000000 0.999940 0.000000 0.000000 0.999940 0.000000 0.000000 0.999940 0.000000 0.000000 0.999940 0.500019 0.499970 0.000001 0.500019 0.499970 0.000001 0.000000 0.000000 0.999940 0.500019 0.499970 0.000001 0.500019 0.499970 0.000001 0.000000 0.000000 0.999940 0.500019 0.499970 0.000001 0.500019 0.499970 0.000001 0.000000 0.000000 0.999940 0.000000 0.000000 0.999940 0.500019 0.499970 0.000001 0.000000 0.000000 0.999940 0.000000 0.000000 0.999940 0.000000 0.000000 0.999940 0.000000 0.000000 0.999940 0.000000 0.000000 0.999940 0.000000 0.000000 0.999940 0.500019 0.499970 0.000001 0.000000 0.000000 0.999940 0.500019 0.499970 0.000001 0.000000 0.000000 0.999940 0.000000 0.000000 0.999940 0.500019 0.499970 0.000001 0.500019 0.499970 0.000001 
						0.500019 0.499970 0.000001 0.500019 0.499970 0.000001 0.500019 0.499970 0.000001 0.000000 0.000000 0.999940 0.000000 0.000000 0.999940 0.000000 0.000000 0.999940 0.000000 0.000000 0.999940 0.000000 0.000000 0.999940 0.000000 0.000000 0.999940 0.000000 0.000000 0.999940 0.000000 0.000000 0.999940 0.000000 0.000000 0.999940 0.000000 0.000000 0.999940 0.000000 0.000000 0.999940 0.000000 0.000000 0.999940 0.000000 0.000000 0.999940 0.000000 0.000000 0.999940 0.500019 0.499970 0.000001 0.000000 0.000000 0.999940 0.000000 0.000000 0.999940 0.000000 0.000000 0.999940 0.000000 0.000000 0.999940 0.000000 0.000000 0.999940 0.000000 0.000000 0.999940 0.000000 0.000000 0.999940 0.000000 0.000000 0.999940 0.000000 0.000000 0.999940 0.000000 0.000000 0.999940 0.500019 0.499970 0.000001 0.500019 0.499970 0.000001 0.500019 0.499970 0.000001 0.500019 0.499970 0.000001 0.500019 0.499970 0.000001 0.500019 0.499970 0.000001 0.500019 0.499970 0.000001 0.500019 0.499970 0.000001 0.500019 0.499970 0.000001 0.500019 0.499970 0.000001 0.500019 0.499970 0.000001 0.500019 0.499970 0.000001 0.500019 0.499970 0.000001 0.000000 0.000000 0.999940 0.000000 0.000000 0.999940 0.500019 0.499970 0.000001 0.000000 0.000000 0.999940 0.000000 0.000000 0.999940 0.000000 0.000000 0.999940 0.000000 0.000000 0.999940 0.000000 0.000000 0.999940 0.000000 0.000000 0.999940 0.000000 0.000000 0.999940 0.000000 0.000000 0.999940 0.000000 0.000000 0.999940 0.000000 0.000000 0.999940 0.000000 0.000000 0.999940 0.000000 0.000000 0.999940 0.000000 0.000000 0.999940 0.000000 0.000000 0.999940 0.000000 0.000000 0.999940 0.000000 0.000000 0.999940 0.000000 0.000000 0.999940 0.000000 0.000000 0.999940 0.500019 0.499970 0.000001 0.500019 0.499970 0.000001 
						0.500019 0.499970 0.000001 0.500019 0.499970 0.000001 0.500019 0.499970 0.000001 0.500019 0.499970 0.000001 0.500019 0.499970 0.000001 0.500019 0.499970 0.000001 0.500019 0.499970 0.000001 0.500019 0.499970 0.000001 0.500019 0.499970 0.000001 0.500019 0.499970 0.000001 0.500019 0.499970 0.000001 0.500019 0.499970 0.000001 0.500019 0.499970 0.000001 0.500019 0.499970 0.000001 0.500019 0.499970 0.000001 0.500019 0.499970 0.000001 0.500019 0.499970 0.000001 0.500019 0.499970 0.000001 0.500019 0.499970 0.000001 0.500019 0.499970 0.000001 0.500019 0.499970 0.000001 0.500019 0.499970 0.000001 0.000000 0.000000 0.999940 0.500019 0.499970 0.000001 0.500019 0.499970 0.000001 0.500019 0.499970 0.000001 0.500019 0.499970 0.000001 0.500019 0.499970 0.000001 0.500019 0.499970 0.000001 0.500019 0.499970 0.000001 0.500019 0.499970 0.000001 0.500019 0.499970 0.000001 0.500019 0.499970 0.000001 0.500019 0.499970 0.000001 0.500019 0.499970 0.000001 
					</float_array>
					<technique_common>
						<accessor count="1507" offset="0" source="#meshId0-color0-array" stride="3">
							<param name="R" type="float" />
							<param name="G" type="float" />
							<param name="B" type="float" />
						</accessor>
					</technique_common>
				</source>
				<vertices id="meshId0-vertices">
					<input semantic="POSITION" source="#meshId0-positions" />
				</vertices>
				<polylist count="1638" material="defaultMaterial">
					<input offset="0" semantic="VERTEX" source="#meshId0-vertices" />
					<input offset="0" semantic="NORMAL" source="#meshId0-normals" />
					<input offset="0" semantic="TANGENT" source="#meshId0-tangents" />
					<input offset="0" semantic="BINORMAL" source="#meshId0-bitangents" />
					<input offset="0" semantic="TEXCOORD" source="#meshId0-tex0" set="0" />
					<input offset="0" semantic="COLOR" source="#meshId0-color0" set="0" />
					<vcount>
						3 3 3 3 3 3 3 3 3 3 3 3 3 3 3 3 3 3 3 3 3 3 3 3 3 3 3 3 3 3 3 3 3 3 3 3 3 3 3 3 3 3 3 3 3 3 3 3 3 3 3 3 3 3 3 3 3 3 3 3 3 3 3 3 
						3 3 3 3 3 3 3 3 3 3 3 3 3 3 3 3 3 3 3 3 3 3 3 3 3 3 3 3 3 3 3 3 3 3 3 3 3 3 3 3 3 3 3 3 3 3 3 3 3 3 3 3 3 3 3 3 3 3 3 3 3 3 3 3 
						3 3 3 3 3 3 3 3 3 3 3 3 3 3 3 3 3 3 3 3 3 3 3 3 3 3 3 3 3 3 3 3 3 3 3 3 3 3 3 3 3 3 3 3 3 3 3 3 3 3 3 3 3 3 3 3 3 3 3 3 3 3 3 3 
						3 3 3 3 3 3 3 3 3 3 3 3 3 3 3 3 3 3 3 3 3 3 3 3 3 3 3 3 3 3 3 3 3 3 3 3 3 3 3 3 3 3 3 3 3 3 3 3 3 3 3 3 3 3 3 3 3 3 3 3 3 3 3 3 
						3 3 3 3 3 3 3 3 3 3 3 3 3 3 3 3 3 3 3 3 3 3 3 3 3 3 3 3 3 3 3 3 3 3 3 3 3 3 3 3 3 3 3 3 3 3 3 3 3 3 3 3 3 3 3 3 3 3 3 3 3 3 3 3 
						3 3 3 3 3 3 3 3 3 3 3 3 3 3 3 3 3 3 3 3 3 3 3 3 3 3 3 3 3 3 3 3 3 3 3 3 3 3 3 3 3 3 3 3 3 3 3 3 3 3 3 3 3 3 3 3 3 3 3 3 3 3 3 3 
						3 3 3 3 3 3 3 3 3 3 3 3 3 3 3 3 3 3 3 3 3 3 3 3 3 3 3 3 3 3 3 3 3 3 3 3 3 3 3 3 3 3 3 3 3 3 3 3 3 3 3 3 3 3 3 3 3 3 3 3 3 3 3 3 
						3 3 3 3 3 3 3 3 3 3 3 3 3 3 3 3 3 3 3 3 3 3 3 3 3 3 3 3 3 3 3 3 3 3 3 3 3 3 3 3 3 3 3 3 3 3 3 3 3 3 3 3 3 3 3 3 3 3 3 3 3 3 3 3 
						3 3 3 3 3 3 3 3 3 3 3 3 3 3 3 3 3 3 3 3 3 3 3 3 3 3 3 3 3 3 3 3 3 3 3 3 3 3 3 3 3 3 3 3 3 3 3 3 3 3 3 3 3 3 3 3 3 3 3 3 3 3 3 3 
						3 3 3 3 3 3 3 3 3 3 3 3 3 3 3 3 3 3 3 3 3 3 3 3 3 3 3 3 3 3 3 3 3 3 3 3 3 3 3 3 3 3 3 3 3 3 3 3 3 3 3 3 3 3 3 3 3 3 3 3 3 3 3 3 
						3 3 3 3 3 3 3 3 3 3 3 3 3 3 3 3 3 3 3 3 3 3 3 3 3 3 3 3 3 3 3 3 3 3 3 3 3 3 3 3 3 3 3 3 3 3 3 3 3 3 3 3 3 3 3 3 3 3 3 3 3 3 3 3 
						3 3 3 3 3 3 3 3 3 3 3 3 3 3 3 3 3 3 3 3 3 3 3 3 3 3 3 3 3 3 3 3 3 3 3 3 3 3 3 3 3 3 3 3 3 3 3 3 3 3 3 3 3 3 3 3 3 3 3 3 3 3 3 3 
						3 3 3 3 3 3 3 3 3 3 3 3 3 3 3 3 3 3 3 3 3 3 3 3 3 3 3 3 3 3 3 3 3 3 3 3 3 3 3 3 3 3 3 3 3 3 3 3 3 3 3 3 3 3 3 3 3 3 3 3 3 3 3 3 
						3 3 3 3 3 3 3 3 3 3 3 3 3 3 3 3 3 3 3 3 3 3 3 3 3 3 3 3 3 3 3 3 3 3 3 3 3 3 3 3 3 3 3 3 3 3 3 3 3 3 3 3 3 3 3 3 3 3 3 3 3 3 3 3 
						3 3 3 3 3 3 3 3 3 3 3 3 3 3 3 3 3 3 3 3 3 3 3 3 3 3 3 3 3 3 3 3 3 3 3 3 3 3 3 3 3 3 3 3 3 3 3 3 3 3 3 3 3 3 3 3 3 3 3 3 3 3 3 3 
						3 3 3 3 3 3 3 3 3 3 3 3 3 3 3 3 3 3 3 3 3 3 3 3 3 3 3 3 3 3 3 3 3 3 3 3 3 3 3 3 3 3 3 3 3 3 3 3 3 3 3 3 3 3 3 3 3 3 3 3 3 3 3 3 
						3 3 3 3 3 3 3 3 3 3 3 3 3 3 3 3 3 3 3 3 3 3 3 3 3 3 3 3 3 3 3 3 3 3 3 3 3 3 3 3 3 3 3 3 3 3 3 3 3 3 3 3 3 3 3 3 3 3 3 3 3 3 3 3 
						3 3 3 3 3 3 3 3 3 3 3 3 3 3 3 3 3 3 3 3 3 3 3 3 3 3 3 3 3 3 3 3 3 3 3 3 3 3 3 3 3 3 3 3 3 3 3 3 3 3 3 3 3 3 3 3 3 3 3 3 3 3 3 3 
						3 3 3 3 3 3 3 3 3 3 3 3 3 3 3 3 3 3 3 3 3 3 3 3 3 3 3 3 3 3 3 3 3 3 3 3 3 3 3 3 3 3 3 3 3 3 3 3 3 3 3 3 3 3 3 3 3 3 3 3 3 3 3 3 
						3 3 3 3 3 3 3 3 3 3 3 3 3 3 3 3 3 3 3 3 3 3 3 3 3 3 3 3 3 3 3 3 3 3 3 3 3 3 3 3 3 3 3 3 3 3 3 3 3 3 3 3 3 3 3 3 3 3 3 3 3 3 3 3 
						3 3 3 3 3 3 3 3 3 3 3 3 3 3 3 3 3 3 3 3 3 3 3 3 3 3 3 3 3 3 3 3 3 3 3 3 3 3 3 3 3 3 3 3 3 3 3 3 3 3 3 3 3 3 3 3 3 3 3 3 3 3 3 3 
						3 3 3 3 3 3 3 3 3 3 3 3 3 3 3 3 3 3 3 3 3 3 3 3 3 3 3 3 3 3 3 3 3 3 3 3 3 3 3 3 3 3 3 3 3 3 3 3 3 3 3 3 3 3 3 3 3 3 3 3 3 3 3 3 
						3 3 3 3 3 3 3 3 3 3 3 3 3 3 3 3 3 3 3 3 3 3 3 3 3 3 3 3 3 3 3 3 3 3 3 3 3 3 3 3 3 3 3 3 3 3 3 3 3 3 3 3 3 3 3 3 3 3 3 3 3 3 3 3 
						3 3 3 3 3 3 3 3 3 3 3 3 3 3 3 3 3 3 3 3 3 3 3 3 3 3 3 3 3 3 3 3 3 3 3 3 3 3 3 3 3 3 3 3 3 3 3 3 3 3 3 3 3 3 3 3 3 3 3 3 3 3 3 3 
						3 3 3 3 3 3 3 3 3 3 3 3 3 3 3 3 3 3 3 3 3 3 3 3 3 3 3 3 3 3 3 3 3 3 3 3 3 3 3 3 3 3 3 3 3 3 3 3 3 3 3 3 3 3 3 3 3 3 3 3 3 3 3 3 
						3 3 3 3 3 3 3 3 3 3 3 3 3 3 3 3 3 3 3 3 3 3 3 3 3 3 3 3 3 3 3 3 3 3 3 3 3 3 
					</vcount>
					<p>
						0 1 2 3 4 5 6 7 8 2 9 0 10 11 12 13 14 15 16 17 18 19 20 21 22 23 24 25 26 27 28 29 30 31 32 33 34 35 36 37 38 39 40 41 42 43 13 44 45 46 47 48 6 8 49 50 51 52 53 54 10 55 19 56 57 58 21 10 19 46 59 15 60 61 62 63 64 6 65 66 11 67 68 69 70 49 71 72 50 73 26 74 27 75 76 77 21 78 79 80 12 7 55 77 19 77 81 20 82 83 84 85 86 87 38 88 89 80 64 55 22 30 86 4 88 90 24 42 59 91 92 93 4 94 5 89 39 38 95 96 75 97 88 26 85 82 95 98 99 100 20 101 78 90 102 103 65 79 104 42 44 13 91 43 105 93 60 62 28 24 59 63 106 40 107 108 109 110 111 112 113 76 96 114 115 116 117 118 119 120 121 61 
						122 123 124 125 116 126 127 128 129 23 95 64 130 131 132 133 134 135 124 136 129 9 66 104 137 138 139 130 140 141 142 143 144 114 145 146 147 148 149 86 83 87 150 151 152 153 154 155 156 157 158 112 111 159 122 4 90 151 115 152 158 160 131 119 155 154 161 162 163 42 15 59 15 47 46 164 165 166 167 168 162 169 170 115 171 125 172 150 81 76 45 157 29 129 122 124 115 126 116 173 174 175 29 176 30 177 143 154 84 96 82 175 138 178 179 180 181 142 83 117 141 155 130 182 183 184 129 185 127 30 118 86 186 116 187 142 169 151 90 188 122 189 124 123 144 190 169 191 192 193 119 176 156 140 194 195 117 154 143 196 197 198 199 200 201 144 202 203 158 155 156 204 205 206 171 193 192 194 139 195 207 208 179 209 210 211 198 205 212 213 214 215 
						216 217 218 219 220 221 222 223 224 225 226 227 211 228 196 229 230 207 231 232 233 204 234 235 236 237 238 239 240 241 242 223 243 244 245 246 247 248 249 217 250 218 251 252 219 253 254 255 256 257 258 259 260 261 262 263 264 265 266 267 268 269 270 271 272 273 274 275 276 277 278 279 280 281 282 283 284 285 286 287 288 289 290 291 283 289 292 293 294 295 296 297 298 299 300 296 301 302 274 295 303 304 305 306 293 307 308 309 298 310 311 309 312 313 278 314 315 304 316 299 317 318 319 320 321 322 323 324 305 304 325 295 326 327 320 328 329 330 217 331 332 333 334 335 336 337 338 339 218 340 241 341 342 343 344 345 346 347 348 349 350 351 291 352 353 221 323 354 284 355 356 357 358 251 359 360 361 362 276 363 364 365 280 366 367 368 339 369 370 293 325 371 
						372 357 373 362 374 269 375 322 376 377 313 326 378 379 380 381 326 320 313 382 309 383 384 385 309 386 307 376 387 317 220 388 323 358 389 252 252 390 220 218 391 340 392 393 394 395 396 397 398 399 393 319 400 317 354 305 401 402 403 404 113 142 151 23 40 24 399 405 406 407 408 409 410 298 411 412 405 413 414 361 360 320 415 381 416 353 349 258 413 256 285 417 289 418 282 286 285 356 419 311 420 278 421 422 423 351 217 424 425 426 427 280 428 429 369 428 365 430 431 432 370 365 433 427 426 434 322 435 376 436 384 383 369 391 437 353 331 350 438 439 440 441 442 443 385 444 445 446 372 373 326 312 447 400 376 317 278 448 279 277 298 311 364 282 449 450 296 410 299 451 304 452 249 453 380 454 378 455 456 457 379 458 459 460 461 462 463 427 434 368 464 366 
						465 269 466 394 397 392 64 75 55 459 461 467 468 469 470 471 472 473 474 475 121 273 476 271 477 478 479 480 481 482 483 484 485 486 487 488 479 489 490 491 492 493 318 372 319 462 494 460 495 264 496 497 498 499 500 501 502 503 234 504 505 506 507 508 509 263 249 510 247 511 512 464 513 514 441 515 516 517 372 518 519 520 521 522 523 524 403 525 526 527 528 529 530 404 524 531 532 466 284 533 529 336 254 421 255 268 274 362 534 535 222 519 536 358 246 537 538 539 334 540 418 288 528 541 523 403 288 337 529 292 291 416 286 281 542 269 355 466 227 543 229 342 544 213 215 545 265 546 442 547 267 548 549 550 496 551 70 72 73 552 553 253 554 501 555 426 556 434 242 557 558 559 560 561 509 470 469 561 562 559 563 555 562 564 565 468 566 567 491 305 371 401 
						71 568 70 569 570 571 549 572 209 58 573 135 574 575 173 146 152 114 101 146 145 576 70 568 577 578 579 580 581 582 583 584 585 586 587 588 589 590 591 592 593 594 595 596 597 598 599 600 601 602 603 604 605 606 607 608 609 610 611 612 589 601 613 608 590 596 613 603 614 579 615 590 590 597 596 616 617 618 619 620 621 622 623 577 624 625 626 612 627 628 629 580 630 631 628 627 632 583 633 634 583 585 591 635 601 636 611 637 582 638 639 639 640 582 641 625 642 643 614 644 630 632 645 642 646 636 577 647 648 649 650 651 644 652 643 653 654 655 656 618 617 657 658 659 660 635 607 655 654 661 637 652 662 609 596 663 659 627 657 582 632 580 612 646 624 633 645 632 658 649 651 657 664 665 666 605 650 667 603 668 669 670 671 672 673 674 622 579 589 675 623 628 
						656 595 676 626 627 624 677 637 662 643 610 622 626 678 664 679 680 681 600 682 604 683 684 685 686 687 677 685 688 621 689 690 691 692 693 694 695 691 692 677 644 696 697 698 699 641 693 700 701 702 703 704 701 703 705 698 706 700 707 708 709 710 711 712 713 714 583 715 633 716 717 718 668 602 719 720 721 689 722 723 724 694 642 636 725 726 727 723 708 707 728 725 727 729 730 731 704 732 733 677 734 686 735 736 737 738 739 740 696 614 667 691 724 723 702 668 703 741 715 735 720 734 742 743 744 745 746 747 748 715 744 735 697 733 706 716 734 702 701 699 717 742 718 749 687 636 637 633 750 751 745 752 634 753 735 737 686 689 695 754 722 755 695 694 687 756 757 726 758 759 760 761 762 763 691 707 692 703 719 704 764 742 749 719 660 732 760 705 758 754 765 728 
						766 594 767 768 769 757 770 771 730 772 773 774 775 776 777 778 779 780 779 777 780 781 782 783 784 785 786 787 788 789 790 791 771 792 774 793 504 778 503 794 795 796 797 731 798 799 800 773 801 407 802 803 804 805 806 807 808 809 810 811 812 810 813 814 815 816 817 818 819 816 820 814 821 822 823 824 825 826 827 828 829 830 831 832 833 834 835 810 836 837 838 839 840 841 811 812 842 798 843 844 845 846 837 847 848 849 850 851 852 853 854 855 856 815 857 858 859 860 861 862 863 841 864 865 866 820 867 868 869 870 871 872 871 873 874 875 876 877 866 878 879 880 881 882 883 884 881 885 823 886 887 888 889 890 891 892 893 894 895 896 897 898 899 900 901 902 903 904 905 906 907 872 908 909 874 910 911 912 913 914 915 916 917 918 860 919 920 921 850 921 918 922 
						923 868 924 925 926 927 928 911 929 930 883 880 931 924 932 933 934 883 868 935 936 937 938 939 940 941 942 943 944 945 946 947 948 936 949 856 950 951 944 952 912 953 954 942 955 932 867 956 878 957 879 951 954 955 958 959 960 961 912 914 917 852 962 913 947 963 869 936 964 945 960 959 955 965 951 890 966 887 955 967 968 951 969 944 786 970 784 942 971 967 972 959 938 949 815 856 973 865 816 974 816 815 975 811 976 977 978 979 980 981 982 734 667 702 983 984 985 610 628 623 982 986 987 988 986 989 926 990 927 936 991 964 939 958 957 992 993 994 995 996 997 998 999 1000 1001 1002 1003 996 1004 997 622 613 643 1005 872 909 1006 1007 983 988 1008 1009 877 1010 875 1011 944 969 851 1012 847 1013 1014 921 1015 1009 1008 1010 1016 1015 1017 917 962 1014 1018 860 1019 948 912 810 848 813 
						829 1020 827 1021 1022 1023 916 1024 853 1024 863 853 1025 1026 1027 1023 463 1021 853 864 854 1028 945 959 836 851 837 1029 1030 1031 1032 1033 1034 863 975 976 1035 1036 1037 970 1038 784 1039 1040 1041 514 1042 442 901 1043 1044 823 822 886 1045 833 835 1046 1036 1047 1048 1049 1050 1051 878 1052 1053 1054 978 1055 1056 1057 1058 1053 978 840 990 1059 919 862 1005 1060 840 1059 1030 828 1061 908 874 928 1062 1052 865 819 1063 817 1064 1065 808 1066 1067 1068 979 1054 1069 839 927 840 850 922 1012 926 915 917 861 872 862 1070 802 791 1071 843 795 1072 1073 1074 1075 796 903 490 1076 1077 1078 1079 1080 1081 1082 1035 1021 1083 1057 1084 904 800 781 818 1085 1086 1087 1088 1089 1090 1091 1003 1043 1001 1091 1092 1093 1093 1080 1079 1094 1095 1096 1097 1098 1099 1100 1101 905 1102 1099 1002 1103 1104 947 831 1105 1106 1107 1108 1109 1110 1111 1112 1113 1114 1115 1116 1117 999 
						1118 1119 1117 1120 1121 1095 878 937 939 1088 1122 899 1123 1106 1105 907 1124 1125 1078 1096 1126 1127 1128 514 1129 522 1082 514 513 1130 1131 1132 1047 911 1133 1058 929 1058 977 1134 404 302 302 531 275 1135 1136 1137 423 1138 421 1139 243 1138 243 1140 1138 1138 255 421 485 1141 483 1142 1143 1141 1144 1145 1137 1145 1146 1147 255 1148 253 1140 535 1148 1149 1148 535 1150 253 1148 1151 1152 1153 1153 452 453 1154 1155 512 1156 540 1155 1157 1158 1147 1124 1159 1125 994 1160 1161 880 1162 930 783 1163 1164 1164 1031 1030 1061 1164 1030 1165 783 1164 1166 1167 1168 1168 1074 1073 1169 1170 1171 1170 1172 1173 819 1165 1174 1174 1061 827 827 1175 1174 1174 1176 819 885 1177 1178 1179 1180 1177 1181 1182 1183 1184 1000 1182 1185 1186 1187 1187 1161 1160 1188 1189 1190 0 1191 1 3 89 4 6 80 7 2 1192 9 10 65 11 13 1193 14 17 1194 18 1194 1195 1196 1196 1195 1197 
						1195 1198 1199 1199 1200 1201 1200 1202 1201 1202 1203 1201 1201 1204 1205 1205 1206 1201 1206 1197 1195 1201 1206 1195 1197 1207 1208 1208 1209 1210 1210 1211 1212 1212 1213 1214 1214 1196 1210 1196 1215 1194 1194 1215 18 1215 1216 1217 1217 1218 1219 1219 1220 1217 1220 1221 1217 1221 1222 1223 1223 1224 1215 1224 18 1215 18 1225 1226 1226 1227 1228 1228 1229 16 16 1230 17 1195 1199 1201 1196 1197 1210 1197 1208 1210 1210 1212 1214 1215 1217 1223 1221 1223 1217 18 1226 1228 1228 16 18 19 77 20 22 85 23 25 97 26 28 46 29 32 161 33 161 163 33 163 1231 33 33 1232 31 34 1233 35 37 74 38 40 106 41 43 1193 13 45 29 46 48 63 6 49 73 50 52 166 53 10 80 55 56 1234 57 21 65 10 46 28 59 60 120 61 63 23 64 65 104 66 67 475 68 70 73 49 26 38 74 75 96 76 21 20 78 80 10 12 55 75 77 
						77 76 81 82 87 83 85 22 86 38 26 88 80 6 64 22 28 30 4 89 88 24 40 42 91 105 92 4 128 94 89 3 39 95 82 96 97 102 88 85 87 82 99 1235 52 52 54 99 54 100 99 100 1236 98 20 81 101 90 88 102 65 21 79 42 41 44 91 1193 43 93 92 60 28 22 24 63 48 106 108 1237 109 109 1238 1239 1238 1240 1239 1240 168 1241 1241 1242 1240 1242 1239 1240 1239 107 109 110 201 111 113 150 76 114 152 115 117 83 118 120 474 121 122 188 123 125 187 116 127 94 128 23 85 95 130 158 131 135 573 133 573 1243 133 1243 1244 1245 1245 133 1243 124 1246 136 9 1192 66 137 178 138 130 132 140 142 117 143 114 186 145 148 1247 1248 1248 1249 148 1249 149 148 149 1250 1251 1250 1234 1251 1234 56 1251 1251 147 149 86 118 83 150 113 151 153 177 154 156 176 157 
						111 1252 159 159 1253 1254 1254 1255 159 1255 112 159 122 128 4 151 169 115 158 157 160 119 156 155 161 167 162 42 13 15 15 14 47 1256 53 165 53 166 165 166 1257 164 167 1241 168 169 190 170 171 187 125 150 146 81 45 160 157 129 128 122 115 170 126 173 575 174 29 157 176 177 202 143 84 113 96 175 174 138 179 208 180 142 84 83 141 153 155 182 574 183 129 136 185 30 176 118 186 114 116 142 144 169 90 103 188 189 1246 124 144 203 190 191 1258 192 119 118 176 140 132 194 117 119 154 196 228 197 201 110 1259 110 1260 1259 1259 199 201 144 143 202 158 130 155 204 212 205 171 172 193 194 137 139 207 230 208 209 572 210 198 197 205 213 544 214 216 424 217 219 252 220 222 535 223 225 1261 226 211 210 228 229 543 230 233 1262 231 232 1263 233 204 206 234 238 1264 1265 
						1264 1266 1267 1267 1268 1264 1268 1265 1264 237 396 238 1265 236 238 239 1269 240 242 224 223 527 1270 1271 527 1271 1272 1273 1274 246 1275 1273 246 246 527 244 527 1272 244 245 1275 246 247 1276 248 217 332 250 251 358 252 253 553 254 256 1277 257 1278 1279 1280 262 508 263 265 545 266 268 362 269 271 498 272 274 302 275 277 311 278 280 429 281 283 532 284 286 542 287 289 417 290 283 285 289 293 306 294 296 300 297 299 316 300 301 1134 302 295 294 303 305 324 306 307 1281 308 298 297 310 309 308 312 278 420 314 304 303 316 317 387 318 320 327 321 323 388 324 304 451 325 326 447 327 330 1282 328 328 1283 329 217 350 331 333 359 334 336 529 337 339 216 218 241 240 341 1284 1285 345 1285 343 345 348 1286 346 346 1287 347 349 353 350 291 290 352 221 220 323 284 466 355 357 519 358 359 333 360 
						362 274 276 364 433 365 366 454 367 339 340 369 293 295 325 372 519 357 362 363 374 375 415 322 377 1288 313 378 1289 379 381 377 326 313 1288 382 309 382 386 376 435 387 220 390 388 358 536 389 252 389 390 218 250 391 392 398 393 395 238 396 398 1290 399 319 446 400 354 323 305 402 541 403 113 84 142 23 63 40 399 1290 405 1261 225 409 225 407 409 407 1291 408 410 296 298 412 406 405 414 1292 361 320 322 415 416 291 353 258 412 413 285 419 417 418 449 282 285 284 356 311 310 420 421 1293 422 351 350 217 425 1294 426 280 365 428 369 437 428 430 1295 431 370 369 365 322 321 435 436 1151 384 369 340 391 353 352 331 440 1296 438 1296 1297 438 441 514 442 385 384 444 446 319 372 326 313 312 400 375 376 278 315 448 277 411 298 364 280 282 450 299 296 299 450 451 452 510 249 
						380 367 454 457 1298 455 1298 1299 455 379 1289 458 460 467 461 463 1023 427 368 511 464 465 270 269 394 395 397 64 95 75 459 458 461 468 565 469 1300 1301 1302 1300 1302 473 1303 472 471 472 1300 473 474 68 475 273 1304 476 477 564 478 480 494 481 483 1305 484 486 560 487 479 478 489 491 567 492 318 1306 372 462 481 494 495 262 264 497 272 498 500 566 501 503 235 234 1307 1308 426 426 505 507 505 1309 1310 505 1310 506 507 1307 426 508 1311 509 511 1154 512 1312 1313 1314 372 1306 518 1315 1316 1035 1035 522 521 522 1129 1317 442 1318 1319 442 1319 1320 522 1317 520 1129 442 1321 1322 1315 1035 1323 1322 1035 442 1320 1324 442 1324 1321 1325 1323 1035 521 1325 1035 1129 1321 1317 523 1326 524 1327 1270 527 527 426 1328 426 1308 1329 426 1329 1328 526 1327 527 1328 525 527 528 288 529 404 403 524 532 465 466 533 530 529 
						254 1293 421 268 301 274 534 1149 535 519 518 536 1330 1309 505 246 1274 1331 246 1331 1332 1330 505 538 505 246 538 246 1332 537 539 335 334 418 286 288 541 1333 523 288 287 337 292 289 291 286 282 281 269 374 355 227 226 543 342 341 544 215 214 545 267 266 548 550 495 496 70 576 72 552 1334 553 554 502 501 426 527 556 242 243 557 559 487 560 509 1311 470 561 563 562 563 554 555 564 477 565 566 500 567 305 293 371 71 1335 568 569 1143 570 549 548 572 58 57 573 574 182 575 146 150 152 101 81 146 577 648 578 580 1336 581 583 640 584 586 598 587 589 579 590 592 1337 593 595 663 596 598 586 599 601 635 602 604 682 605 607 635 608 610 652 611 589 591 601 608 591 590 613 601 603 579 578 615 590 615 597 616 1338 617 621 688 619 688 1339 619 1339 1340 1341 1341 619 1339 622 610 623 
						624 646 625 612 624 627 629 1336 580 631 675 628 632 640 583 634 752 583 591 608 635 636 646 611 582 581 638 639 584 640 641 678 625 643 613 614 630 580 632 642 625 646 577 623 647 649 666 650 644 662 652 653 681 654 656 676 618 657 665 658 660 602 635 654 1342 661 661 1343 1344 1344 1345 661 1345 655 661 637 611 652 609 608 596 659 631 627 582 640 632 612 611 646 633 751 645 658 665 649 657 626 664 666 606 605 667 614 603 669 763 670 673 1346 1347 1347 1348 673 1348 674 673 674 1349 1350 1349 1351 1350 1351 683 1350 1350 672 674 622 577 579 675 647 623 656 663 595 626 657 627 677 687 637 643 652 610 626 625 678 681 653 1352 653 1353 1352 1352 679 681 600 599 682 683 1351 684 686 695 687 685 684 688 689 721 690 692 707 693 695 689 691 677 662 644 697 706 698 641 642 693 701 716 702 
						704 697 701 705 1354 698 700 693 707 710 766 711 766 767 711 767 1355 711 711 1356 709 713 1357 669 669 671 713 671 714 713 714 1358 712 583 752 715 716 701 717 668 603 602 720 764 721 722 1359 723 694 693 642 725 756 726 723 1359 708 728 765 725 729 770 730 704 719 732 677 696 734 735 744 736 739 1360 740 740 1361 1362 1361 1363 1362 1363 593 1337 1337 1364 1363 1364 1362 1363 1362 738 740 696 644 614 691 690 724 702 667 668 741 750 715 720 686 734 743 736 744 746 769 747 715 752 744 697 704 733 716 742 734 701 697 699 742 716 718 687 694 636 633 715 750 745 744 752 753 741 735 686 720 689 754 1359 722 695 692 694 756 768 757 758 1365 759 1366 670 762 670 763 762 763 1367 761 691 723 707 703 668 719 764 720 742 719 602 660 760 1354 705 754 755 765 766 592 594 768 747 769 770 790 771 
						772 799 773 775 1368 776 778 1369 779 779 775 777 781 1370 782 784 1180 785 789 1371 787 787 1372 788 790 1070 791 792 772 774 504 1369 778 794 1071 795 797 729 731 799 1084 800 801 1291 407 1373 805 1374 805 985 803 1374 805 804 985 984 1375 1375 1376 985 1376 803 985 1377 1378 1057 808 1379 1380 808 1380 1381 1382 1377 1057 807 1382 1057 1057 808 807 808 1381 806 809 1383 810 812 811 810 814 855 815 817 1085 818 816 865 820 821 1384 822 824 1385 825 827 1061 828 832 805 1373 1373 830 832 833 876 834 810 1383 836 838 1386 839 841 976 811 842 797 798 846 1387 844 845 1388 846 837 851 847 849 920 850 852 916 853 855 991 856 857 992 858 860 1018 861 863 976 841 865 1052 866 867 924 868 870 1389 871 871 1389 873 875 834 876 866 1052 878 880 883 881 883 934 884 885 1178 823 887 966 888 890 1004 891 1390 1391 895 
						1391 893 895 1392 1393 1394 899 1122 900 902 1075 903 905 1101 906 872 871 908 874 873 910 912 948 913 915 1395 916 918 1014 860 920 1013 921 921 1014 918 923 1396 868 925 1397 926 928 874 911 930 933 883 931 923 924 933 1398 934 868 1396 935 937 972 938 940 1399 941 943 950 944 946 1162 947 936 935 949 950 1400 951 952 1019 912 954 940 942 932 924 867 878 939 957 951 1400 954 958 938 959 961 953 912 917 916 852 913 948 947 869 868 936 945 1011 960 955 968 965 890 892 966 955 942 967 951 965 969 942 941 971 972 1028 959 949 974 815 973 1062 865 974 973 816 975 809 811 977 1058 978 980 1006 981 734 696 667 983 1007 984 610 612 628 982 981 986 988 987 986 926 1017 990 936 856 991 939 938 958 992 857 993 995 1123 996 998 1116 999 1001 1102 1002 996 891 1004 622 589 613 1005 862 872 1006 980 1007 
						988 989 1008 877 1401 1010 1011 945 944 851 850 1012 1013 1402 1014 1015 1016 1009 1010 1401 1016 1017 926 917 1014 1402 1018 1019 946 948 810 837 848 829 1403 1020 1021 1404 1022 916 1395 1024 1024 1405 863 1025 1406 1026 853 863 864 1028 943 945 836 849 851 1029 1407 1030 1408 1409 1034 1409 1032 1034 863 1405 975 1035 1047 1036 970 1410 1038 1021 1411 1412 1021 1412 1041 1413 1040 1414 1040 1021 1041 1414 1040 1039 514 1415 1416 514 1416 1417 1418 1318 442 1419 1418 442 514 1417 1420 514 1420 1421 1422 1419 442 1423 1422 442 514 1421 1424 1042 1423 442 514 1424 1042 901 900 1043 1045 1185 833 1425 1426 1427 1051 1428 878 1053 1429 1054 1430 1411 1021 1057 1378 1431 1057 1431 1432 1430 1021 1056 1021 1057 1056 1057 1432 1055 1058 1133 1053 840 927 990 919 860 862 1060 838 840 1030 1407 828 908 871 874 1062 1051 1052 819 1176 1063 1040 1413 1433 1040 1433 1064 1434 1379 808 1435 1434 808 
						808 1040 1064 1065 1435 808 1067 1173 1436 1173 1172 1436 1436 1437 1067 1437 1438 1067 1438 1439 1067 1439 1440 1067 1440 1068 1067 1068 1441 1066 1441 1442 1066 1442 1443 1066 1443 1444 1066 1444 1445 1066 1445 1370 781 1066 1445 781 979 978 1054 839 925 927 850 921 922 926 1397 915 861 870 872 1070 801 802 1071 842 843 1072 1446 1073 1075 794 796 490 489 1076 1078 1126 1079 1021 463 1083 1084 902 904 781 783 818 1086 1447 1087 1089 1107 1090 1003 1044 1043 1091 1090 1092 1093 1092 1080 1094 1120 1095 1097 1448 1098 1100 1449 1101 1102 1097 1099 947 880 1103 880 882 1450 880 1450 1103 1104 963 947 831 830 1105 1107 1089 1108 1110 1451 1111 1113 1166 1114 1116 1118 1117 1118 1452 1119 1120 1453 1121 878 1428 937 1088 1087 1122 1123 995 1106 907 906 1124 1078 1094 1096 1047 1454 1455 1047 1455 1456 1047 1456 1457 1047 1457 1458 1459 1047 1458 1459 1458 1127 1460 1415 514 1461 1460 514 514 1459 1127 
						1128 1461 514 522 1035 1082 1082 547 1129 547 442 1129 1130 1046 1047 1047 1462 1130 1462 514 1130 1463 1454 1047 1035 1316 1464 1035 1464 1465 1466 1463 1047 1467 1466 1047 1035 1465 1468 1035 1468 1469 1132 1467 1047 1035 1469 1047 1469 1131 1047 911 910 1133 929 911 1058 1134 402 404 302 404 531 1470 242 1471 242 558 1471 1471 1472 1470 1472 1473 1470 1473 1474 1470 1474 1475 1470 1475 1476 1470 1470 1476 1135 1476 1477 1135 1477 1478 1135 1478 1479 1135 1479 1480 1135 1480 1136 1135 1136 1144 1137 423 1139 1138 1139 557 243 243 223 1140 1138 1140 255 485 1142 1141 1142 570 1143 1144 1481 1145 1145 1481 1146 255 1140 1148 1140 223 535 1149 1150 1148 1150 552 253 1151 436 1152 1153 1152 452 1154 1156 1155 1156 539 540 1146 1157 1147 1157 1482 1158 1482 1483 1158 1483 1484 1158 1484 1485 1158 1485 1486 1158 1486 1487 1488 1487 1489 1488 1486 1488 1158 1489 1490 1488 1490 1491 1488 1491 1492 1488 1492 1493 1488 
						1493 422 1293 1493 1293 1488 1124 1494 1159 994 993 1160 880 947 1162 783 782 1163 1164 1163 1031 1061 1165 1164 1165 818 783 1166 1113 1167 1168 1167 1074 1169 1495 1170 1170 1495 1172 819 818 1165 1174 1165 1061 827 1020 1175 1174 1175 1176 885 1179 1177 1179 785 1180 1181 1184 1182 1184 998 1000 1185 1045 1186 1187 1186 1161 1496 1497 1498 1497 1169 1171 1498 1497 1171 1190 1407 1499 1407 1029 1499 1500 1496 1498 1190 1499 1501 1500 1498 1502 1498 1190 1503 1504 1498 1503 1504 1502 1498 1505 1503 1190 1189 1506 1190 1506 1505 1190 1501 1188 1190 
					</p>
				</polylist>
			</mesh>
		</geometry>
		<geometry id="meshId1" name="meshId1_name" >
			<mesh>
				<source id="meshId1-positions" name="meshId1-positions">
					<float_array id="meshId1-positions-array" count="309"> 
						0.250894 -0.066324 0.427966 0.248435 -0.135775 0.414432 0.252028 -0.066324 0.414504 0.240525 -0.251403 0.099729 0.242319 -0.264639 0.166908 0.238925 -0.264639 0.099729 0.255503 -0.135775 0.303644 0.255707 -0.066324 0.370823 0.252108 -0.135775 0.370823 0.255503 -0.135775 0.166908 0.250636 -0.205226 0.235177 0.249504 -0.205226 0.166908 0.253168 0.000000 0.414573 0.241296 -0.205226 0.427966 0.237035 -0.251432 0.414313 0.242442 -0.205226 0.414361 0.260234 -0.066324 0.235375 0.260248 0.000000 0.303644 0.259102 -0.066324 0.303644 0.256853 0.000000 0.370823 0.235943 -0.251441 0.427964 0.235322 -0.258281 0.426196 0.245062 -0.251314 0.235177 0.249504 -0.205226 0.303644 0.243925 -0.251358 0.303644 0.243925 -0.251358 0.166908 0.243451 -0.264639 0.235177 0.246109 -0.205226 0.370823 0.240525 -0.251403 0.370823 0.252108 -0.135775 0.099729 0.246109 -0.205226 0.099729 0.237035 -0.251432 0.056239 0.235489 -0.264636 0.056253 0.252040 -0.000000 0.042586 0.252028 -0.066324 0.056048 0.250894 -0.066324 0.042586 0.235322 -0.258281 0.044356 0.235943 -0.251441 0.042588 0.247295 -0.135775 0.042586 0.242442 -0.205226 0.056191 0.241296 -0.205226 0.042586 0.256853 -0.000000 0.099729 0.259102 -0.066324 0.166908 0.255707 -0.066324 0.099729 0.256634 -0.135775 0.235177 0.248435 -0.135775 0.056119 0.260248 0.000000 0.166908 0.253168 -0.000000 0.055979 0.247295 -0.135775 0.427966 0.252040 0.000000 0.427966 0.238925 -0.264639 0.370823 0.235489 -0.264636 0.414299 0.242319 -0.264639 0.303644 0.242319 0.264639 0.166908 0.240525 0.251403 0.099729 0.238925 0.264639 0.099729 0.240525 0.251403 0.370823 0.242442 0.205226 0.414361 0.246109 0.205226 0.370823 0.248435 0.135775 0.414432 0.250894 0.066324 0.427966 0.247295 0.135775 0.427966 0.243451 0.264639 0.235177 0.243925 0.251358 0.166908 
						0.255707 0.066324 0.370823 0.255503 0.135775 0.303644 0.252108 0.135775 0.370823 0.252028 0.066324 0.414504 0.241296 0.205226 0.427966 0.237035 0.251432 0.414313 0.235943 0.251441 0.427964 0.249504 0.205226 0.166908 0.252108 0.135775 0.099729 0.246109 0.205226 0.099729 0.250636 0.205226 0.235177 0.255503 0.135775 0.166908 0.259102 0.066324 0.303644 0.261380 -0.000000 0.235375 0.260234 0.066324 0.235177 0.245062 0.251314 0.235177 0.249504 0.205226 0.303644 0.237035 0.251432 0.056239 0.235489 0.264636 0.056253 0.256634 0.135775 0.235177 0.252028 0.066324 0.056048 0.247295 0.135775 0.042586 0.242442 0.205226 0.056191 0.248435 0.135775 0.056119 0.259102 0.066324 0.166908 0.235943 0.251441 0.042588 0.235322 0.258281 0.044356 0.255707 0.066324 0.099729 0.241296 0.205226 0.042586 0.243925 0.251359 0.303644 0.235322 0.258281 0.426196 0.238925 0.264639 0.370823 0.235489 0.264636 0.414299 0.250894 0.066324 0.042586 0.242319 0.264639 0.303644 0.235158 -0.262848 0.421520 0.235158 -0.262848 0.049032 0.235158 0.262848 0.049032 0.235158 0.262848 0.421520 
					</float_array>
					<technique_common>
						<accessor count="103" offset="0" source="#meshId1-positions-array" stride="3">
							<param name="X" type="float" />
							<param name="Y" type="float" />
							<param name="Z" type="float" />
						</accessor>
					</technique_common>
				</source>
				<source id="meshId1-normals" name="meshId1-normals">
					<float_array id="meshId1-normals-array" count="309"> 
						0.977151 0.077490 0.197915 0.996515 -0.012848 0.082414 0.991974 -0.091763 0.086989 0.980385 -0.183979 -0.070685 0.911999 -0.408753 -0.034332 0.909372 -0.407248 -0.084800 0.997044 -0.069528 0.032709 0.997148 -0.034435 0.067157 0.995297 -0.068969 0.068029 0.997154 -0.067967 -0.032630 0.994676 -0.103049 -0.000024 0.994154 -0.102873 -0.032773 0.999690 -0.003324 0.024662 0.961814 -0.191328 0.195725 0.999367 -0.035153 0.005451 0.984617 -0.157739 0.075152 0.999404 -0.034508 0.000033 0.999422 0.000001 0.034006 0.998827 -0.034979 0.033482 0.997740 0.000000 0.067197 0.937462 -0.046511 0.344966 0.954019 -0.291600 0.069410 0.982841 -0.184455 -0.000024 0.994106 -0.103056 0.033652 0.997924 -0.055185 0.033191 0.982313 -0.184274 -0.033219 0.912667 -0.408703 0.000013 0.992509 -0.102489 0.066489 0.992235 -0.124372 -0.000817 0.995422 -0.067944 -0.067218 0.992509 -0.102489 -0.066489 0.969272 -0.191828 -0.153993 0.900345 -0.394110 -0.184541 0.930183 -0.038572 -0.365064 0.989078 -0.034336 -0.143340 0.927198 -0.036892 -0.372750 0.878420 -0.311272 -0.362613 0.921082 -0.192165 -0.338645 0.933831 -0.041524 -0.355297 0.984686 -0.102767 -0.140829 0.937479 -0.083123 -0.337969 0.997740 0.000000 -0.067197 0.998867 -0.034470 -0.032804 0.997148 -0.034435 -0.067157 0.997646 -0.068570 -0.000019 0.987707 -0.065771 -0.141803 0.999455 0.000000 -0.033018 0.989738 -0.003277 -0.142854 0.957609 -0.162892 0.237595 0.993711 -0.038572 0.105122 0.948932 -0.233682 0.211944 0.932021 -0.360785 -0.034221 0.956751 -0.265287 -0.119374 0.912000 0.408754 -0.034308 0.980385 0.183979 -0.070693 0.909372 0.407245 -0.084817 0.996811 0.053202 0.059474 0.994780 0.099223 0.023828 0.992521 0.102423 0.066419 0.988217 0.126840 0.085664 0.964798 -0.108606 0.239520 0.947483 0.189184 0.257847 0.912667 0.408703 -0.000016 0.982314 0.184274 -0.033215 
						0.997148 0.034435 0.067157 0.996988 0.069645 0.034141 0.995453 0.068555 0.066139 0.992031 0.094123 0.083757 0.948060 0.202501 0.245306 0.981493 0.191483 0.002388 0.954711 0.029735 0.296044 0.994167 0.102828 -0.032535 0.995447 0.067471 -0.067322 0.992521 0.102423 -0.066419 0.994676 0.103049 -0.000024 0.997154 0.067968 -0.032629 0.998859 0.034016 0.033510 1.000000 -0.000006 0.000034 0.999404 0.034519 -0.000034 0.982841 0.184455 0.000001 0.994092 0.103324 0.033260 0.968708 0.195698 -0.152669 0.899934 0.395273 -0.184059 0.997663 0.068322 0.000000 0.989527 0.030891 -0.141001 0.941956 0.062594 -0.329850 0.984439 0.107334 -0.139138 0.987970 0.067241 -0.139265 0.998872 0.034466 -0.032677 0.916411 0.232091 -0.326076 0.876829 0.330891 -0.348828 0.997148 0.034435 -0.067157 0.935578 0.136690 -0.325591 0.997924 0.055185 0.033192 0.983647 0.030223 0.177554 0.947814 0.237615 0.212576 0.988124 0.153656 0.001049 0.938963 -0.005720 -0.343972 0.992722 0.117106 0.028103 0.933659 -0.357896 -0.013860 0.869353 -0.396215 -0.295362 0.869027 0.400057 -0.291114 0.990197 0.075543 0.117489 
					</float_array>
					<technique_common>
						<accessor count="103" offset="0" source="#meshId1-normals-array" stride="3">
							<param name="X" type="float" />
							<param name="Y" type="float" />
							<param name="Z" type="float" />
						</accessor>
					</technique_common>
				</source>
				<source id="meshId1-tangents" name="meshId1-tangents">
					<float_array id="meshId1-tangents-array" count="309"> 
						-0.074679 0.996973 -0.021643 0.013165 0.999908 -0.003306 0.091628 0.995778 0.005552 0.183893 0.982915 -0.007788 0.408564 0.912642 -0.012660 0.406249 0.913286 -0.029514 0.069545 0.997579 0.000613 0.034480 0.999405 0.000491 0.069049 0.997613 0.001167 0.067982 0.997686 -0.000630 0.103049 0.994676 -0.000006 0.102885 0.994692 -0.001325 0.003323 0.999994 0.000083 0.190975 0.981373 0.020852 0.035138 0.999378 0.002831 0.157673 0.987468 0.006851 0.034508 0.999404 0.000061 -0.000000 1.000000 -0.000020 0.034987 0.999388 0.000352 0.000000 1.000000 -0.000000 0.056090 0.998267 -0.017832 0.291207 0.956527 0.015952 0.184455 0.982841 -0.000009 0.103070 0.994673 0.001323 0.055224 0.998474 -0.000252 0.184241 0.982873 -0.004087 0.408703 0.912667 -0.000004 0.102564 0.994724 0.002294 0.124374 0.992230 0.003137 0.068024 0.997683 -0.001101 0.102564 0.994724 -0.002298 0.191773 0.981319 -0.015353 0.390210 0.918861 -0.058574 0.035888 0.999256 -0.014136 0.034613 0.999401 -0.000563 0.038837 0.999243 -0.002292 0.303127 0.949522 -0.080766 0.192718 0.980721 -0.032338 0.047078 0.998867 0.006998 0.103398 0.994636 -0.002847 0.088946 0.996035 0.001749 -0.000000 1.000000 -0.000001 0.034479 0.999405 -0.000275 0.034480 0.999405 -0.000492 0.068570 0.997646 -0.000066 0.066308 0.997799 -0.000946 -0.000000 1.000000 -0.000001 0.003243 0.999995 -0.000468 0.161771 0.986528 0.024346 0.038358 0.999256 0.004061 0.233046 0.972053 0.028340 0.360817 0.932621 -0.005461 0.265305 0.964031 -0.016033 -0.408566 0.912641 0.012639 -0.183893 0.982916 0.007783 -0.406246 0.913287 0.029513 -0.053344 0.998576 0.000801 -0.099191 0.995065 -0.002516 -0.102498 0.994731 -0.002293 -0.126767 0.991912 -0.006322 0.103491 0.994054 0.033866 -0.186948 0.981802 -0.033395 -0.408703 0.912667 -0.000003 -0.184241 0.982873 0.004075 
						-0.034480 0.999405 -0.000493 -0.069663 0.997570 -0.000686 -0.068630 0.997642 -0.001142 -0.093988 0.995558 -0.005564 -0.201722 0.979026 -0.028575 -0.191475 0.981492 -0.003457 -0.037430 0.999092 0.020358 -0.102840 0.994697 0.001315 -0.067552 0.997715 0.001066 -0.102498 0.994731 0.002289 -0.103049 0.994676 -0.000003 -0.067984 0.997686 0.000625 -0.034027 0.999421 -0.000241 0.000006 1.000000 -0.000021 -0.034519 0.999404 0.000017 -0.184455 0.982841 -0.000006 -0.103336 0.994646 -0.001340 -0.195594 0.980557 0.015851 -0.391364 0.918363 0.058684 -0.068322 0.997663 -0.000002 -0.031192 0.999513 0.000076 -0.066172 0.997808 0.000380 -0.107902 0.994156 0.003477 -0.067741 0.997702 0.001154 -0.034476 0.999405 0.000272 -0.230321 0.972092 0.044609 -0.321924 0.942921 0.085234 -0.034480 0.999405 0.000491 -0.139135 0.990146 0.015884 -0.055223 0.998474 0.000241 -0.032766 0.999398 0.011404 -0.236881 0.971097 -0.029299 -0.153652 0.988120 -0.003322 0.001447 0.999919 -0.012678 -0.117101 0.993118 -0.001840 0.357927 0.933749 -0.000224 0.386357 0.917577 -0.093706 -0.390258 0.915925 0.093700 -0.076235 0.997089 0.001407 
					</float_array>
					<technique_common>
						<accessor count="103" offset="0" source="#meshId1-tangents-array" stride="3">
							<param name="X" type="float" />
							<param name="Y" type="float" />
							<param name="Z" type="float" />
						</accessor>
					</technique_common>
				</source>
				<source id="meshId1-bitangents" name="meshId1-bitangents">
					<float_array id="meshId1-bitangents-array" count="309"> 
						-0.198993 0.006368 0.979980 -0.082364 0.004380 0.996593 -0.087131 0.002463 0.996194 0.070911 -0.005363 0.997468 0.036507 -0.002481 0.999330 0.089466 -0.007611 0.995961 -0.032673 0.001663 0.999465 -0.067134 0.001826 0.997742 -0.067948 0.003536 0.997683 0.032597 -0.001590 0.999467 0.000024 0.000003 1.000000 0.032736 -0.002055 0.999462 -0.024662 -0.000001 0.999696 -0.196069 0.017323 0.980437 -0.005547 -0.002638 0.999981 -0.075291 0.005104 0.997148 -0.000035 -0.000060 1.000000 -0.034006 0.000020 0.999422 -0.033474 0.000820 0.999439 -0.067197 0.000000 0.997740 -0.343538 0.036066 0.938446 -0.071044 0.004994 0.997461 0.000025 0.000005 1.000000 -0.033609 0.002154 0.999433 -0.033127 0.002085 0.999449 0.033403 -0.002106 0.999440 -0.000010 0.000010 1.000000 -0.066374 0.004543 0.997784 0.000420 -0.003214 0.999995 0.067137 -0.003476 0.997738 0.066374 -0.004538 0.997784 0.154062 -0.014651 0.987953 0.192652 -0.019273 0.981078 0.365338 0.000047 0.930875 0.143274 -0.004405 0.989673 0.372552 -0.012352 0.927929 0.369449 -0.038971 0.928433 0.338331 -0.035477 0.940358 0.354604 -0.023261 0.934727 0.140366 -0.011758 0.990030 0.336484 -0.031700 0.941155 0.067197 0.000001 0.997740 0.032794 -0.000856 0.999462 0.067134 -0.001825 0.997742 0.000024 0.000064 1.000000 0.141553 -0.008468 0.989894 0.033018 0.000001 0.999455 0.142855 -0.000000 0.989744 -0.238360 0.015122 0.971059 -0.105201 -0.000003 0.994451 -0.212643 0.022500 0.976871 0.033886 -0.007257 0.999399 0.119334 -0.016331 0.992720 0.036477 0.002491 0.999331 0.070917 0.005370 0.997468 0.089482 0.007618 0.995959 -0.059346 -0.003971 0.998230 -0.023961 0.000140 0.999713 -0.066304 -0.004532 0.997789 -0.085773 -0.004612 0.996304 -0.241774 -0.007885 0.970301 -0.259472 -0.016562 0.965608 0.000014 0.000009 1.000000 0.033397 0.002117 0.999440 
						-0.067134 -0.001824 0.997742 -0.034106 -0.001694 0.999417 -0.066062 -0.003402 0.997810 -0.083909 -0.002352 0.996471 -0.245947 -0.022393 0.969025 -0.003006 0.002936 0.999991 -0.295170 -0.030517 0.954957 0.032498 0.002039 0.999470 0.067240 0.003486 0.997731 0.066304 0.004536 0.997789 0.000023 0.000006 1.000000 0.032596 0.001595 0.999467 -0.033499 -0.000900 0.999438 -0.000034 0.000021 1.000000 0.000034 -0.000016 1.000000 -0.000002 0.000006 1.000000 -0.033220 -0.002105 0.999446 0.152802 0.014506 0.988150 0.192229 0.019223 0.981162 -0.000000 0.000002 1.000000 0.140935 0.004323 0.990009 0.329150 0.021469 0.944033 0.138698 0.011590 0.990267 0.139022 0.008294 0.990255 0.032667 0.000855 0.999466 0.327329 0.034221 0.944291 0.357120 0.037561 0.933303 0.067134 0.001826 0.997742 0.324554 0.030441 0.945377 -0.033128 -0.002073 0.999449 -0.177102 -0.017035 0.984045 -0.213394 -0.022585 0.976705 -0.001547 0.003121 0.999994 0.344016 0.011406 0.938894 -0.028125 -0.001464 0.999603 0.013022 -0.004752 0.999904 0.308146 -0.032652 0.950779 0.304124 0.032182 0.952089 -0.117041 -0.010350 0.993073 
					</float_array>
					<technique_common>
						<accessor count="103" offset="0" source="#meshId1-bitangents-array" stride="3">
							<param name="X" type="float" />
							<param name="Y" type="float" />
							<param name="Z" type="float" />
						</accessor>
					</technique_common>
				</source>
				<source id="meshId1-tex0" name="meshId1-tex0">
					<float_array id="meshId1-tex0-array" count="206"> 
						0.374969 0.726394 0.244020 0.700915 0.375028 0.700939 0.025605 0.108010 0.000910 0.234668 0.000485 0.107931 0.244687 0.492026 0.375220 0.618418 0.244385 0.618524 0.244688 0.235006 0.113714 0.363329 0.113591 0.234876 0.500000 0.701037 0.112556 0.726743 0.025054 0.701225 0.112707 0.701020 0.375430 0.363702 0.500000 0.491942 0.375380 0.491961 0.500000 0.618386 0.024885 0.727030 0.011935 0.723726 0.026325 0.363328 0.113590 0.492155 0.026111 0.492315 0.026113 0.234714 0.001038 0.363328 0.113194 0.618741 0.025602 0.619021 0.244386 0.108507 0.113196 0.108290 0.025058 0.025807 0.000006 0.025750 0.500000 0.000668 0.375029 0.026094 0.374969 0.000638 0.011939 0.003306 0.024889 0.000002 0.243908 0.000530 0.112709 0.026012 0.112558 0.000289 0.500000 0.108646 0.375380 0.235071 0.375221 0.108614 0.244781 0.363330 0.244022 0.026117 0.500000 0.235090 0.500000 0.025996 0.243907 0.726503 0.500000 0.726364 0.000482 0.619100 0.000002 0.701282 0.000908 0.492362 0.999092 0.234671 0.974398 0.108011 0.999518 0.107932 0.974395 0.619022 0.887291 0.701020 0.886804 0.618742 0.755978 0.700915 0.625031 0.726394 0.756091 0.726502 0.998962 0.363331 0.973889 0.234717 
						0.624779 0.618418 0.755312 0.492026 0.755614 0.618525 0.624971 0.700939 0.887442 0.726743 0.974942 0.701225 0.975111 0.727030 0.886410 0.234878 0.755615 0.108508 0.886806 0.108291 0.886286 0.363331 0.755313 0.235006 0.624620 0.491961 0.500000 0.363702 0.624570 0.363330 0.973674 0.363331 0.886408 0.492156 0.974946 0.025807 0.999998 0.025750 0.755218 0.363331 0.624972 0.026093 0.756093 0.000529 0.887293 0.026012 0.755980 0.026117 0.624620 0.235071 0.975115 0.000002 0.988065 0.003306 0.624780 0.108615 0.887444 0.000289 0.973887 0.492318 0.988061 0.723726 0.999514 0.619101 0.999994 0.701282 0.625031 0.000638 0.999090 0.492364 0.003321 0.714915 0.003325 0.012117 0.996679 0.012117 0.996675 0.714915 
					</float_array>
					<technique_common>
						<accessor count="103" offset="0" source="#meshId1-tex0-array" stride="2">
							<param name="S" type="float" />
							<param name="T" type="float" />
						</accessor>
					</technique_common>
				</source>
				<source id="meshId1-color0" name="meshId1-color0">
					<float_array id="meshId1-color0-array" count="309"> 
						1.000000 0.000000 0.999940 1.000000 0.000000 0.999940 1.000000 0.000000 0.999940 1.000000 0.000000 0.999940 1.000000 0.000000 0.999940 1.000000 0.000000 0.999940 1.000000 0.000000 0.999940 1.000000 0.000000 0.999940 1.000000 0.000000 0.999940 1.000000 0.000000 0.999940 1.000000 0.000000 0.999940 1.000000 0.000000 0.999940 1.000000 0.000000 0.999940 1.000000 0.000000 0.999940 1.000000 0.000000 0.999940 1.000000 0.000000 0.999940 1.000000 0.000000 0.999940 1.000000 0.000000 0.999940 1.000000 0.000000 0.999940 1.000000 0.000000 0.999940 1.000000 0.000000 0.999940 1.000000 0.000000 0.999940 1.000000 0.000000 0.999940 1.000000 0.000000 0.999940 1.000000 0.000000 0.999940 1.000000 0.000000 0.999940 1.000000 0.000000 0.999940 1.000000 0.000000 0.999940 1.000000 0.000000 0.999940 1.000000 0.000000 0.999940 1.000000 0.000000 0.999940 1.000000 0.000000 0.999940 1.000000 0.000000 0.999940 1.000000 0.000000 0.999940 1.000000 0.000000 0.999940 1.000000 0.000000 0.999940 1.000000 0.000000 0.999940 1.000000 0.000000 0.999940 1.000000 0.000000 0.999940 1.000000 0.000000 0.999940 1.000000 0.000000 0.999940 1.000000 0.000000 0.999940 1.000000 0.000000 0.999940 1.000000 0.000000 0.999940 1.000000 0.000000 0.999940 1.000000 0.000000 0.999940 1.000000 0.000000 0.999940 1.000000 0.000000 0.999940 1.000000 0.000000 0.999940 1.000000 0.000000 0.999940 1.000000 0.000000 0.999940 1.000000 0.000000 0.999940 1.000000 0.000000 0.999940 1.000000 0.000000 0.999940 1.000000 0.000000 0.999940 1.000000 0.000000 0.999940 1.000000 0.000000 0.999940 1.000000 0.000000 0.999940 1.000000 0.000000 0.999940 1.000000 0.000000 0.999940 1.000000 0.000000 0.999940 1.000000 0.000000 0.999940 1.000000 0.000000 0.999940 1.000000 0.000000 0.999940 
						1.000000 0.000000 0.999940 1.000000 0.000000 0.999940 1.000000 0.000000 0.999940 1.000000 0.000000 0.999940 1.000000 0.000000 0.999940 1.000000 0.000000 0.999940 1.000000 0.000000 0.999940 1.000000 0.000000 0.999940 1.000000 0.000000 0.999940 1.000000 0.000000 0.999940 1.000000 0.000000 0.999940 1.000000 0.000000 0.999940 1.000000 0.000000 0.999940 1.000000 0.000000 0.999940 1.000000 0.000000 0.999940 1.000000 0.000000 0.999940 1.000000 0.000000 0.999940 1.000000 0.000000 0.999940 1.000000 0.000000 0.999940 1.000000 0.000000 0.999940 1.000000 0.000000 0.999940 1.000000 0.000000 0.999940 1.000000 0.000000 0.999940 1.000000 0.000000 0.999940 1.000000 0.000000 0.999940 1.000000 0.000000 0.999940 1.000000 0.000000 0.999940 1.000000 0.000000 0.999940 1.000000 0.000000 0.999940 1.000000 0.000000 0.999940 1.000000 0.000000 0.999940 1.000000 0.000000 0.999940 1.000000 0.000000 0.999940 1.000000 0.000000 0.999940 1.000000 0.000000 0.999940 1.000000 0.000000 0.999940 1.000000 0.000000 0.999940 1.000000 0.000000 0.999940 1.000000 0.000000 0.999940 
					</float_array>
					<technique_common>
						<accessor count="103" offset="0" source="#meshId1-color0-array" stride="3">
							<param name="R" type="float" />
							<param name="G" type="float" />
							<param name="B" type="float" />
						</accessor>
					</technique_common>
				</source>
				<vertices id="meshId1-vertices">
					<input semantic="POSITION" source="#meshId1-positions" />
				</vertices>
				<polylist count="164" material="defaultMaterial">
					<input offset="0" semantic="VERTEX" source="#meshId1-vertices" />
					<input offset="0" semantic="NORMAL" source="#meshId1-normals" />
					<input offset="0" semantic="TANGENT" source="#meshId1-tangents" />
					<input offset="0" semantic="BINORMAL" source="#meshId1-bitangents" />
					<input offset="0" semantic="TEXCOORD" source="#meshId1-tex0" set="0" />
					<input offset="0" semantic="COLOR" source="#meshId1-color0" set="0" />
					<vcount>
						3 3 3 3 3 3 3 3 3 3 3 3 3 3 3 3 3 3 3 3 3 3 3 3 3 3 3 3 3 3 3 3 3 3 3 3 3 3 3 3 3 3 3 3 3 3 3 3 3 3 3 3 3 3 3 3 3 3 3 3 3 3 3 3 
						3 3 3 3 3 3 3 3 3 3 3 3 3 3 3 3 3 3 3 3 3 3 3 3 3 3 3 3 3 3 3 3 3 3 3 3 3 3 3 3 3 3 3 3 3 3 3 3 3 3 3 3 3 3 3 3 3 3 3 3 3 3 3 3 
						3 3 3 3 3 3 3 3 3 3 3 3 3 3 3 3 3 3 3 3 3 3 3 3 3 3 3 3 3 3 3 3 3 3 3 3 
					</vcount>
					<p>
						0 1 2 3 4 5 6 7 8 9 10 11 7 12 2 13 14 15 16 17 18 18 19 7 14 20 21 22 23 24 25 26 4 24 27 28 28 15 14 8 2 1 29 11 30 31 5 32 33 34 35 6 16 18 36 37 31 38 39 40 25 30 11 41 42 43 42 44 9 34 29 45 22 11 10 46 16 42 40 31 37 47 43 34 48 15 1 49 2 12 43 9 29 50 14 51 10 6 23 35 45 38 23 8 27 26 24 52 45 30 39 3 39 30 52 28 50 53 54 55 56 57 58 59 58 57 60 59 61 62 63 53 64 65 66 12 64 67 68 69 70 71 72 73 74 75 71 76 77 78 79 80 74 55 81 82 67 66 59 76 83 65 33 84 47 85 86 87 83 88 75 72 84 87 54 86 81 63 73 54 79 71 63 19 76 64 81 89 90 88 41 91 
						78 46 88 92 81 86 93 58 80 61 57 68 94 70 69 91 47 84 75 91 72 49 67 60 69 95 96 66 80 58 97 87 84 93 62 98 65 74 80 73 87 86 56 98 95 27 1 15 0 48 1 3 25 4 6 18 7 9 44 10 7 19 12 13 20 14 16 77 17 18 17 19 21 99 14 99 51 14 22 10 23 25 22 26 24 23 27 28 27 15 8 7 2 29 9 11 31 3 5 33 47 34 6 44 16 32 100 31 100 36 31 38 45 39 25 3 30 41 46 42 42 16 44 34 43 29 22 25 11 46 77 16 40 39 31 47 41 43 48 13 15 49 0 2 43 42 9 50 28 14 10 44 6 35 34 45 23 6 8 26 22 24 45 29 30 3 31 39 52 24 28 53 63 54 56 69 57 59 66 58 60 67 59 62 79 63 64 76 65 12 19 64 
						68 57 69 71 75 72 74 83 75 76 17 77 79 93 80 55 54 81 67 64 66 76 78 83 33 97 84 85 92 86 83 78 88 72 91 84 54 73 86 63 71 73 79 74 71 19 17 76 90 101 81 101 82 81 88 46 41 78 77 46 92 89 81 93 56 58 61 59 57 96 102 69 102 94 69 91 41 47 75 88 91 49 12 67 69 56 95 66 65 80 97 85 87 93 79 62 65 83 74 73 72 87 56 93 98 27 8 1 
					</p>
				</polylist>
			</mesh>
		</geometry>
		<geometry id="meshId2" name="meshId2_name" >
			<mesh>
				<source id="meshId2-positions" name="meshId2-positions">
					<float_array id="meshId2-positions-array" count="492"> 
						0.225060 -0.252018 0.033609 0.199097 -0.204232 0.036713 0.230533 -0.204232 0.033386 0.225060 -0.252018 0.436943 0.232577 -0.261259 0.431110 0.233513 -0.251780 0.433661 0.200367 -0.274677 0.235177 0.231075 -0.274677 0.303644 0.199235 -0.274677 0.303644 0.250894 -0.066324 0.427966 0.249640 0.000000 0.433704 0.248495 -0.066256 0.433704 0.195840 -0.274677 0.099729 0.224299 -0.274677 0.056758 0.227675 -0.274677 0.099729 0.238905 -0.205036 0.433705 0.236507 -0.135072 0.437164 0.230533 -0.204232 0.437166 0.241296 -0.205226 0.427966 0.244899 -0.135641 0.433704 0.235322 -0.258281 0.426196 0.235943 -0.251441 0.427964 0.223909 -0.263347 0.036710 0.193624 -0.252018 0.036935 0.238905 -0.205036 0.036847 0.235943 -0.251441 0.042588 0.233513 -0.251780 0.036890 0.192458 -0.263347 0.040037 0.223632 -0.271641 0.045183 0.192149 -0.271641 0.048512 0.238925 -0.264639 0.370823 0.239690 -0.270539 0.303644 0.242319 -0.264639 0.303644 0.236294 -0.270539 0.370823 0.192149 -0.271641 0.422040 0.224299 -0.274677 0.413794 0.223632 -0.271641 0.425369 0.232864 -0.270538 0.056132 0.235489 -0.264636 0.056253 0.236294 -0.270539 0.099729 0.238925 -0.264639 0.099729 0.239690 -0.270539 0.166908 0.235322 -0.258281 0.044356 0.248495 -0.066257 0.036848 0.241228 -0.000000 0.033390 0.249640 0.000000 0.036848 0.199235 -0.274677 0.166908 0.231075 -0.274677 0.166908 0.247295 -0.135775 0.042586 0.244899 -0.135641 0.036848 0.235158 -0.262848 0.049032 0.232577 -0.261259 0.039442 0.232341 -0.268017 0.046351 0.240088 -0.065972 0.437162 0.232209 -0.274677 0.235177 0.240822 -0.270539 0.235177 0.235158 -0.262848 0.421520 0.247295 -0.135775 0.427966 0.223909 -0.263347 0.433842 0.232341 -0.268017 0.424201 0.235489 -0.264636 0.414299 0.232864 -0.270538 0.414420 0.241296 -0.205226 0.042586 0.236507 -0.135072 0.033388 
						0.241228 0.000000 0.437162 0.243451 -0.264639 0.235177 0.250894 -0.066324 0.042586 0.227675 -0.274677 0.370823 0.195840 -0.274677 0.370823 0.208652 -0.065972 0.036717 0.240088 -0.065972 0.033390 0.209792 -0.000000 0.036717 0.205071 -0.135072 0.036715 0.193624 -0.252018 0.433617 0.192458 -0.263347 0.430515 0.192775 -0.274677 0.410462 0.242319 -0.264639 0.166908 0.199097 -0.204232 0.433839 0.199097 0.204232 0.036713 0.225060 0.252018 0.033609 0.230533 0.204232 0.033386 0.242319 0.264639 0.303644 0.240822 0.270539 0.235177 0.239690 0.270539 0.303644 0.244899 0.135641 0.433704 0.240088 0.065972 0.437162 0.248495 0.066257 0.433704 0.232209 0.274677 0.235177 0.231075 0.274677 0.303644 0.230533 0.204232 0.437166 0.205071 0.135072 0.433837 0.236507 0.135072 0.437163 0.195840 0.274677 0.099729 0.224299 0.274677 0.056758 0.192775 0.274677 0.060090 0.209792 0.000000 0.433835 0.208652 0.065972 0.433835 0.192458 0.263347 0.040037 0.223632 0.271641 0.045183 0.223909 0.263347 0.036710 0.235943 0.251441 0.042588 0.238905 0.205036 0.036847 0.233513 0.251780 0.036890 0.193624 0.252018 0.036935 0.223909 0.263347 0.036710 0.232577 0.261259 0.431110 0.225060 0.252018 0.436943 0.233513 0.251780 0.433661 0.200367 0.274677 0.235177 0.250894 0.066324 0.427966 0.238905 0.205036 0.433705 0.241296 0.205226 0.427966 0.247295 0.135775 0.427966 0.232864 0.270538 0.056132 0.232341 0.268017 0.046351 0.227675 0.274677 0.099729 0.236294 0.270539 0.099729 0.236294 0.270539 0.370823 0.227675 0.274677 0.370823 0.199235 0.274677 0.166908 0.242319 0.264639 0.166908 0.243451 0.264639 0.235177 0.248495 0.066257 0.036848 0.240088 0.065972 0.033390 0.235158 0.262848 0.049032 0.235489 0.264636 0.056253 0.224299 0.274677 0.413794 0.192149 0.271641 0.422039 
						0.223632 0.271641 0.425369 0.235158 0.262848 0.421520 0.232864 0.270538 0.414420 0.232341 0.268017 0.424201 0.223909 0.263347 0.433842 0.232577 0.261259 0.039442 0.247295 0.135775 0.042586 0.244899 0.135641 0.036848 0.235322 0.258281 0.426196 0.235322 0.258281 0.044356 0.239690 0.270539 0.166908 0.236507 0.135072 0.033388 0.192149 0.271641 0.048512 0.231075 0.274677 0.166908 0.238925 0.264639 0.099729 0.235322 0.258281 0.044356 0.199235 0.274677 0.303644 0.241296 0.205226 0.042586 0.235943 0.251441 0.427964 0.238925 0.264639 0.370823 0.250894 0.066324 0.042586 0.235489 0.264636 0.414299 0.232577 0.261259 0.039442 0.208652 0.065972 0.036717 0.192458 0.263347 0.430515 0.205071 0.135072 0.036715 0.193624 0.252018 0.433617 0.195840 0.274677 0.370823 0.199097 0.204232 0.433839 0.208652 -0.065972 0.433835 0.205071 -0.135072 0.433837 0.252040 0.000000 0.427966 0.192775 -0.274677 0.060090 0.252040 -0.000000 0.042586 0.192458 0.263347 0.040037 0.192775 0.274677 0.410462 
					</float_array>
					<technique_common>
						<accessor count="164" offset="0" source="#meshId2-positions-array" stride="3">
							<param name="X" type="float" />
							<param name="Y" type="float" />
							<param name="Z" type="float" />
						</accessor>
					</technique_common>
				</source>
				<source id="meshId2-normals" name="meshId2-normals">
					<float_array id="meshId2-normals-array" count="492"> 
						0.251583 -0.228006 -0.940595 0.061065 -0.062931 -0.996148 0.237713 -0.056478 -0.969692 -0.001911 -0.035426 0.999370 0.592313 -0.460096 0.661420 0.615980 -0.050918 0.786114 0.179936 -0.983678 0.000004 0.219023 -0.966337 0.134988 0.179128 -0.983764 0.010989 0.977151 0.077490 0.197915 0.753965 -0.109951 0.647648 0.779511 -0.018219 0.626123 0.173748 -0.982849 -0.061807 0.329137 -0.915558 -0.231134 0.341188 -0.937236 -0.071968 0.675811 0.038435 0.736072 0.131430 -0.107036 0.985530 0.048288 0.070844 0.996318 0.961814 -0.191328 0.195725 0.681065 -0.047877 0.730656 0.954019 -0.291600 0.069410 0.937462 -0.046511 0.344966 0.280998 -0.526060 -0.802684 0.070499 -0.236806 -0.968996 0.725256 -0.033537 -0.687662 0.921082 -0.192165 -0.338645 0.708998 -0.173323 -0.683579 0.097192 -0.547803 -0.830942 0.310670 -0.797824 -0.516683 0.132200 -0.836659 -0.531530 0.948932 -0.233682 0.211944 0.714404 -0.699567 -0.015265 0.956751 -0.265287 -0.119374 0.745425 -0.666589 0.000529 0.132200 -0.836659 0.531530 0.289057 -0.957307 -0.003142 0.090343 -0.784729 0.613220 0.678876 -0.700049 -0.221493 0.900345 -0.394110 -0.184541 0.686932 -0.720959 -0.091343 0.909372 -0.407248 -0.084800 0.690640 -0.722567 -0.030234 0.878420 -0.311272 -0.362613 0.625401 -0.028203 -0.779793 0.217368 -0.024936 -0.975771 0.645589 -0.108079 -0.755999 0.179127 -0.983764 -0.010994 0.346292 -0.937967 -0.017296 0.933831 -0.041524 -0.355297 0.677070 0.020428 -0.735635 0.869353 -0.396215 -0.295362 0.680448 -0.410482 -0.607038 0.670943 -0.611814 -0.418950 0.164030 -0.094289 0.981939 0.347190 -0.937795 -0.000006 0.691652 -0.722231 0.000166 0.933659 -0.357896 -0.013860 0.957609 -0.162892 0.237595 -0.021051 -0.461244 0.887024 0.643465 -0.680984 0.349589 0.932021 -0.360785 -0.034221 0.712218 -0.699852 0.054337 0.937479 -0.083123 -0.337969 0.224914 -0.005115 -0.974365 
						0.167422 -0.074556 0.983062 0.912667 -0.408703 0.000013 0.927198 -0.036892 -0.372750 0.100737 -0.994120 -0.039727 0.173742 -0.982849 0.061823 0.061880 -0.002190 -0.998081 0.213066 -0.010189 -0.976985 0.062024 -0.000008 -0.998075 0.061034 -0.010448 -0.998081 0.070500 -0.236804 0.968996 0.097192 -0.547803 0.830942 0.159003 -0.960819 0.227037 0.911999 -0.408753 -0.034332 0.061073 -0.062916 0.996149 0.061072 0.062916 -0.996148 0.251296 0.256717 -0.933245 0.239475 0.092971 -0.966441 0.992722 0.117106 0.028103 0.691652 0.722231 -0.000166 0.722378 0.688602 0.063220 0.652605 0.088059 0.752563 0.137660 0.074705 0.987658 0.702345 0.133068 0.699289 0.347190 0.937795 0.000067 0.098589 0.995125 -0.002658 0.111350 0.118599 0.986679 0.061034 0.010448 0.998081 0.137632 -0.072170 0.987851 0.173742 0.982849 -0.061823 0.329210 0.915452 -0.231451 0.159003 0.960819 -0.227037 0.062024 0.000008 0.998075 0.061880 0.002190 0.998081 0.097192 0.547803 -0.830943 0.311333 0.798639 -0.515023 0.282516 0.536465 -0.795229 0.916411 0.232091 -0.326076 0.716846 0.181267 -0.673256 0.707296 0.283308 -0.647664 0.070500 0.236804 -0.968996 0.282516 0.536465 -0.795229 0.651785 0.371431 0.661223 0.008237 0.053191 0.998550 0.634842 0.165075 0.754802 0.179936 0.983678 0.000004 0.964798 -0.108606 0.239520 0.676678 0.109249 0.728129 0.948060 0.202501 0.245306 0.947483 0.189184 0.257847 0.679052 0.699702 -0.222047 0.671811 0.612418 -0.416670 0.341187 0.937236 -0.071971 0.686932 0.720958 -0.091343 0.688049 0.725654 0.003760 0.102602 0.993754 -0.043890 0.179127 0.983764 -0.010994 0.912000 0.408754 -0.034308 0.912667 0.408703 -0.000016 0.699297 -0.084427 -0.709828 0.231756 -0.017159 -0.972623 0.869027 0.400057 -0.291114 0.899934 0.395273 -0.184059 0.298756 0.954322 0.003800 0.132199 0.836659 0.531530 
						0.110545 0.777480 0.619116 0.990197 0.075543 0.117489 0.751439 0.647394 0.127359 0.624189 0.659255 0.419250 0.060876 0.626010 0.777435 0.685650 0.442735 -0.577815 0.941956 0.062594 -0.329850 0.729028 0.049432 -0.682697 0.983647 0.030223 0.177554 0.876829 0.330891 -0.348828 0.690602 0.722602 -0.030240 0.239650 0.020062 -0.970652 0.132200 0.836659 -0.531530 0.346291 0.937968 -0.017310 0.909372 0.407245 -0.084817 0.876829 0.330891 -0.348828 0.179127 0.983764 0.010989 0.935578 0.136690 -0.325591 0.954711 0.029735 0.296044 0.947814 0.237615 0.212576 0.938963 -0.005720 -0.343972 0.988124 0.153656 0.001049 0.685650 0.442735 -0.577815 0.061880 0.002189 -0.998081 0.097191 0.547804 0.830942 0.061034 0.010449 -0.998081 0.070499 0.236806 0.968996 0.173748 0.982849 0.061807 0.061065 0.062931 0.996148 0.061881 -0.002189 0.998081 0.061033 -0.010449 0.998081 0.993711 -0.038572 0.105122 0.159003 -0.960819 -0.227037 0.930183 -0.038572 -0.365064 0.097192 0.547803 -0.830943 0.159003 0.960819 0.227037 
					</float_array>
					<technique_common>
						<accessor count="164" offset="0" source="#meshId2-normals-array" stride="3">
							<param name="X" type="float" />
							<param name="Y" type="float" />
							<param name="Z" type="float" />
						</accessor>
					</technique_common>
				</source>
				<source id="meshId2-tangents" name="meshId2-tangents">
					<float_array id="meshId2-tangents-array" count="492"> 
						-0.126032 -0.971297 0.201738 -0.104346 -0.992944 0.056332 -0.107053 -0.993750 0.031636 0.106786 0.993651 0.035428 0.081725 0.850993 0.518780 0.032160 0.998702 0.039488 0.000023 0.000008 1.000000 -0.061661 0.124363 0.990319 -0.034784 0.004830 0.999383 -0.074568 0.996969 -0.022189 0.083179 0.993937 0.071907 0.027761 0.999600 -0.005474 0.073648 -0.049618 0.996049 0.098600 -0.210112 0.972693 0.081421 -0.046808 0.995580 0.029005 0.996479 -0.078664 0.081517 0.991954 0.096862 0.096447 0.992490 -0.075247 0.191449 0.981329 0.018478 0.069493 0.997582 0.000591 0.217362 0.832455 0.509678 0.013880 0.995239 0.096466 -0.072778 -0.845655 0.528744 -0.112830 -0.967072 0.228127 -0.071826 -0.997048 -0.027126 -0.150579 -0.977858 0.145328 -0.112437 -0.984710 0.133058 -0.063937 -0.836607 0.544060 0.033842 -0.533952 0.844837 0.024721 -0.533287 0.845573 -0.209472 0.035645 0.977165 -0.005551 -0.027481 0.999607 0.112599 -0.040660 0.992808 -0.029105 -0.031755 0.999072 -0.024721 0.533287 0.845573 -0.024113 -0.010561 0.999654 -0.033258 0.613017 0.789369 0.127239 -0.184931 0.974480 0.132036 -0.156677 0.978784 0.096648 -0.033944 0.994740 0.088114 -0.010648 0.996053 0.038350 -0.005155 0.999251 -0.092328 -0.855025 0.510302 -0.038636 -0.999240 0.005154 -0.005354 -0.999689 0.024354 -0.069885 -0.994142 0.082445 0.034808 -0.004830 0.999382 0.035487 -0.005326 0.999356 -0.047510 -0.998838 -0.008137 -0.023766 -0.998486 -0.049602 0.057368 -0.512717 0.856639 -0.068691 -0.860467 0.504854 0.052367 -0.524490 0.849805 0.048812 0.994978 0.087387 0.000023 0.000003 1.000000 -0.000102 0.000132 1.000000 0.179888 0.435116 0.882221 0.162078 0.986508 0.023095 0.063399 0.884819 0.461602 0.015535 0.468219 0.883476 0.066807 0.078236 0.994694 -0.006578 0.070751 0.997472 -0.089705 -0.995961 -0.003875 -0.066246 -0.997753 -0.010054 
						0.012311 0.997217 0.073533 -0.000008 0.000014 1.000000 -0.039025 -0.999237 0.001823 -0.059952 -0.045923 0.997144 -0.073651 0.049634 0.996048 -0.034902 -0.999391 0.000029 -0.034931 -0.999386 0.002805 -0.000000 -1.000000 0.000008 -0.070062 -0.997524 0.006158 0.112830 0.967072 0.228125 0.063937 0.836607 0.544059 -0.080999 0.216492 0.972919 0.036910 -0.001581 0.999317 0.104345 0.992945 0.056316 0.104345 -0.992945 -0.056316 0.134088 -0.964122 -0.229105 0.115897 -0.991025 -0.066618 0.028368 -0.000591 -0.999597 -0.000127 -0.000108 -1.000000 0.061595 0.026985 -0.997736 -0.096887 0.994768 -0.032382 -0.043873 0.996633 -0.069269 -0.111306 0.990818 -0.076751 0.000002 0.000071 -1.000000 0.032960 -0.005934 -0.999439 -0.111820 0.988043 -0.106143 -0.070062 0.997524 -0.006158 -0.057752 0.995060 0.080743 -0.073651 -0.049634 -0.996048 -0.098720 -0.210403 -0.972618 -0.080999 -0.216492 -0.972919 -0.000001 1.000000 -0.000008 -0.034902 0.999391 -0.000029 0.004897 -0.835148 -0.550003 -0.033211 -0.532482 -0.845789 -0.033502 -0.822977 -0.567086 0.189083 -0.969105 -0.158377 0.178859 -0.981109 -0.073714 0.196665 -0.958871 -0.204667 0.112830 -0.967072 -0.228125 0.183619 -0.843915 -0.504075 -0.026007 0.882294 -0.469979 -0.105771 0.993029 -0.052024 -0.105452 0.986280 -0.127007 -0.000023 0.000009 -1.000000 0.103363 0.994049 0.034381 -0.127915 0.991335 -0.029864 -0.202309 0.978970 -0.026259 -0.187285 0.981780 -0.032141 -0.127668 -0.185306 -0.974352 -0.050717 -0.523168 -0.850719 -0.081422 -0.046811 -0.995580 -0.096648 -0.033944 -0.994740 0.036595 -0.029523 -0.998894 0.059448 -0.050170 -0.996970 -0.034808 -0.004830 -0.999382 -0.036889 -0.001571 -0.999318 -0.000019 0.000002 -1.000000 -0.041340 -0.996115 0.077752 0.028585 -0.999292 0.024441 -0.052423 -0.510624 -0.858205 -0.131453 -0.156533 -0.978886 0.024709 -0.003755 -0.999688 0.024721 0.533287 -0.845573 
						0.037733 0.619202 -0.784325 0.065049 0.494959 -0.866478 0.062328 0.122514 -0.990508 0.034569 0.512793 -0.857816 -0.075755 0.779531 -0.621766 -0.058433 -0.757739 -0.649936 0.066583 -0.997781 0.000799 0.068256 -0.997668 0.000650 0.060650 0.872661 -0.484546 -0.010301 -0.712418 -0.701680 -0.038356 -0.005161 -0.999251 0.069383 -0.997584 -0.003488 -0.024721 -0.533287 -0.845573 -0.035492 -0.005339 -0.999356 -0.088130 -0.010655 -0.996052 0.224939 -0.923533 -0.310627 0.034784 0.004830 -0.999383 0.139881 -0.990073 -0.013708 -0.000602 0.995184 -0.098019 0.209998 0.036416 -0.977023 -0.001283 -0.999913 0.013125 -0.016944 0.115741 -0.993135 0.244784 -0.887783 -0.389773 0.034901 -0.999391 -0.000028 -0.063937 0.836607 -0.544060 0.070062 -0.997524 -0.006159 -0.112830 0.967072 -0.228127 0.073648 0.049618 -0.996049 -0.104346 0.992944 -0.056332 0.034902 0.999391 0.000028 0.070062 0.997524 0.006159 0.038357 0.999256 0.004072 0.080999 -0.216491 0.972919 -0.035902 -0.999256 0.014099 0.133757 -0.834511 -0.534510 0.080999 0.216491 -0.972919 
					</float_array>
					<technique_common>
						<accessor count="164" offset="0" source="#meshId2-tangents-array" stride="3">
							<param name="X" type="float" />
							<param name="Y" type="float" />
							<param name="Z" type="float" />
						</accessor>
					</technique_common>
				</source>
				<source id="meshId2-bitangents" name="meshId2-bitangents">
					<float_array id="meshId2-bitangents-array" count="492"> 
						-0.959595 0.067791 -0.273098 -0.992665 0.100504 -0.067201 -0.965418 0.096288 -0.242273 -0.994280 0.106787 0.001884 -0.801553 -0.253226 0.541655 -0.787105 0.000957 0.616819 -0.983678 -0.179936 0.000024 -0.973770 -0.225226 -0.032347 -0.983211 -0.179399 -0.033354 -0.199035 0.006924 0.979968 -0.651627 -0.000344 0.758539 -0.625773 0.021649 0.779705 -0.982032 -0.177614 0.063764 -0.939120 -0.342939 0.021118 -0.936462 -0.345539 0.060341 -0.736504 0.074512 0.672317 -0.987968 0.067607 0.139097 -0.994166 0.099725 0.041092 -0.195606 0.019699 0.980485 -0.728918 0.050373 0.682746 -0.206403 -0.471155 0.857561 -0.347810 -0.085645 0.933645 -0.956945 -0.090158 -0.275913 -0.991110 0.093249 -0.094897 -0.684722 0.069065 -0.725524 -0.359074 -0.082866 -0.929623 -0.696189 -0.017479 -0.717646 -0.993210 0.000250 -0.116336 -0.949915 -0.279951 -0.138883 -0.990915 -0.124925 -0.049817 -0.235900 -0.971660 -0.015125 -0.699712 -0.714038 -0.023516 -0.268233 -0.963312 -0.009030 -0.665953 -0.744749 -0.043072 -0.990915 -0.124925 0.049817 -0.957008 -0.288881 -0.026136 -0.995355 -0.091708 0.029283 -0.723145 -0.689733 -0.036472 -0.414662 -0.905610 -0.089027 -0.720267 -0.692146 0.046362 -0.406544 -0.913256 0.026201 -0.722181 -0.691282 0.024151 -0.468886 -0.414781 -0.779810 -0.779346 0.026905 -0.626016 -0.976075 -0.000070 -0.217434 -0.760481 -0.000393 -0.649360 -0.983210 -0.179399 0.033378 -0.937455 -0.346682 0.031442 -0.354546 0.024479 -0.934718 -0.735534 0.051068 -0.675560 -0.490851 -0.761666 -0.423002 -0.729570 -0.301829 -0.613700 -0.739658 -0.592110 -0.319864 -0.985247 0.033597 0.167808 -0.937795 -0.347190 0.000022 -0.722231 -0.691652 0.000018 -0.309713 -0.826187 0.470631 -0.238151 0.016393 0.971090 -0.997766 0.065954 0.010616 -0.765318 -0.563055 0.311862 -0.356193 -0.929362 0.097021 -0.701928 -0.710775 0.045786 -0.336282 0.033950 -0.941149 -0.972124 0.066810 -0.224747 
						-0.985808 -0.000208 0.167874 -0.408703 -0.912667 0.000010 -0.372533 0.012856 -0.927930 -0.993105 -0.098067 -0.064226 -0.982033 -0.177609 -0.063764 -0.997473 0.034833 -0.061919 -0.976413 0.033529 -0.213291 -0.998075 -0.000000 -0.062024 -0.995674 0.069552 -0.061615 -0.991110 0.093249 0.094897 -0.993210 0.000250 0.116336 -0.983950 -0.173087 -0.043403 -0.408528 -0.912644 0.013646 -0.992664 0.100504 0.067207 -0.992664 -0.100504 -0.067206 -0.958577 -0.067564 -0.276703 -0.963961 -0.096054 -0.248100 -0.117043 0.993119 -0.003908 -0.722231 0.691652 0.000017 -0.688749 0.724637 -0.022921 -0.751478 -0.051781 0.657723 -0.989507 -0.033796 0.140475 -0.703081 -0.023930 0.710707 -0.937795 0.347190 0.000023 -0.994582 0.098446 -0.033384 -0.987470 -0.098512 0.123280 -0.995674 -0.069552 0.061615 -0.988798 -0.068163 0.132784 -0.982033 0.177609 0.063764 -0.939082 0.343044 0.021107 -0.983950 0.173087 0.043403 -0.998075 -0.000000 0.062024 -0.997473 -0.034833 0.061918 -0.995254 0.049387 -0.083852 -0.949720 0.280426 -0.139256 -0.958677 0.186852 -0.214532 -0.352760 0.083483 -0.931982 -0.673900 -0.067577 -0.735726 -0.679010 0.017387 -0.733923 -0.991110 -0.093249 -0.094898 -0.941525 -0.003610 -0.336925 -0.757958 0.289129 0.584726 -0.994356 -0.105189 0.013806 -0.765412 0.001034 0.643540 -0.983678 0.179936 0.000024 -0.241829 -0.008413 0.970282 -0.725082 -0.072930 0.684789 -0.245464 -0.024733 0.969090 -0.259229 -0.017838 0.965651 -0.722903 0.689985 -0.036502 -0.738984 0.592655 -0.320410 -0.936463 0.345539 0.060341 -0.720267 0.692146 0.046362 -0.724741 0.687426 -0.046869 -0.992944 0.099682 -0.064224 -0.983210 0.179399 0.033378 -0.408529 0.912643 0.013646 -0.408703 0.912667 0.000010 -0.713635 -0.025027 -0.700070 -0.972354 -0.033467 -0.231102 -0.491980 0.761064 -0.422773 -0.415738 0.905128 -0.088909 -0.954009 0.298757 -0.024702 -0.990915 0.124924 0.049817 
						-0.993154 0.110065 0.039113 -0.123608 0.865626 0.485193 -0.656852 0.752244 0.051711 -0.780508 0.549932 0.297290 -0.995266 -0.021044 0.094878 -0.725583 0.479392 -0.493673 -0.329067 -0.022715 -0.944033 -0.681072 -0.047072 -0.730702 -0.169589 0.487391 0.856557 -0.480691 0.618847 -0.621260 -0.722217 0.691245 0.024152 -0.968377 -0.066511 -0.240462 -0.990915 0.124924 -0.049817 -0.937456 0.346682 0.031442 -0.406541 0.913257 0.026201 -0.424938 0.193902 -0.884211 -0.983211 0.179399 -0.033354 -0.324233 -0.032719 -0.945411 -0.297533 0.093402 0.950132 -0.239897 0.970677 -0.015383 -0.344017 -0.011883 -0.938888 -0.152722 0.981322 0.116970 -0.685540 0.125808 -0.717082 -0.997473 -0.034832 -0.061919 -0.993210 -0.000250 0.116335 -0.995674 -0.069552 -0.061615 -0.991110 -0.093249 0.094896 -0.982032 0.177614 -0.063764 -0.992665 -0.100504 0.067200 -0.997473 0.034833 0.061919 -0.995674 0.069552 0.061614 -0.105201 -0.000015 0.994451 -0.983950 -0.173087 0.043403 -0.365336 -0.000008 -0.930876 -0.986237 -0.059194 -0.154380 -0.983950 0.173087 -0.043403 
					</float_array>
					<technique_common>
						<accessor count="164" offset="0" source="#meshId2-bitangents-array" stride="3">
							<param name="X" type="float" />
							<param name="Y" type="float" />
							<param name="Z" type="float" />
						</accessor>
					</technique_common>
				</source>
				<source id="meshId2-tex0" name="meshId2-tex0">
					<float_array id="meshId2-tex0-array" count="328"> 
						0.278759 0.008617 0.253306 0.026047 0.253306 0.008617 0.505490 0.008617 0.499999 0.003491 0.505490 0.003491 0.392083 0.026047 0.429155 0.008617 0.429155 0.026047 0.606255 0.000002 0.642123 0.003491 0.606255 0.003491 0.318667 0.026047 0.295279 0.008617 0.318667 0.008617 0.530943 0.003491 0.568648 0.008617 0.530943 0.008617 0.530943 0.000002 0.568648 0.003491 0.499999 0.000002 0.505490 0.000002 0.284250 0.008617 0.278759 0.026047 0.253306 0.003491 0.278759 0.000002 0.278759 0.003491 0.284250 0.026047 0.289656 0.008617 0.289656 0.026047 0.465582 0.000002 0.429155 0.003491 0.429155 0.000002 0.465582 0.003491 0.494593 0.026047 0.488970 0.008617 0.494593 0.008617 0.295279 0.003491 0.295279 0.000002 0.318667 0.003491 0.318667 0.000002 0.355094 0.003491 0.284250 0.000002 0.177994 0.003491 0.142126 0.008617 0.142126 0.003491 0.355094 0.026047 0.355094 0.008617 0.215601 0.000002 0.215601 0.003491 0.289656 0.000002 0.284250 0.003491 0.289656 0.003491 0.606255 0.008617 0.392083 0.008617 0.392083 0.003491 0.494593 0.000002 0.568648 0.000002 0.499999 0.008617 0.494593 0.003491 0.488970 0.000002 0.488970 0.003491 0.253306 0.000002 0.215601 0.008617 
						0.642123 0.008617 0.392083 0.000002 0.177994 0.000002 0.465582 0.008617 0.465582 0.026047 0.177994 0.026047 0.177994 0.008617 0.142126 0.026047 0.215601 0.026047 0.505490 0.026047 0.499999 0.026047 0.488970 0.026047 0.355094 0.000002 0.530943 0.026047 0.030946 0.026047 0.005494 0.008617 0.030946 0.008617 0.855092 0.000002 0.892163 0.003491 0.855092 0.003491 0.715597 0.003491 0.677991 0.008617 0.677991 0.003491 0.892163 0.008616 0.855092 0.008616 0.753303 0.008617 0.715597 0.026047 0.715597 0.008617 0.965581 0.026047 0.988969 0.008616 0.988969 0.026047 0.642123 0.026047 0.677991 0.026047 0.999998 0.026047 0.994592 0.008616 0.999998 0.008616 0.005494 0.000002 0.030946 0.003491 0.005494 0.003491 0.005494 0.026047 0.000002 0.008617 0.784247 0.003491 0.778755 0.008617 0.778755 0.003491 0.892163 0.026047 0.677991 0.000002 0.753303 0.003491 0.753303 0.000002 0.715597 0.000002 0.988969 0.003491 0.994592 0.003491 0.965581 0.008616 0.965581 0.003491 0.818664 0.003491 0.818664 0.008616 0.929153 0.026047 0.929153 0.000002 0.892163 0.000002 0.106259 0.003491 0.106259 0.008616 0.994592 0.000002 0.988969 0.000002 0.795275 0.008617 0.789653 0.026047 
						0.789653 0.008617 0.789653 0.000002 0.795275 0.003491 0.789653 0.003491 0.784247 0.008617 0.999998 0.003491 0.068652 0.000002 0.068652 0.003491 0.784247 0.000002 0.999998 0.000002 0.929153 0.003491 0.068652 0.008617 0.994592 0.026047 0.929153 0.008616 0.965581 0.000002 0.000002 0.000002 0.855092 0.026047 0.030946 0.000002 0.778755 0.000002 0.818664 0.000002 0.106259 0.000002 0.795275 0.000002 0.000002 0.003491 0.106259 0.026047 0.784247 0.026047 0.068652 0.026047 0.778755 0.026047 0.818664 0.026047 0.753303 0.026047 0.606255 0.026047 0.568648 0.026047 0.642123 0.000002 0.295279 0.026047 0.142126 0.000002 0.000002 0.026047 0.795275 0.026047 
					</float_array>
					<technique_common>
						<accessor count="164" offset="0" source="#meshId2-tex0-array" stride="2">
							<param name="S" type="float" />
							<param name="T" type="float" />
						</accessor>
					</technique_common>
				</source>
				<source id="meshId2-color0" name="meshId2-color0">
					<float_array id="meshId2-color0-array" count="492"> 
						0.000000 0.999952 0.999940 0.000000 0.999952 0.999940 0.000000 0.999952 0.999940 0.000000 0.999952 0.999940 0.000000 0.999952 0.999940 0.000000 0.999952 0.999940 0.000000 0.999952 0.999940 0.000000 0.999952 0.999940 0.000000 0.999952 0.999940 1.000000 0.000000 0.999940 0.000000 0.999952 0.999940 0.000000 0.999952 0.999940 0.000000 0.999952 0.999940 0.000000 0.999952 0.999940 0.000000 0.999952 0.999940 0.000000 0.999952 0.999940 0.000000 0.999952 0.999940 0.000000 0.999952 0.999940 1.000000 0.000000 0.999940 0.000000 0.999952 0.999940 1.000000 0.000000 0.999940 1.000000 0.000000 0.999940 0.000000 0.999952 0.999940 0.000000 0.999952 0.999940 0.000000 0.999952 0.999940 1.000000 0.000000 0.999940 0.000000 0.999952 0.999940 0.000000 0.999952 0.999940 0.000000 0.999952 0.999940 0.000000 0.999952 0.999940 1.000000 0.000000 0.999940 0.000000 0.999952 0.999940 1.000000 0.000000 0.999940 0.000000 0.999952 0.999940 0.000000 0.999952 0.999940 0.000000 0.999952 0.999940 0.000000 0.999952 0.999940 0.000000 0.999952 0.999940 1.000000 0.000000 0.999940 0.000000 0.999952 0.999940 1.000000 0.000000 0.999940 0.000000 0.999952 0.999940 1.000000 0.000000 0.999940 0.000000 0.999952 0.999940 0.000000 0.999952 0.999940 0.000000 0.999952 0.999940 0.000000 0.999952 0.999940 0.000000 0.999952 0.999940 1.000000 0.000000 0.999940 0.000000 0.999952 0.999940 1.000000 0.000000 0.999940 0.000000 0.999952 0.999940 0.000000 0.999952 0.999940 0.000000 0.999952 0.999940 0.000000 0.999952 0.999940 0.000000 0.999952 0.999940 1.000000 0.000000 0.999940 1.000000 0.000000 0.999940 0.000000 0.999952 0.999940 0.000000 0.999952 0.999940 1.000000 0.000000 0.999940 0.000000 0.999952 0.999940 1.000000 0.000000 0.999940 0.000000 0.999952 0.999940 
						0.000000 0.999952 0.999940 1.000000 0.000000 0.999940 1.000000 0.000000 0.999940 0.000000 0.999952 0.999940 0.000000 0.999952 0.999940 0.000000 0.999952 0.999940 0.000000 0.999952 0.999940 0.000000 0.999952 0.999940 0.000000 0.999952 0.999940 0.000000 0.999952 0.999940 0.000000 0.999952 0.999940 0.000000 0.999952 0.999940 1.000000 0.000000 0.999940 0.000000 0.999952 0.999940 0.000000 0.999952 0.999940 0.000000 0.999952 0.999940 0.000000 0.999952 0.999940 1.000000 0.000000 0.999940 0.000000 0.999952 0.999940 0.000000 0.999952 0.999940 0.000000 0.999952 0.999940 0.000000 0.999952 0.999940 0.000000 0.999952 0.999940 0.000000 0.999952 0.999940 0.000000 0.999952 0.999940 0.000000 0.999952 0.999940 0.000000 0.999952 0.999940 0.000000 0.999952 0.999940 0.000000 0.999952 0.999940 0.000000 0.999952 0.999940 0.000000 0.999952 0.999940 0.000000 0.999952 0.999940 0.000000 0.999952 0.999940 0.000000 0.999952 0.999940 0.000000 0.999952 0.999940 0.000000 0.999952 0.999940 1.000000 0.000000 0.999940 0.000000 0.999952 0.999940 0.000000 0.999952 0.999940 0.000000 0.999952 0.999940 0.000000 0.999952 0.999940 0.000000 0.999952 0.999940 0.000000 0.999952 0.999940 0.000000 0.999952 0.999940 0.000000 0.999952 0.999940 1.000000 0.000000 0.999940 0.000000 0.999952 0.999940 1.000000 0.000000 0.999940 1.000000 0.000000 0.999940 0.000000 0.999952 0.999940 0.000000 0.999952 0.999940 0.000000 0.999952 0.999940 0.000000 0.999952 0.999940 0.000000 0.999952 0.999940 0.000000 0.999952 0.999940 0.000000 0.999952 0.999940 1.000000 0.000000 0.999940 1.000000 0.000000 0.999940 0.000000 0.999952 0.999940 0.000000 0.999952 0.999940 1.000000 0.000000 0.999940 1.000000 0.000000 0.999940 0.000000 0.999952 0.999940 0.000000 0.999952 0.999940 
						0.000000 0.999952 0.999940 1.000000 0.000000 0.999940 0.000000 0.999952 0.999940 0.000000 0.999952 0.999940 0.000000 0.999952 0.999940 0.000000 0.999952 0.999940 1.000000 0.000000 0.999940 0.000000 0.999952 0.999940 1.000000 0.000000 0.999940 1.000000 0.000000 0.999940 0.000000 0.999952 0.999940 0.000000 0.999952 0.999940 0.000000 0.999952 0.999940 0.000000 0.999952 0.999940 1.000000 0.000000 0.999940 1.000000 0.000000 0.999940 0.000000 0.999952 0.999940 1.000000 0.000000 0.999940 1.000000 0.000000 0.999940 1.000000 0.000000 0.999940 1.000000 0.000000 0.999940 1.000000 0.000000 0.999940 0.000000 0.999952 0.999940 0.000000 0.999952 0.999940 0.000000 0.999952 0.999940 0.000000 0.999952 0.999940 0.000000 0.999952 0.999940 0.000000 0.999952 0.999940 0.000000 0.999952 0.999940 0.000000 0.999952 0.999940 0.000000 0.999952 0.999940 1.000000 0.000000 0.999940 0.000000 0.999952 0.999940 1.000000 0.000000 0.999940 0.000000 0.999952 0.999940 0.000000 0.999952 0.999940 
					</float_array>
					<technique_common>
						<accessor count="164" offset="0" source="#meshId2-color0-array" stride="3">
							<param name="R" type="float" />
							<param name="G" type="float" />
							<param name="B" type="float" />
						</accessor>
					</technique_common>
				</source>
				<vertices id="meshId2-vertices">
					<input semantic="POSITION" source="#meshId2-positions" />
				</vertices>
				<polylist count="240" material="defaultMaterial">
					<input offset="0" semantic="VERTEX" source="#meshId2-vertices" />
					<input offset="0" semantic="NORMAL" source="#meshId2-normals" />
					<input offset="0" semantic="TANGENT" source="#meshId2-tangents" />
					<input offset="0" semantic="BINORMAL" source="#meshId2-bitangents" />
					<input offset="0" semantic="TEXCOORD" source="#meshId2-tex0" set="0" />
					<input offset="0" semantic="COLOR" source="#meshId2-color0" set="0" />
					<vcount>
						3 3 3 3 3 3 3 3 3 3 3 3 3 3 3 3 3 3 3 3 3 3 3 3 3 3 3 3 3 3 3 3 3 3 3 3 3 3 3 3 3 3 3 3 3 3 3 3 3 3 3 3 3 3 3 3 3 3 3 3 3 3 3 3 
						3 3 3 3 3 3 3 3 3 3 3 3 3 3 3 3 3 3 3 3 3 3 3 3 3 3 3 3 3 3 3 3 3 3 3 3 3 3 3 3 3 3 3 3 3 3 3 3 3 3 3 3 3 3 3 3 3 3 3 3 3 3 3 3 
						3 3 3 3 3 3 3 3 3 3 3 3 3 3 3 3 3 3 3 3 3 3 3 3 3 3 3 3 3 3 3 3 3 3 3 3 3 3 3 3 3 3 3 3 3 3 3 3 3 3 3 3 3 3 3 3 3 3 3 3 3 3 3 3 
						3 3 3 3 3 3 3 3 3 3 3 3 3 3 3 3 3 3 3 3 3 3 3 3 3 3 3 3 3 3 3 3 3 3 3 3 3 3 3 3 3 3 3 3 3 3 3 3 
					</vcount>
					<p>
						0 1 2 3 4 5 6 7 8 9 10 11 12 13 14 15 16 17 18 19 15 5 20 21 22 23 0 24 25 26 27 28 29 30 31 32 33 7 31 34 35 36 2 26 0 28 37 13 37 14 13 38 39 37 40 41 39 42 26 25 43 44 45 46 14 47 43 48 49 50 51 42 22 52 28 19 53 16 31 54 55 50 37 52 13 29 28 39 47 14 4 56 20 57 11 19 58 59 4 33 60 61 56 61 60 62 49 48 24 63 49 11 64 53 32 55 65 45 66 43 8 67 68 6 47 54 61 67 33 36 61 59 5 17 3 51 0 26 63 69 70 70 71 44 2 72 63 73 58 3 21 15 5 74 36 58 68 35 75 41 54 47 49 70 43 76 55 41 77 3 17 78 79 80 81 82 83 84 85 86 83 87 88 89 90 91 92 93 94 85 95 64 
						91 96 85 97 98 99 100 101 102 103 104 79 105 106 107 108 88 87 10 109 86 110 91 84 111 84 112 102 80 79 98 113 114 113 115 116 117 88 118 119 115 92 120 82 121 122 44 123 124 113 125 126 127 128 129 130 131 132 131 128 116 125 113 99 114 133 134 122 135 129 105 136 133 124 137 138 87 82 135 123 139 140 93 98 116 141 138 142 138 120 102 143 100 86 112 84 144 118 88 86 64 10 145 135 101 101 139 80 136 107 146 147 83 117 148 45 122 149 117 130 108 141 119 130 118 126 128 130 126 89 107 106 79 150 102 151 139 123 152 128 127 71 123 44 153 80 139 110 146 107 132 154 106 155 126 118 106 156 89 157 16 53 95 53 64 158 17 16 0 23 1 3 58 4 6 54 7 9 159 10 12 160 13 15 19 16 18 57 19 5 4 20 
						22 27 23 24 62 25 27 22 28 30 33 31 33 67 7 34 75 35 2 24 26 28 52 37 37 39 14 38 40 39 40 76 41 42 51 26 43 70 44 46 12 14 43 66 48 50 52 51 22 51 52 19 11 53 31 7 54 50 38 37 13 160 29 39 41 47 4 59 56 57 9 11 58 36 59 33 30 60 56 59 61 62 24 49 24 2 63 11 10 64 32 31 55 45 161 66 8 7 67 6 46 47 61 35 67 36 35 61 5 15 17 51 22 0 63 72 69 70 69 71 2 1 72 73 74 58 21 18 15 74 34 36 68 67 35 41 55 54 49 63 70 76 65 55 77 73 3 78 103 79 81 121 82 84 91 85 83 82 87 89 156 90 92 115 93 85 96 95 91 90 96 97 140 98 100 145 101 103 162 104 105 132 106 108 144 88 10 159 109 110 89 91 
						111 110 84 102 101 80 98 93 113 113 93 115 117 83 88 119 141 115 120 138 82 122 45 44 124 114 113 126 163 127 129 149 130 132 105 131 116 142 125 99 98 114 134 148 122 129 131 105 133 114 124 138 141 87 135 122 123 140 94 93 116 115 141 142 116 138 102 150 143 86 109 112 144 155 118 86 85 64 145 134 135 101 135 139 136 105 107 147 81 83 148 161 45 149 147 117 108 87 141 130 117 118 128 131 130 89 110 107 79 104 150 151 153 139 152 132 128 71 151 123 153 78 80 110 111 146 132 152 154 155 163 126 106 154 156 157 158 16 95 157 53 158 77 17 
					</p>
				</polylist>
			</mesh>
		</geometry>
	</library_geometries>
	<library_visual_scenes>
		<visual_scene id="RootNode" name="RootNode">
			<node id="barco_rebuildV2_low" name="barco_rebuildV2_low">
				<matrix>100.000000 0.000000 0.000000 0.000000 0.000000 -0.000016 100.000000 0.000000 0.000000 -100.000000 -0.000016 0.000000 0.000000 0.000000 0.000000 1.000000</matrix>
				<instance_geometry url="#meshId0">
					<bind_material>
						<technique_common>
							<instance_material symbol="defaultMaterial" target="#Korpus_1001" />
						</technique_common>
					</bind_material>
				</instance_geometry>
				<instance_geometry url="#meshId1">
					<bind_material>
						<technique_common>
							<instance_material symbol="defaultMaterial" target="#screenGlas_1001" />
						</technique_common>
					</bind_material>
				</instance_geometry>
				<instance_geometry url="#meshId2">
					<bind_material>
						<technique_common>
							<instance_material symbol="defaultMaterial" target="#BlackGlass1_1001" />
						</technique_common>
					</bind_material>
				</instance_geometry>
			</node>
		</visual_scene>
	</library_visual_scenes>
	<scene>
		<instance_visual_scene url="#RootNode" />
	</scene>
</COLLADA>
